series,Store,Dept,model_used,week_ahead,forecast_date,forecast_value,forecast_low,forecast_high
S01_D01,1,1,holt_winters,1,2023-12-31,24075.38,20965.0,27185.75
S01_D01,1,1,holt_winters,2,2024-01-07,24198.59,21088.21,27308.97
S01_D01,1,1,holt_winters,3,2024-01-14,24310.64,21200.26,27421.02
S01_D01,1,1,holt_winters,4,2024-01-21,24194.19,21083.82,27304.57
S01_D01,1,1,holt_winters,5,2024-01-28,26551.34,23440.96,29661.72
S01_D01,1,1,holt_winters,6,2024-02-04,31568.58,28458.2,34678.96
S01_D01,1,1,holt_winters,7,2024-02-11,26722.43,23612.05,29832.81
S01_D01,1,1,holt_winters,8,2024-02-18,23082.79,19972.41,26193.16
S01_D02,1,2,global_gbm,1,2023-12-31,74223.37,48255.95,74223.37
S01_D02,1,2,global_gbm,2,2024-01-07,47340.49,41172.22,51320.86
S01_D02,1,2,global_gbm,3,2024-01-14,45774.14,41298.4,47715.58
S01_D02,1,2,global_gbm,4,2024-01-21,44374.97,42463.43,48200.25
S01_D02,1,2,global_gbm,5,2024-01-28,45282.61,40059.24,46955.66
S01_D02,1,2,global_gbm,6,2024-02-04,65243.06,58079.86,69774.11
S01_D02,1,2,global_gbm,7,2024-02-11,66325.19,55670.95,67828.54
S01_D02,1,2,global_gbm,8,2024-02-18,50941.77,39773.47,58084.02
S01_D03,1,3,seasonal_naive,1,2023-12-31,49016.35,31462.33,66570.37
S01_D03,1,3,seasonal_naive,2,2024-01-07,46116.42,28562.4,63670.44
S01_D03,1,3,seasonal_naive,3,2024-01-14,46031.94,28477.92,63585.96
S01_D03,1,3,seasonal_naive,4,2024-01-21,49004.93,31450.91,66558.95
S01_D03,1,3,seasonal_naive,5,2024-01-28,49021.06,31467.04,66575.08
S01_D03,1,3,seasonal_naive,6,2024-02-04,58323.73,40769.71,75877.75
S01_D03,1,3,seasonal_naive,7,2024-02-11,240361.07,222807.05,257915.09
S01_D03,1,3,seasonal_naive,8,2024-02-18,44629.63,27075.61,62183.65
S01_D04,1,4,seasonal_naive,1,2023-12-31,13423.12,12272.39,14573.85
S01_D04,1,4,seasonal_naive,2,2024-01-07,14751.08,13600.35,15901.81
S01_D04,1,4,seasonal_naive,3,2024-01-14,14288.43,13137.7,15439.16
S01_D04,1,4,seasonal_naive,4,2024-01-21,14191.66,13040.93,15342.39
S01_D04,1,4,seasonal_naive,5,2024-01-28,13152.28,12001.55,14303.01
S01_D04,1,4,seasonal_naive,6,2024-02-04,14832.75,13682.02,15983.48
S01_D04,1,4,seasonal_naive,7,2024-02-11,14506.53,13355.8,15657.26
S01_D04,1,4,seasonal_naive,8,2024-02-18,13542.34,12391.61,14693.07
S01_D05,1,5,seasonal_naive,1,2023-12-31,39425.92,35812.73,43039.11
S01_D05,1,5,seasonal_naive,2,2024-01-07,37365.63,33752.44,40978.82
S01_D05,1,5,seasonal_naive,3,2024-01-14,37645.58,34032.39,41258.77
S01_D05,1,5,seasonal_naive,4,2024-01-21,37022.31,33409.12,40635.5
S01_D05,1,5,seasonal_naive,5,2024-01-28,31918.65,28305.46,35531.84
S01_D05,1,5,seasonal_naive,6,2024-02-04,33870.75,30257.56,37483.94
S01_D05,1,5,seasonal_naive,7,2024-02-11,34835.98,31222.79,38449.17
S01_D05,1,5,seasonal_naive,8,2024-02-18,29922.22,26309.03,33535.41
S01_D06,1,6,global_gbm,1,2023-12-31,69448.74,43920.24,69448.74
S01_D06,1,6,global_gbm,2,2024-01-07,47015.26,39431.34,51418.79
S01_D06,1,6,global_gbm,3,2024-01-14,46057.38,42619.05,48614.39
S01_D06,1,6,global_gbm,4,2024-01-21,46696.65,43319.58,49629.04
S01_D06,1,6,global_gbm,5,2024-01-28,45344.12,42895.17,48515.76
S01_D06,1,6,global_gbm,6,2024-02-04,62338.2,55352.08,66496.76
S01_D06,1,6,global_gbm,7,2024-02-11,63942.3,56009.97,66491.27
S01_D06,1,6,global_gbm,8,2024-02-18,50338.0,44707.56,58155.81
S01_D07,1,7,global_gbm,1,2023-12-31,60129.19,47891.82,60129.19
S01_D07,1,7,global_gbm,2,2024-01-07,52238.87,45880.35,56298.66
S01_D07,1,7,global_gbm,3,2024-01-14,52751.01,48077.68,56698.26
S01_D07,1,7,global_gbm,4,2024-01-21,54248.01,48483.81,56414.05
S01_D07,1,7,global_gbm,5,2024-01-28,53593.28,47059.0,55817.47
S01_D07,1,7,global_gbm,6,2024-02-04,62683.82,55784.8,67440.4
S01_D07,1,7,global_gbm,7,2024-02-11,65651.5,58760.46,68987.91
S01_D07,1,7,global_gbm,8,2024-02-18,57355.64,50070.33,60272.24
S01_D08,1,8,seasonal_naive,1,2023-12-31,9847.12,8819.16,10875.08
S01_D08,1,8,seasonal_naive,2,2024-01-07,11343.26,10315.3,12371.22
S01_D08,1,8,seasonal_naive,3,2024-01-14,10727.67,9699.71,11755.63
S01_D08,1,8,seasonal_naive,4,2024-01-21,11105.07,10077.11,12133.03
S01_D08,1,8,seasonal_naive,5,2024-01-28,10653.81,9625.85,11681.77
S01_D08,1,8,seasonal_naive,6,2024-02-04,10921.31,9893.35,11949.27
S01_D08,1,8,seasonal_naive,7,2024-02-11,12014.08,10986.12,13042.04
S01_D08,1,8,seasonal_naive,8,2024-02-18,9747.04,8719.08,10775.0
S01_D09,1,9,global_gbm,1,2023-12-31,35481.51,34130.74,46700.42
S01_D09,1,9,global_gbm,2,2024-01-07,33334.52,30449.93,34979.67
S01_D09,1,9,global_gbm,3,2024-01-14,33362.51,30465.99,35300.29
S01_D09,1,9,global_gbm,4,2024-01-21,34385.86,31396.91,36701.14
S01_D09,1,9,global_gbm,5,2024-01-28,35657.88,32935.35,40065.9
S01_D09,1,9,global_gbm,6,2024-02-04,41512.23,37842.22,44941.38
S01_D09,1,9,global_gbm,7,2024-02-11,42920.25,41997.93,47177.9
S01_D09,1,9,global_gbm,8,2024-02-18,37928.07,34362.53,41148.26
S01_D10,1,10,holt_winters,1,2023-12-31,9898.83,8458.57,11339.1
S01_D10,1,10,holt_winters,2,2024-01-07,10119.89,8679.63,11560.16
S01_D10,1,10,holt_winters,3,2024-01-14,10024.13,8583.87,11464.4
S01_D10,1,10,holt_winters,4,2024-01-21,16632.1,15191.83,18072.36
S01_D10,1,10,holt_winters,5,2024-01-28,10994.44,9554.17,12434.71
S01_D10,1,10,holt_winters,6,2024-02-04,13967.35,12527.08,15407.61
S01_D10,1,10,holt_winters,7,2024-02-11,11673.25,10232.98,13113.52
S01_D10,1,10,holt_winters,8,2024-02-18,10644.65,9204.38,12084.91
S01_D11,1,11,global_gbm,1,2023-12-31,63506.76,39665.95,63506.76
S01_D11,1,11,global_gbm,2,2024-01-07,39787.96,34139.2,46181.11
S01_D11,1,11,global_gbm,3,2024-01-14,38191.74,34296.71,40126.22
S01_D11,1,11,global_gbm,4,2024-01-21,40374.29,35512.81,41820.03
S01_D11,1,11,global_gbm,5,2024-01-28,39463.79,36274.6,42364.29
S01_D11,1,11,global_gbm,6,2024-02-04,51255.08,47467.22,56979.86
S01_D11,1,11,global_gbm,7,2024-02-11,54976.54,51149.16,59480.25
S01_D11,1,11,global_gbm,8,2024-02-18,42468.66,36909.82,50518.2
S01_D12,1,12,seasonal_naive,1,2023-12-31,14758.84,10461.36,19056.32
S01_D12,1,12,seasonal_naive,2,2024-01-07,15541.69,11244.21,19839.17
S01_D12,1,12,seasonal_naive,3,2024-01-14,14955.5,10658.02,19252.98
S01_D12,1,12,seasonal_naive,4,2024-01-21,16045.95,11748.47,20343.43
S01_D12,1,12,seasonal_naive,5,2024-01-28,15297.73,11000.25,19595.21
S01_D12,1,12,seasonal_naive,6,2024-02-04,17954.14,13656.66,22251.62
S01_D12,1,12,seasonal_naive,7,2024-02-11,18748.06,14450.58,23045.54
S01_D12,1,12,seasonal_naive,8,2024-02-18,16739.61,12442.13,21037.09
S02_D01,2,1,seasonal_naive,1,2023-12-31,52726.85,48752.09,56701.61
S02_D01,2,1,seasonal_naive,2,2024-01-07,49781.61,45806.85,53756.37
S02_D01,2,1,seasonal_naive,3,2024-01-14,48549.28,44574.52,52524.04
S02_D01,2,1,seasonal_naive,4,2024-01-21,44602.59,40627.83,48577.35
S02_D01,2,1,seasonal_naive,5,2024-01-28,40586.72,36611.96,44561.48
S02_D01,2,1,seasonal_naive,6,2024-02-04,54706.38,50731.62,58681.14
S02_D01,2,1,seasonal_naive,7,2024-02-11,52202.28,48227.52,56177.04
S02_D01,2,1,seasonal_naive,8,2024-02-18,39946.24,35971.48,43921.0
S02_D02,2,2,global_gbm,1,2023-12-31,131456.04,89395.66,131456.04
S02_D02,2,2,global_gbm,2,2024-01-07,86873.51,74841.7,94001.32
S02_D02,2,2,global_gbm,3,2024-01-14,80185.87,76684.17,91564.83
S02_D02,2,2,global_gbm,4,2024-01-21,77886.5,76331.74,92135.45
S02_D02,2,2,global_gbm,5,2024-01-28,75148.05,70464.55,86833.03
S02_D02,2,2,global_gbm,6,2024-02-04,113656.72,105166.66,122812.08
S02_D02,2,2,global_gbm,7,2024-02-11,124749.26,114231.54,149204.17
S02_D02,2,2,global_gbm,8,2024-02-18,90004.6,76823.84,95382.75
S02_D03,2,3,seasonal_naive,1,2023-12-31,93520.79,66419.64,120621.94
S02_D03,2,3,seasonal_naive,2,2024-01-07,89402.09,62300.94,116503.24
S02_D03,2,3,seasonal_naive,3,2024-01-14,86590.59,59489.44,113691.74
S02_D03,2,3,seasonal_naive,4,2024-01-21,82440.75,55339.6,109541.9
S02_D03,2,3,seasonal_naive,5,2024-01-28,79536.46,52435.31,106637.61
S02_D03,2,3,seasonal_naive,6,2024-02-04,105416.4,78315.25,132517.55
S02_D03,2,3,seasonal_naive,7,2024-02-11,111546.57,84445.42,138647.72
S02_D03,2,3,seasonal_naive,8,2024-02-18,80299.95,53198.8,107401.1
S02_D04,2,4,seasonal_naive,1,2023-12-31,23254.24,21144.75,25363.73
S02_D04,2,4,seasonal_naive,2,2024-01-07,22607.82,20498.33,24717.31
S02_D04,2,4,seasonal_naive,3,2024-01-14,26443.51,24334.02,28553.0
S02_D04,2,4,seasonal_naive,4,2024-01-21,24362.41,22252.92,26471.9
S02_D04,2,4,seasonal_naive,5,2024-01-28,25363.26,23253.77,27472.75
S02_D04,2,4,seasonal_naive,6,2024-02-04,24772.8,22663.31,26882.29
S02_D04,2,4,seasonal_naive,7,2024-02-11,23266.04,21156.55,25375.53
S02_D04,2,4,seasonal_naive,8,2024-02-18,22966.02,20856.53,25075.51
S02_D05,2,5,seasonal_naive,1,2023-12-31,50069.93,45690.26,54449.6
S02_D05,2,5,seasonal_naive,2,2024-01-07,54138.19,49758.52,58517.86
S02_D05,2,5,seasonal_naive,3,2024-01-14,48347.09,43967.42,52726.76
S02_D05,2,5,seasonal_naive,4,2024-01-21,55949.81,51570.14,60329.48
S02_D05,2,5,seasonal_naive,5,2024-01-28,51966.12,47586.45,56345.79
S02_D05,2,5,seasonal_naive,6,2024-02-04,67200.16,62820.49,71579.83
S02_D05,2,5,seasonal_naive,7,2024-02-11,68372.23,63992.56,72751.9
S02_D05,2,5,seasonal_naive,8,2024-02-18,52143.35,47763.68,56523.02
S02_D06,2,6,seasonal_naive,1,2023-12-31,77752.66,69461.07,86044.25
S02_D06,2,6,seasonal_naive,2,2024-01-07,70061.38,61769.79,78352.97
S02_D06,2,6,seasonal_naive,3,2024-01-14,74478.08,66186.49,82769.67
S02_D06,2,6,seasonal_naive,4,2024-01-21,69688.66,61397.07,77980.25
S02_D06,2,6,seasonal_naive,5,2024-01-28,77615.79,69324.2,85907.38
S02_D06,2,6,seasonal_naive,6,2024-02-04,102979.0,94687.41,111270.59
S02_D06,2,6,seasonal_naive,7,2024-02-11,89284.61,80993.02,97576.2
S02_D06,2,6,seasonal_naive,8,2024-02-18,82729.39,74437.8,91020.98
S02_D07,2,7,seasonal_naive,1,2023-12-31,84383.59,78042.65,90724.53
S02_D07,2,7,seasonal_naive,2,2024-01-07,87661.0,81320.06,94001.94
S02_D07,2,7,seasonal_naive,3,2024-01-14,89540.88,83199.94,95881.82
S02_D07,2,7,seasonal_naive,4,2024-01-21,82069.32,75728.38,88410.26
S02_D07,2,7,seasonal_naive,5,2024-01-28,85053.72,78712.78,91394.66
S02_D07,2,7,seasonal_naive,6,2024-02-04,94923.03,88582.09,101263.97
S02_D07,2,7,seasonal_naive,7,2024-02-11,91452.69,85111.75,97793.63
S02_D07,2,7,seasonal_naive,8,2024-02-18,84640.81,78299.87,90981.75
S02_D08,2,8,seasonal_naive,1,2023-12-31,17565.28,16006.66,19123.9
S02_D08,2,8,seasonal_naive,2,2024-01-07,19362.69,17804.07,20921.31
S02_D08,2,8,seasonal_naive,3,2024-01-14,18419.07,16860.45,19977.69
S02_D08,2,8,seasonal_naive,4,2024-01-21,20209.93,18651.31,21768.55
S02_D08,2,8,seasonal_naive,5,2024-01-28,17898.54,16339.92,19457.16
S02_D08,2,8,seasonal_naive,6,2024-02-04,20771.28,19212.66,22329.9
S02_D08,2,8,seasonal_naive,7,2024-02-11,19657.89,18099.27,21216.51
S02_D08,2,8,seasonal_naive,8,2024-02-18,16896.55,15337.93,18455.17
S02_D09,2,9,seasonal_naive,1,2023-12-31,60875.9,55190.97,66560.83
S02_D09,2,9,seasonal_naive,2,2024-01-07,55268.86,49583.93,60953.79
S02_D09,2,9,seasonal_naive,3,2024-01-14,57757.1,52072.17,63442.03
S02_D09,2,9,seasonal_naive,4,2024-01-21,61092.69,55407.76,66777.62
S02_D09,2,9,seasonal_naive,5,2024-01-28,51065.48,45380.55,56750.41
S02_D09,2,9,seasonal_naive,6,2024-02-04,57810.29,52125.36,63495.22
S02_D09,2,9,seasonal_naive,7,2024-02-11,54548.57,48863.64,60233.5
S02_D09,2,9,seasonal_naive,8,2024-02-18,51007.62,45322.69,56692.55
S02_D10,2,10,seasonal_naive,1,2023-12-31,16165.99,13839.92,18492.06
S02_D10,2,10,seasonal_naive,2,2024-01-07,16627.59,14301.52,18953.66
S02_D10,2,10,seasonal_naive,3,2024-01-14,17780.84,15454.77,20106.91
S02_D10,2,10,seasonal_naive,4,2024-01-21,16943.73,14617.66,19269.8
S02_D10,2,10,seasonal_naive,5,2024-01-28,17556.16,15230.09,19882.23
S02_D10,2,10,seasonal_naive,6,2024-02-04,22864.54,20538.47,25190.61
S02_D10,2,10,seasonal_naive,7,2024-02-11,22056.1,19730.03,24382.17
S02_D10,2,10,seasonal_naive,8,2024-02-18,16443.26,14117.19,18769.33
S02_D11,2,11,global_gbm,1,2023-12-31,86415.56,60274.09,88947.8
S02_D11,2,11,global_gbm,2,2024-01-07,67005.06,61393.86,74331.72
S02_D11,2,11,global_gbm,3,2024-01-14,69085.01,63769.23,72669.46
S02_D11,2,11,global_gbm,4,2024-01-21,69754.6,66320.84,77813.04
S02_D11,2,11,global_gbm,5,2024-01-28,64953.57,57990.0,70652.48
S02_D11,2,11,global_gbm,6,2024-02-04,89148.62,75208.12,94392.64
S02_D11,2,11,global_gbm,7,2024-02-11,92541.35,80291.3,103165.38
S02_D11,2,11,global_gbm,8,2024-02-18,77736.95,69725.44,85736.73
S02_D12,2,12,seasonal_naive,1,2023-12-31,26655.25,23892.57,29417.93
S02_D12,2,12,seasonal_naive,2,2024-01-07,26458.79,23696.11,29221.47
S02_D12,2,12,seasonal_naive,3,2024-01-14,23306.97,20544.29,26069.65
S02_D12,2,12,seasonal_naive,4,2024-01-21,27484.72,24722.04,30247.4
S02_D12,2,12,seasonal_naive,5,2024-01-28,25320.65,22557.97,28083.33
S02_D12,2,12,seasonal_naive,6,2024-02-04,32392.51,29629.83,35155.19
S02_D12,2,12,seasonal_naive,7,2024-02-11,32442.73,29680.05,35205.41
S02_D12,2,12,seasonal_naive,8,2024-02-18,26340.13,23577.45,29102.81
S03_D01,3,1,global_gbm,1,2023-12-31,53988.34,38210.14,61200.52
S03_D01,3,1,global_gbm,2,2024-01-07,36209.92,31551.78,44250.34
S03_D01,3,1,global_gbm,3,2024-01-14,35764.32,32841.17,37328.91
S03_D01,3,1,global_gbm,4,2024-01-21,35938.86,33491.57,37849.16
S03_D01,3,1,global_gbm,5,2024-01-28,35316.21,34288.69,38179.03
S03_D01,3,1,global_gbm,6,2024-02-04,43557.5,41880.93,48008.46
S03_D01,3,1,global_gbm,7,2024-02-11,46982.97,45005.33,53112.69
S03_D01,3,1,global_gbm,8,2024-02-18,38384.51,34638.11,44769.73
S03_D02,3,2,global_gbm,1,2023-12-31,91165.85,68205.86,100846.27
S03_D02,3,2,global_gbm,2,2024-01-07,67924.68,59759.28,67924.68
S03_D02,3,2,global_gbm,3,2024-01-14,63918.12,58696.73,66820.96
S03_D02,3,2,global_gbm,4,2024-01-21,64962.23,58714.05,66678.77
S03_D02,3,2,global_gbm,5,2024-01-28,64074.13,60400.68,67484.47
S03_D02,3,2,global_gbm,6,2024-02-04,87615.11,78535.28,98171.41
S03_D02,3,2,global_gbm,7,2024-02-11,89025.57,70087.3,94926.15
S03_D02,3,2,global_gbm,8,2024-02-18,68311.02,61140.28,73537.76
S03_D03,3,3,global_gbm,1,2023-12-31,108370.89,81342.66,112791.9
S03_D03,3,3,global_gbm,2,2024-01-07,77612.54,64385.02,77612.54
S03_D03,3,3,global_gbm,3,2024-01-14,77804.09,66942.26,77804.09
S03_D03,3,3,global_gbm,4,2024-01-21,75405.45,65870.81,75405.45
S03_D03,3,3,global_gbm,5,2024-01-28,69437.99,64093.89,75215.57
S03_D03,3,3,global_gbm,6,2024-02-04,100339.43,81621.76,109408.14
S03_D03,3,3,global_gbm,7,2024-02-11,100981.62,84949.03,110834.36
S03_D03,3,3,global_gbm,8,2024-02-18,77736.14,67303.15,79176.12
S03_D04,3,4,global_gbm,1,2023-12-31,20001.53,19101.16,23580.19
S03_D04,3,4,global_gbm,2,2024-01-07,18966.75,17925.72,21155.5
S03_D04,3,4,global_gbm,3,2024-01-14,19067.93,17945.94,20755.95
S03_D04,3,4,global_gbm,4,2024-01-21,18078.03,17288.87,20429.18
S03_D04,3,4,global_gbm,5,2024-01-28,18386.26,17319.95,20038.44
S03_D04,3,4,global_gbm,6,2024-02-04,19934.32,18512.15,21657.78
S03_D04,3,4,global_gbm,7,2024-02-11,19256.59,18247.39,21658.72
S03_D04,3,4,global_gbm,8,2024-02-18,18788.4,17143.8,20658.43
S03_D05,3,5,global_gbm,1,2023-12-31,64782.69,44511.7,64793.77
S03_D05,3,5,global_gbm,2,2024-01-07,50405.95,41452.13,53075.76
S03_D05,3,5,global_gbm,3,2024-01-14,48415.71,42900.94,50096.09
S03_D05,3,5,global_gbm,4,2024-01-21,49336.96,43441.74,50604.28
S03_D05,3,5,global_gbm,5,2024-01-28,47800.24,41932.69,51136.56
S03_D05,3,5,global_gbm,6,2024-02-04,56885.99,50079.66,60506.85
S03_D05,3,5,global_gbm,7,2024-02-11,56744.41,50132.66,62895.87
S03_D05,3,5,global_gbm,8,2024-02-18,49906.2,44081.43,56323.9
S03_D06,3,6,global_gbm,1,2023-12-31,82312.44,63392.96,95022.91
S03_D06,3,6,global_gbm,2,2024-01-07,66361.13,60161.71,66361.13
S03_D06,3,6,global_gbm,3,2024-01-14,65887.12,62270.93,67675.68
S03_D06,3,6,global_gbm,4,2024-01-21,63984.64,61076.81,68425.14
S03_D06,3,6,global_gbm,5,2024-01-28,68571.13,60703.48,68571.13
S03_D06,3,6,global_gbm,6,2024-02-04,78132.51,69296.39,83797.57
S03_D06,3,6,global_gbm,7,2024-02-11,84843.9,75233.76,94385.07
S03_D06,3,6,global_gbm,8,2024-02-18,71932.86,60711.65,73842.0
S03_D07,3,7,global_gbm,1,2023-12-31,86673.47,71977.23,91521.58
S03_D07,3,7,global_gbm,2,2024-01-07,79418.5,67862.52,79418.5
S03_D07,3,7,global_gbm,3,2024-01-14,75774.27,68020.3,77797.08
S03_D07,3,7,global_gbm,4,2024-01-21,71341.66,66634.1,72164.54
S03_D07,3,7,global_gbm,5,2024-01-28,67809.85,63618.69,69979.71
S03_D07,3,7,global_gbm,6,2024-02-04,75882.8,68912.98,80622.54
S03_D07,3,7,global_gbm,7,2024-02-11,77578.27,71642.64,83453.48
S03_D07,3,7,global_gbm,8,2024-02-18,71920.37,63301.7,76019.08
S03_D08,3,8,seasonal_naive,1,2023-12-31,14922.39,13338.49,16506.29
S03_D08,3,8,seasonal_naive,2,2024-01-07,14247.87,12663.97,15831.77
S03_D08,3,8,seasonal_naive,3,2024-01-14,15710.73,14126.83,17294.63
S03_D08,3,8,seasonal_naive,4,2024-01-21,14911.78,13327.88,16495.68
S03_D08,3,8,seasonal_naive,5,2024-01-28,15202.85,13618.95,16786.75
S03_D08,3,8,seasonal_naive,6,2024-02-04,19009.57,17425.67,20593.47
S03_D08,3,8,seasonal_naive,7,2024-02-11,18067.08,16483.18,19650.98
S03_D08,3,8,seasonal_naive,8,2024-02-18,14310.66,12726.76,15894.56
S03_D09,3,9,seasonal_naive,1,2023-12-31,40501.04,36362.88,44639.2
S03_D09,3,9,seasonal_naive,2,2024-01-07,46871.89,42733.73,51010.05
S03_D09,3,9,seasonal_naive,3,2024-01-14,40525.56,36387.4,44663.72
S03_D09,3,9,seasonal_naive,4,2024-01-21,43449.34,39311.18,47587.5
S03_D09,3,9,seasonal_naive,5,2024-01-28,44116.84,39978.68,48255.0
S03_D09,3,9,seasonal_naive,6,2024-02-04,45095.34,40957.18,49233.5
S03_D09,3,9,seasonal_naive,7,2024-02-11,46626.66,42488.5,50764.82
S03_D09,3,9,seasonal_naive,8,2024-02-18,38782.37,34644.21,42920.53
S03_D10,3,10,global_gbm,1,2023-12-31,22808.15,18037.87,27011.31
S03_D10,3,10,global_gbm,2,2024-01-07,17803.85,14139.37,21229.74
S03_D10,3,10,global_gbm,3,2024-01-14,16210.39,14858.01,17662.81
S03_D10,3,10,global_gbm,4,2024-01-21,16838.5,15744.72,17731.97
S03_D10,3,10,global_gbm,5,2024-01-28,16446.11,15308.97,18156.01
S03_D10,3,10,global_gbm,6,2024-02-04,20398.19,18763.74,20918.23
S03_D10,3,10,global_gbm,7,2024-02-11,20803.37,19286.38,21299.83
S03_D10,3,10,global_gbm,8,2024-02-18,18014.16,15770.33,20358.81
S03_D11,3,11,global_gbm,1,2023-12-31,77144.63,52706.27,77144.63
S03_D11,3,11,global_gbm,2,2024-01-07,52147.29,46441.68,57104.53
S03_D11,3,11,global_gbm,3,2024-01-14,51185.8,48305.75,55622.99
S03_D11,3,11,global_gbm,4,2024-01-21,51608.27,45496.19,52413.72
S03_D11,3,11,global_gbm,5,2024-01-28,50472.51,49634.27,55793.31
S03_D11,3,11,global_gbm,6,2024-02-04,74957.17,63405.45,79402.8
S03_D11,3,11,global_gbm,7,2024-02-11,75427.29,70164.35,84845.04
S03_D11,3,11,global_gbm,8,2024-02-18,59489.68,50448.43,66261.96
S03_D12,3,12,seasonal_naive,1,2023-12-31,20228.41,17989.65,22467.17
S03_D12,3,12,seasonal_naive,2,2024-01-07,17876.22,15637.46,20114.98
S03_D12,3,12,seasonal_naive,3,2024-01-14,19786.29,17547.53,22025.05
S03_D12,3,12,seasonal_naive,4,2024-01-21,24360.94,22122.18,26599.7
S03_D12,3,12,seasonal_naive,5,2024-01-28,21848.57,19609.81,24087.33
S03_D12,3,12,seasonal_naive,6,2024-02-04,31083.67,28844.91,33322.43
S03_D12,3,12,seasonal_naive,7,2024-02-11,31519.7,29280.94,33758.46
S03_D12,3,12,seasonal_naive,8,2024-02-18,22140.27,19901.51,24379.03
S04_D01,4,1,seasonal_naive,1,2023-12-31,36093.92,31895.05,40292.79
S04_D01,4,1,seasonal_naive,2,2024-01-07,36610.41,32411.54,40809.28
S04_D01,4,1,seasonal_naive,3,2024-01-14,37605.65,33406.78,41804.52
S04_D01,4,1,seasonal_naive,4,2024-01-21,35805.8,31606.93,40004.67
S04_D01,4,1,seasonal_naive,5,2024-01-28,34533.19,30334.32,38732.06
S04_D01,4,1,seasonal_naive,6,2024-02-04,47519.56,43320.69,51718.43
S04_D01,4,1,seasonal_naive,7,2024-02-11,46426.68,42227.81,50625.55
S04_D01,4,1,seasonal_naive,8,2024-02-18,35180.78,30981.91,39379.65
S04_D02,4,2,global_gbm,1,2023-12-31,90214.17,71772.14,105853.56
S04_D02,4,2,global_gbm,2,2024-01-07,67359.06,61438.13,71291.93
S04_D02,4,2,global_gbm,3,2024-01-14,64232.57,61148.84,70289.18
S04_D02,4,2,global_gbm,4,2024-01-21,66993.88,63192.52,72724.33
S04_D02,4,2,global_gbm,5,2024-01-28,64637.14,59980.14,71573.85
S04_D02,4,2,global_gbm,6,2024-02-04,92274.03,82245.04,103738.02
S04_D02,4,2,global_gbm,7,2024-02-11,102066.69,92405.9,113859.7
S04_D02,4,2,global_gbm,8,2024-02-18,75226.22,66261.71,81751.17
S04_D03,4,3,global_gbm,1,2023-12-31,114889.45,78979.18,115940.6
S04_D03,4,3,global_gbm,2,2024-01-07,88221.91,75145.19,90671.03
S04_D03,4,3,global_gbm,3,2024-01-14,83527.64,79216.03,92424.29
S04_D03,4,3,global_gbm,4,2024-01-21,87605.17,75718.39,87605.17
S04_D03,4,3,global_gbm,5,2024-01-28,81774.19,71722.0,87367.46
S04_D03,4,3,global_gbm,6,2024-02-04,110907.59,95044.5,120717.83
S04_D03,4,3,global_gbm,7,2024-02-11,120186.36,97364.23,131743.81
S04_D03,4,3,global_gbm,8,2024-02-18,95900.0,79862.51,95900.0
S04_D04,4,4,seasonal_naive,1,2023-12-31,20760.42,14251.53,27269.31
S04_D04,4,4,seasonal_naive,2,2024-01-07,21371.93,14863.04,27880.82
S04_D04,4,4,seasonal_naive,3,2024-01-14,19033.15,12524.26,25542.04
S04_D04,4,4,seasonal_naive,4,2024-01-21,20487.59,13978.7,26996.48
S04_D04,4,4,seasonal_naive,5,2024-01-28,21001.14,14492.25,27510.03
S04_D04,4,4,seasonal_naive,6,2024-02-04,20250.11,13741.22,26759.0
S04_D04,4,4,seasonal_naive,7,2024-02-11,20501.6,13992.71,27010.49
S04_D04,4,4,seasonal_naive,8,2024-02-18,20740.18,14231.29,27249.07
S04_D05,4,5,seasonal_naive,1,2023-12-31,46561.01,41812.95,51309.07
S04_D05,4,5,seasonal_naive,2,2024-01-07,49730.97,44982.91,54479.03
S04_D05,4,5,seasonal_naive,3,2024-01-14,44342.9,39594.84,49090.96
S04_D05,4,5,seasonal_naive,4,2024-01-21,44396.65,39648.59,49144.71
S04_D05,4,5,seasonal_naive,5,2024-01-28,45486.69,40738.63,50234.75
S04_D05,4,5,seasonal_naive,6,2024-02-04,59104.77,54356.71,63852.83
S04_D05,4,5,seasonal_naive,7,2024-02-11,55765.02,51016.96,60513.08
S04_D05,4,5,seasonal_naive,8,2024-02-18,52524.85,47776.79,57272.91
S04_D06,4,6,global_gbm,1,2023-12-31,88121.09,72631.4,107542.14
S04_D06,4,6,global_gbm,2,2024-01-07,71279.38,62994.76,74958.34
S04_D06,4,6,global_gbm,3,2024-01-14,67416.75,64430.98,74568.35
S04_D06,4,6,global_gbm,4,2024-01-21,73387.48,68040.74,76295.12
S04_D06,4,6,global_gbm,5,2024-01-28,70002.6,66280.99,76194.21
S04_D06,4,6,global_gbm,6,2024-02-04,91770.5,83376.3,104700.83
S04_D06,4,6,global_gbm,7,2024-02-11,97192.74,85583.4,109907.47
S04_D06,4,6,global_gbm,8,2024-02-18,73436.09,67089.1,81884.75
S04_D07,4,7,global_gbm,1,2023-12-31,98702.75,96991.96,112587.29
S04_D07,4,7,global_gbm,2,2024-01-07,81600.83,81600.83,95681.91
S04_D07,4,7,global_gbm,3,2024-01-14,77043.15,77043.15,95953.77
S04_D07,4,7,global_gbm,4,2024-01-21,77942.36,76622.43,88618.5
S04_D07,4,7,global_gbm,5,2024-01-28,75850.42,71963.84,80705.12
S04_D07,4,7,global_gbm,6,2024-02-04,85648.44,79871.63,94670.28
S04_D07,4,7,global_gbm,7,2024-02-11,87802.01,77583.19,96704.26
S04_D07,4,7,global_gbm,8,2024-02-18,79646.75,74531.83,91081.85
S04_D08,4,8,seasonal_naive,1,2023-12-31,15636.43,13890.8,17382.06
S04_D08,4,8,seasonal_naive,2,2024-01-07,15007.81,13262.18,16753.44
S04_D08,4,8,seasonal_naive,3,2024-01-14,15608.1,13862.47,17353.73
S04_D08,4,8,seasonal_naive,4,2024-01-21,17825.66,16080.03,19571.29
S04_D08,4,8,seasonal_naive,5,2024-01-28,16643.0,14897.37,18388.63
S04_D08,4,8,seasonal_naive,6,2024-02-04,19455.47,17709.84,21201.1
S04_D08,4,8,seasonal_naive,7,2024-02-11,17359.26,15613.63,19104.89
S04_D08,4,8,seasonal_naive,8,2024-02-18,16296.39,14550.76,18042.02
S04_D09,4,9,global_gbm,1,2023-12-31,61152.02,50856.28,61335.55
S04_D09,4,9,global_gbm,2,2024-01-07,51402.99,41828.52,58691.87
S04_D09,4,9,global_gbm,3,2024-01-14,50705.91,46176.03,54478.84
S04_D09,4,9,global_gbm,4,2024-01-21,51428.96,47150.41,54405.02
S04_D09,4,9,global_gbm,5,2024-01-28,51694.89,44871.51,54445.21
S04_D09,4,9,global_gbm,6,2024-02-04,57627.85,51578.82,61960.91
S04_D09,4,9,global_gbm,7,2024-02-11,58268.89,52456.63,62820.57
S04_D09,4,9,global_gbm,8,2024-02-18,56902.14,51883.1,61110.36
S04_D10,4,10,seasonal_naive,1,2023-12-31,14855.2,12947.05,16763.35
S04_D10,4,10,seasonal_naive,2,2024-01-07,16307.14,14398.99,18215.29
S04_D10,4,10,seasonal_naive,3,2024-01-14,15161.56,13253.41,17069.71
S04_D10,4,10,seasonal_naive,4,2024-01-21,16152.73,14244.58,18060.88
S04_D10,4,10,seasonal_naive,5,2024-01-28,16169.69,14261.54,18077.84
S04_D10,4,10,seasonal_naive,6,2024-02-04,18949.2,17041.05,20857.35
S04_D10,4,10,seasonal_naive,7,2024-02-11,18736.36,16828.21,20644.51
S04_D10,4,10,seasonal_naive,8,2024-02-18,15461.56,13553.41,17369.71
S04_D11,4,11,global_gbm,1,2023-12-31,82566.37,62297.53,84253.35
S04_D11,4,11,global_gbm,2,2024-01-07,56326.25,50030.59,60523.69
S04_D11,4,11,global_gbm,3,2024-01-14,55263.13,52310.4,59542.04
S04_D11,4,11,global_gbm,4,2024-01-21,56733.38,51556.62,59862.46
S04_D11,4,11,global_gbm,5,2024-01-28,55109.16,51682.63,61412.18
S04_D11,4,11,global_gbm,6,2024-02-04,79641.04,70727.57,87338.84
S04_D11,4,11,global_gbm,7,2024-02-11,78407.86,74236.12,92427.26
S04_D11,4,11,global_gbm,8,2024-02-18,61756.41,51768.57,68140.23
S04_D12,4,12,seasonal_naive,1,2023-12-31,21724.71,19081.75,24367.67
S04_D12,4,12,seasonal_naive,2,2024-01-07,21790.85,19147.89,24433.81
S04_D12,4,12,seasonal_naive,3,2024-01-14,22162.76,19519.8,24805.72
S04_D12,4,12,seasonal_naive,4,2024-01-21,22302.6,19659.64,24945.56
S04_D12,4,12,seasonal_naive,5,2024-01-28,20874.65,18231.69,23517.61
S04_D12,4,12,seasonal_naive,6,2024-02-04,29679.42,27036.46,32322.38
S04_D12,4,12,seasonal_naive,7,2024-02-11,30900.19,28257.23,33543.15
S04_D12,4,12,seasonal_naive,8,2024-02-18,22977.85,20334.89,25620.81
S05_D01,5,1,seasonal_naive,1,2023-12-31,24307.16,16367.3,32247.02
S05_D01,5,1,seasonal_naive,2,2024-01-07,30002.04,22062.18,37941.9
S05_D01,5,1,seasonal_naive,3,2024-01-14,30506.99,22567.13,38446.85
S05_D01,5,1,seasonal_naive,4,2024-01-21,29110.18,21170.32,37050.04
S05_D01,5,1,seasonal_naive,5,2024-01-28,26879.35,18939.49,34819.21
S05_D01,5,1,seasonal_naive,6,2024-02-04,32338.07,24398.21,40277.93
S05_D01,5,1,seasonal_naive,7,2024-02-11,35045.48,27105.62,42985.34
S05_D01,5,1,seasonal_naive,8,2024-02-18,28418.06,20478.2,36357.92
S05_D02,5,2,global_gbm,1,2023-12-31,77907.12,54115.13,77907.12
S05_D02,5,2,global_gbm,2,2024-01-07,52543.61,46288.58,55112.82
S05_D02,5,2,global_gbm,3,2024-01-14,51348.14,46192.9,54529.75
S05_D02,5,2,global_gbm,4,2024-01-21,52653.43,47092.7,53906.12
S05_D02,5,2,global_gbm,5,2024-01-28,52384.35,46882.34,55535.77
S05_D02,5,2,global_gbm,6,2024-02-04,70938.01,61258.45,79869.27
S05_D02,5,2,global_gbm,7,2024-02-11,72756.54,63958.84,79185.0
S05_D02,5,2,global_gbm,8,2024-02-18,54647.68,48361.79,64001.72
S05_D03,5,3,global_gbm,1,2023-12-31,82307.7,56851.68,82307.7
S05_D03,5,3,global_gbm,2,2024-01-07,59336.55,51334.19,61518.36
S05_D03,5,3,global_gbm,3,2024-01-14,58662.38,51562.25,61683.38
S05_D03,5,3,global_gbm,4,2024-01-21,57484.41,53981.58,61877.23
S05_D03,5,3,global_gbm,5,2024-01-28,57560.48,52242.66,61972.0
S05_D03,5,3,global_gbm,6,2024-02-04,80924.54,71440.61,89220.82
S05_D03,5,3,global_gbm,7,2024-02-11,83348.16,74810.87,95051.05
S05_D03,5,3,global_gbm,8,2024-02-18,68013.47,53531.33,70572.64
S05_D04,5,4,global_gbm,1,2023-12-31,17073.75,16774.55,18188.24
S05_D04,5,4,global_gbm,2,2024-01-07,16298.51,15090.39,17656.64
S05_D04,5,4,global_gbm,3,2024-01-14,15685.86,14652.69,16770.52
S05_D04,5,4,global_gbm,4,2024-01-21,15695.43,15073.81,17094.02
S05_D04,5,4,global_gbm,5,2024-01-28,15392.56,14672.58,16772.92
S05_D04,5,4,global_gbm,6,2024-02-04,17549.52,14955.31,17936.06
S05_D04,5,4,global_gbm,7,2024-02-11,17878.56,15477.83,17934.16
S05_D04,5,4,global_gbm,8,2024-02-18,16847.32,15367.83,17711.03
S05_D05,5,5,global_gbm,1,2023-12-31,53624.75,40404.3,60196.91
S05_D05,5,5,global_gbm,2,2024-01-07,38074.29,34228.23,45222.64
S05_D05,5,5,global_gbm,3,2024-01-14,37914.41,35913.26,40954.67
S05_D05,5,5,global_gbm,4,2024-01-21,38464.78,35972.96,41463.05
S05_D05,5,5,global_gbm,5,2024-01-28,37530.57,35325.14,39905.72
S05_D05,5,5,global_gbm,6,2024-02-04,45896.83,43233.98,55005.26
S05_D05,5,5,global_gbm,7,2024-02-11,49683.65,45309.21,53949.84
S05_D05,5,5,global_gbm,8,2024-02-18,41405.03,35918.98,46339.93
S05_D06,5,6,global_gbm,1,2023-12-31,75537.26,55899.23,82021.15
S05_D06,5,6,global_gbm,2,2024-01-07,54604.3,48925.29,58666.81
S05_D06,5,6,global_gbm,3,2024-01-14,53553.94,46615.3,56500.94
S05_D06,5,6,global_gbm,4,2024-01-21,54443.2,49590.04,56619.58
S05_D06,5,6,global_gbm,5,2024-01-28,53158.36,49133.09,58179.26
S05_D06,5,6,global_gbm,6,2024-02-04,67621.0,60265.43,79198.24
S05_D06,5,6,global_gbm,7,2024-02-11,65095.18,58497.48,73886.49
S05_D06,5,6,global_gbm,8,2024-02-18,55360.54,51402.52,61630.94
S05_D07,5,7,global_gbm,1,2023-12-31,64596.1,53824.07,72252.1
S05_D07,5,7,global_gbm,2,2024-01-07,59579.64,53540.23,61638.61
S05_D07,5,7,global_gbm,3,2024-01-14,60698.02,55903.26,63432.78
S05_D07,5,7,global_gbm,4,2024-01-21,61659.74,55751.59,64145.62
S05_D07,5,7,global_gbm,5,2024-01-28,61868.4,56060.47,64524.14
S05_D07,5,7,global_gbm,6,2024-02-04,64919.31,59427.63,78402.49
S05_D07,5,7,global_gbm,7,2024-02-11,67553.74,59418.62,79245.79
S05_D07,5,7,global_gbm,8,2024-02-18,62155.87,52437.19,63170.47
S05_D08,5,8,holt_winters,1,2023-12-31,12497.49,8115.03,16879.95
S05_D08,5,8,holt_winters,2,2024-01-07,12132.7,7750.24,16515.16
S05_D08,5,8,holt_winters,3,2024-01-14,11922.44,7539.98,16304.9
S05_D08,5,8,holt_winters,4,2024-01-21,11885.35,7502.89,16267.82
S05_D08,5,8,holt_winters,5,2024-01-28,12557.86,8175.39,16940.32
S05_D08,5,8,holt_winters,6,2024-02-04,12443.87,8061.41,16826.33
S05_D08,5,8,holt_winters,7,2024-02-11,11963.09,7580.63,16345.55
S05_D08,5,8,holt_winters,8,2024-02-18,18148.78,13766.32,22531.24
S05_D09,5,9,global_gbm,1,2023-12-31,43395.71,36118.39,50843.74
S05_D09,5,9,global_gbm,2,2024-01-07,38336.3,33983.58,42047.49
S05_D09,5,9,global_gbm,3,2024-01-14,36224.05,33921.77,40251.06
S05_D09,5,9,global_gbm,4,2024-01-21,35817.86,34658.03,40711.79
S05_D09,5,9,global_gbm,5,2024-01-28,36429.17,33775.39,39636.39
S05_D09,5,9,global_gbm,6,2024-02-04,39706.05,37732.76,44581.81
S05_D09,5,9,global_gbm,7,2024-02-11,42675.34,41867.87,49408.82
S05_D09,5,9,global_gbm,8,2024-02-18,39357.85,34010.24,42392.1
S05_D10,5,10,seasonal_naive,1,2023-12-31,12357.9,11207.78,13508.02
S05_D10,5,10,seasonal_naive,2,2024-01-07,11637.78,10487.66,12787.9
S05_D10,5,10,seasonal_naive,3,2024-01-14,11030.98,9880.86,12181.1
S05_D10,5,10,seasonal_naive,4,2024-01-21,11383.27,10233.15,12533.39
S05_D10,5,10,seasonal_naive,5,2024-01-28,11605.11,10454.99,12755.23
S05_D10,5,10,seasonal_naive,6,2024-02-04,13914.23,12764.11,15064.35
S05_D10,5,10,seasonal_naive,7,2024-02-11,14235.84,13085.72,15385.96
S05_D10,5,10,seasonal_naive,8,2024-02-18,11410.73,10260.61,12560.85
S05_D11,5,11,global_gbm,1,2023-12-31,76102.05,51130.55,76102.05
S05_D11,5,11,global_gbm,2,2024-01-07,48074.03,38938.3,52786.37
S05_D11,5,11,global_gbm,3,2024-01-14,45902.03,42251.07,48880.1
S05_D11,5,11,global_gbm,4,2024-01-21,45739.91,42863.38,48395.14
S05_D11,5,11,global_gbm,5,2024-01-28,43472.83,41476.82,48482.93
S05_D11,5,11,global_gbm,6,2024-02-04,63788.95,52594.05,63788.95
S05_D11,5,11,global_gbm,7,2024-02-11,68216.02,57583.22,72745.05
S05_D11,5,11,global_gbm,8,2024-02-18,50389.14,41860.76,58378.38
S05_D12,5,12,global_gbm,1,2023-12-31,26446.92,22515.32,33364.78
S05_D12,5,12,global_gbm,2,2024-01-07,20839.5,16042.75,24033.35
S05_D12,5,12,global_gbm,3,2024-01-14,19399.21,16777.1,20434.76
S05_D12,5,12,global_gbm,4,2024-01-21,19747.0,18665.82,21642.52
S05_D12,5,12,global_gbm,5,2024-01-28,19773.81,17787.65,21292.71
S05_D12,5,12,global_gbm,6,2024-02-04,25092.7,23465.53,25881.41
S05_D12,5,12,global_gbm,7,2024-02-11,26805.59,23048.98,27638.04
S05_D12,5,12,global_gbm,8,2024-02-18,22381.16,18731.9,25397.24
S06_D01,6,1,global_gbm,1,2023-12-31,29056.08,29056.08,41644.29
S06_D01,6,1,global_gbm,2,2024-01-07,25471.08,21002.92,27892.9
S06_D01,6,1,global_gbm,3,2024-01-14,23692.13,22240.97,25663.42
S06_D01,6,1,global_gbm,4,2024-01-21,23941.16,22429.31,25565.4
S06_D01,6,1,global_gbm,5,2024-01-28,24115.15,22410.2,25697.18
S06_D01,6,1,global_gbm,6,2024-02-04,29489.54,29147.07,32002.19
S06_D01,6,1,global_gbm,7,2024-02-11,30731.45,29364.97,32702.29
S06_D01,6,1,global_gbm,8,2024-02-18,26569.46,23225.64,30139.55
S06_D02,6,2,seasonal_naive,1,2023-12-31,37762.36,27781.5,47743.22
S06_D02,6,2,seasonal_naive,2,2024-01-07,37558.41,27577.55,47539.27
S06_D02,6,2,seasonal_naive,3,2024-01-14,37736.46,27755.6,47717.32
S06_D02,6,2,seasonal_naive,4,2024-01-21,39644.96,29664.1,49625.82
S06_D02,6,2,seasonal_naive,5,2024-01-28,34696.95,24716.09,44677.81
S06_D02,6,2,seasonal_naive,6,2024-02-04,52609.85,42628.99,62590.71
S06_D02,6,2,seasonal_naive,7,2024-02-11,54753.13,44772.27,64733.99
S06_D02,6,2,seasonal_naive,8,2024-02-18,38588.77,28607.91,48569.63
S06_D03,6,3,global_gbm,1,2023-12-31,70442.52,48725.87,70442.52
S06_D03,6,3,global_gbm,2,2024-01-07,46893.88,43335.59,51549.51
S06_D03,6,3,global_gbm,3,2024-01-14,46932.92,42662.4,49135.8
S06_D03,6,3,global_gbm,4,2024-01-21,45779.66,42254.67,48661.18
S06_D03,6,3,global_gbm,5,2024-01-28,44274.74,42669.54,47580.82
S06_D03,6,3,global_gbm,6,2024-02-04,62063.35,56577.81,66068.95
S06_D03,6,3,global_gbm,7,2024-02-11,65520.69,57476.04,68941.56
S06_D03,6,3,global_gbm,8,2024-02-18,50156.53,43024.15,57715.38
S06_D04,6,4,global_gbm,1,2023-12-31,14192.1,13006.94,14192.1
S06_D04,6,4,global_gbm,2,2024-01-07,13295.97,11849.22,13745.06
S06_D04,6,4,global_gbm,3,2024-01-14,12561.64,10924.68,12785.64
S06_D04,6,4,global_gbm,4,2024-01-21,12603.23,11264.66,13344.25
S06_D04,6,4,global_gbm,5,2024-01-28,13136.68,11507.72,13965.92
S06_D04,6,4,global_gbm,6,2024-02-04,13896.3,12593.96,14149.31
S06_D04,6,4,global_gbm,7,2024-02-11,14469.5,12378.99,14469.5
S06_D04,6,4,global_gbm,8,2024-02-18,13163.03,11666.58,14214.09
S06_D05,6,5,global_gbm,1,2023-12-31,38222.93,34254.2,49947.73
S06_D05,6,5,global_gbm,2,2024-01-07,29905.67,27825.24,34347.15
S06_D05,6,5,global_gbm,3,2024-01-14,29665.74,28424.78,31287.7
S06_D05,6,5,global_gbm,4,2024-01-21,31100.16,29055.21,32379.89
S06_D05,6,5,global_gbm,5,2024-01-28,30317.12,28559.52,33057.58
S06_D05,6,5,global_gbm,6,2024-02-04,34143.73,32549.92,37359.27
S06_D05,6,5,global_gbm,7,2024-02-11,37023.11,33877.03,39123.23
S06_D05,6,5,global_gbm,8,2024-02-18,32288.12,28614.99,35700.55
S06_D06,6,6,seasonal_naive,1,2023-12-31,40700.13,34250.27,47149.99
S06_D06,6,6,seasonal_naive,2,2024-01-07,41177.19,34727.33,47627.05
S06_D06,6,6,seasonal_naive,3,2024-01-14,40064.97,33615.11,46514.83
S06_D06,6,6,seasonal_naive,4,2024-01-21,41699.45,35249.59,48149.31
S06_D06,6,6,seasonal_naive,5,2024-01-28,41674.63,35224.77,48124.49
S06_D06,6,6,seasonal_naive,6,2024-02-04,53531.04,47081.18,59980.9
S06_D06,6,6,seasonal_naive,7,2024-02-11,53590.45,47140.59,60040.31
S06_D06,6,6,seasonal_naive,8,2024-02-18,38062.26,31612.4,44512.12
S06_D07,6,7,global_gbm,1,2023-12-31,52329.15,46119.92,57433.23
S06_D07,6,7,global_gbm,2,2024-01-07,44915.6,41436.78,48905.88
S06_D07,6,7,global_gbm,3,2024-01-14,44538.51,42314.68,48633.51
S06_D07,6,7,global_gbm,4,2024-01-21,45851.04,41570.98,48245.22
S06_D07,6,7,global_gbm,5,2024-01-28,45819.93,42065.03,47982.09
S06_D07,6,7,global_gbm,6,2024-02-04,51709.62,43183.27,52075.09
S06_D07,6,7,global_gbm,7,2024-02-11,52473.97,46788.33,54818.62
S06_D07,6,7,global_gbm,8,2024-02-18,48277.7,43877.45,51988.74
S06_D08,6,8,seasonal_naive,1,2023-12-31,9820.57,8944.18,10696.96
S06_D08,6,8,seasonal_naive,2,2024-01-07,9643.06,8766.67,10519.45
S06_D08,6,8,seasonal_naive,3,2024-01-14,11149.17,10272.78,12025.56
S06_D08,6,8,seasonal_naive,4,2024-01-21,10189.73,9313.34,11066.12
S06_D08,6,8,seasonal_naive,5,2024-01-28,10347.2,9470.81,11223.59
S06_D08,6,8,seasonal_naive,6,2024-02-04,9737.54,8861.15,10613.93
S06_D08,6,8,seasonal_naive,7,2024-02-11,10170.49,9294.1,11046.88
S06_D08,6,8,seasonal_naive,8,2024-02-18,10129.6,9253.21,11005.99
S06_D09,6,9,seasonal_naive,1,2023-12-31,27063.78,24574.2,29553.36
S06_D09,6,9,seasonal_naive,2,2024-01-07,26927.89,24438.31,29417.47
S06_D09,6,9,seasonal_naive,3,2024-01-14,28391.75,25902.17,30881.33
S06_D09,6,9,seasonal_naive,4,2024-01-21,26879.04,24389.46,29368.62
S06_D09,6,9,seasonal_naive,5,2024-01-28,29415.86,26926.28,31905.44
S06_D09,6,9,seasonal_naive,6,2024-02-04,33965.6,31476.02,36455.18
S06_D09,6,9,seasonal_naive,7,2024-02-11,35908.25,33418.67,38397.83
S06_D09,6,9,seasonal_naive,8,2024-02-18,29352.56,26862.98,31842.14
S06_D10,6,10,seasonal_naive,1,2023-12-31,10341.38,7426.41,13256.35
S06_D10,6,10,seasonal_naive,2,2024-01-07,9319.78,6404.81,12234.75
S06_D10,6,10,seasonal_naive,3,2024-01-14,9257.35,6342.38,12172.32
S06_D10,6,10,seasonal_naive,4,2024-01-21,9783.97,6869.0,12698.94
S06_D10,6,10,seasonal_naive,5,2024-01-28,8624.2,5709.23,11539.17
S06_D10,6,10,seasonal_naive,6,2024-02-04,11986.67,9071.7,14901.64
S06_D10,6,10,seasonal_naive,7,2024-02-11,11660.81,8745.84,14575.78
S06_D10,6,10,seasonal_naive,8,2024-02-18,8926.32,6011.35,11841.29
S06_D11,6,11,global_gbm,1,2023-12-31,55185.87,36685.72,63644.84
S06_D11,6,11,global_gbm,2,2024-01-07,36018.66,30599.92,44724.91
S06_D11,6,11,global_gbm,3,2024-01-14,34759.33,29473.79,36843.57
S06_D11,6,11,global_gbm,4,2024-01-21,35581.07,32455.6,38282.82
S06_D11,6,11,global_gbm,5,2024-01-28,33301.17,33301.17,36565.39
S06_D11,6,11,global_gbm,6,2024-02-04,50131.65,44029.59,51334.81
S06_D11,6,11,global_gbm,7,2024-02-11,48536.7,45014.0,52380.73
S06_D11,6,11,global_gbm,8,2024-02-18,38207.53,33775.7,44160.96
S06_D12,6,12,global_gbm,1,2023-12-31,20713.74,16949.02,23624.52
S06_D12,6,12,global_gbm,2,2024-01-07,16708.05,12950.61,18407.19
S06_D12,6,12,global_gbm,3,2024-01-14,15557.17,13925.74,16497.98
S06_D12,6,12,global_gbm,4,2024-01-21,15549.16,14932.61,16972.1
S06_D12,6,12,global_gbm,5,2024-01-28,15572.81,14315.93,16633.39
S06_D12,6,12,global_gbm,6,2024-02-04,20236.66,18346.88,20236.66
S06_D12,6,12,global_gbm,7,2024-02-11,20819.08,19235.74,20819.08
S06_D12,6,12,global_gbm,8,2024-02-18,17727.3,14937.42,19433.92
S07_D01,7,1,global_gbm,1,2023-12-31,53139.52,39681.66,57762.57
S07_D01,7,1,global_gbm,2,2024-01-07,34627.96,30134.1,42474.43
S07_D01,7,1,global_gbm,3,2024-01-14,33697.89,31738.06,35985.85
S07_D01,7,1,global_gbm,4,2024-01-21,33503.91,31012.86,36467.04
S07_D01,7,1,global_gbm,5,2024-01-28,32432.57,31657.65,35810.07
S07_D01,7,1,global_gbm,6,2024-02-04,40374.79,35080.28,41405.99
S07_D01,7,1,global_gbm,7,2024-02-11,42725.57,39120.63,44906.79
S07_D01,7,1,global_gbm,8,2024-02-18,36703.5,32522.52,41826.63
S07_D02,7,2,global_gbm,1,2023-12-31,82373.33,59282.57,85385.01
S07_D02,7,2,global_gbm,2,2024-01-07,56506.33,50583.34,61189.31
S07_D02,7,2,global_gbm,3,2024-01-14,55707.35,49905.39,60920.2
S07_D02,7,2,global_gbm,4,2024-01-21,57754.68,52736.43,61044.9
S07_D02,7,2,global_gbm,5,2024-01-28,57094.45,53030.58,62780.91
S07_D02,7,2,global_gbm,6,2024-02-04,74084.13,65529.66,81393.28
S07_D02,7,2,global_gbm,7,2024-02-11,78452.08,71051.1,87579.86
S07_D02,7,2,global_gbm,8,2024-02-18,63560.54,52130.02,68330.12
S07_D03,7,3,global_gbm,1,2023-12-31,88573.36,68974.15,92993.56
S07_D03,7,3,global_gbm,2,2024-01-07,68008.18,58717.96,68008.18
S07_D03,7,3,global_gbm,3,2024-01-14,64761.74,59219.23,65468.54
S07_D03,7,3,global_gbm,4,2024-01-21,64117.6,61773.89,68156.58
S07_D03,7,3,global_gbm,5,2024-01-28,63093.31,59082.42,67892.45
S07_D03,7,3,global_gbm,6,2024-02-04,95401.45,87453.36,105025.02
S07_D03,7,3,global_gbm,7,2024-02-11,100977.27,91645.07,110264.11
S07_D03,7,3,global_gbm,8,2024-02-18,72156.24,63559.46,77478.91
S07_D04,7,4,seasonal_naive,1,2023-12-31,16963.28,15298.64,18627.92
S07_D04,7,4,seasonal_naive,2,2024-01-07,15307.88,13643.24,16972.52
S07_D04,7,4,seasonal_naive,3,2024-01-14,16479.28,14814.64,18143.92
S07_D04,7,4,seasonal_naive,4,2024-01-21,17754.84,16090.2,19419.48
S07_D04,7,4,seasonal_naive,5,2024-01-28,16291.07,14626.43,17955.71
S07_D04,7,4,seasonal_naive,6,2024-02-04,16941.8,15277.16,18606.44
S07_D04,7,4,seasonal_naive,7,2024-02-11,16157.87,14493.23,17822.51
S07_D04,7,4,seasonal_naive,8,2024-02-18,16522.97,14858.33,18187.61
S07_D05,7,5,global_gbm,1,2023-12-31,57242.2,42703.84,64158.07
S07_D05,7,5,global_gbm,2,2024-01-07,41706.64,37412.89,49420.59
S07_D05,7,5,global_gbm,3,2024-01-14,42947.81,38246.84,43157.78
S07_D05,7,5,global_gbm,4,2024-01-21,44483.23,39893.64,45906.85
S07_D05,7,5,global_gbm,5,2024-01-28,42652.42,39872.87,46668.19
S07_D05,7,5,global_gbm,6,2024-02-04,49871.33,44037.06,54101.53
S07_D05,7,5,global_gbm,7,2024-02-11,53927.69,46602.3,56729.38
S07_D05,7,5,global_gbm,8,2024-02-18,45070.81,38235.86,53001.23
S07_D06,7,6,global_gbm,1,2023-12-31,79391.82,59074.94,86707.43
S07_D06,7,6,global_gbm,2,2024-01-07,62227.57,57001.4,64768.53
S07_D06,7,6,global_gbm,3,2024-01-14,62649.73,56647.21,64023.2
S07_D06,7,6,global_gbm,4,2024-01-21,60570.35,57069.12,64875.61
S07_D06,7,6,global_gbm,5,2024-01-28,60880.2,57341.95,65771.51
S07_D06,7,6,global_gbm,6,2024-02-04,76266.29,69107.71,86230.12
S07_D06,7,6,global_gbm,7,2024-02-11,76755.05,70512.4,85994.26
S07_D06,7,6,global_gbm,8,2024-02-18,65753.19,56718.33,70377.27
S07_D07,7,7,global_gbm,1,2023-12-31,78065.79,64085.71,83480.52
S07_D07,7,7,global_gbm,2,2024-01-07,67243.21,58049.19,69003.46
S07_D07,7,7,global_gbm,3,2024-01-14,66401.5,60113.21,68133.7
S07_D07,7,7,global_gbm,4,2024-01-21,64216.51,60766.36,67976.35
S07_D07,7,7,global_gbm,5,2024-01-28,64739.53,59760.89,67833.0
S07_D07,7,7,global_gbm,6,2024-02-04,76886.83,70647.97,85771.29
S07_D07,7,7,global_gbm,7,2024-02-11,76552.09,68006.29,86463.66
S07_D07,7,7,global_gbm,8,2024-02-18,67740.42,58938.25,71033.8
S07_D08,7,8,seasonal_naive,1,2023-12-31,13692.28,11243.61,16140.95
S07_D08,7,8,seasonal_naive,2,2024-01-07,13740.76,11292.09,16189.43
S07_D08,7,8,seasonal_naive,3,2024-01-14,13413.72,10965.05,15862.39
S07_D08,7,8,seasonal_naive,4,2024-01-21,14503.08,12054.41,16951.75
S07_D08,7,8,seasonal_naive,5,2024-01-28,13796.48,11347.81,16245.15
S07_D08,7,8,seasonal_naive,6,2024-02-04,13763.45,11314.78,16212.12
S07_D08,7,8,seasonal_naive,7,2024-02-11,14113.93,11665.26,16562.6
S07_D08,7,8,seasonal_naive,8,2024-02-18,13795.49,11346.82,16244.16
S07_D09,7,9,global_gbm,1,2023-12-31,48015.73,42724.13,52734.24
S07_D09,7,9,global_gbm,2,2024-01-07,42630.55,40488.83,46475.86
S07_D09,7,9,global_gbm,3,2024-01-14,42659.12,39176.4,45136.94
S07_D09,7,9,global_gbm,4,2024-01-21,43138.56,39862.24,46206.11
S07_D09,7,9,global_gbm,5,2024-01-28,42377.46,40017.66,45948.92
S07_D09,7,9,global_gbm,6,2024-02-04,47437.18,42204.86,49549.91
S07_D09,7,9,global_gbm,7,2024-02-11,50299.77,43647.38,51454.66
S07_D09,7,9,global_gbm,8,2024-02-18,42917.16,38523.85,48243.67
S07_D10,7,10,seasonal_naive,1,2023-12-31,12997.14,11493.53,14500.75
S07_D10,7,10,seasonal_naive,2,2024-01-07,12805.04,11301.43,14308.65
S07_D10,7,10,seasonal_naive,3,2024-01-14,13905.7,12402.09,15409.31
S07_D10,7,10,seasonal_naive,4,2024-01-21,13813.66,12310.05,15317.27
S07_D10,7,10,seasonal_naive,5,2024-01-28,12634.7,11131.09,14138.31
S07_D10,7,10,seasonal_naive,6,2024-02-04,15947.25,14443.64,17450.86
S07_D10,7,10,seasonal_naive,7,2024-02-11,17072.45,15568.84,18576.06
S07_D10,7,10,seasonal_naive,8,2024-02-18,13530.44,12026.83,15034.05
S07_D11,7,11,global_gbm,1,2023-12-31,77928.02,51707.97,77928.02
S07_D11,7,11,global_gbm,2,2024-01-07,49040.62,44320.83,53035.0
S07_D11,7,11,global_gbm,3,2024-01-14,47713.34,44323.58,51140.27
S07_D11,7,11,global_gbm,4,2024-01-21,48925.81,46998.34,53344.32
S07_D11,7,11,global_gbm,5,2024-01-28,47333.04,44070.02,50524.23
S07_D11,7,11,global_gbm,6,2024-02-04,67110.03,59514.84,73496.04
S07_D11,7,11,global_gbm,7,2024-02-11,68261.13,59834.07,73465.05
S07_D11,7,11,global_gbm,8,2024-02-18,52122.0,46541.58,59719.78
S07_D12,7,12,seasonal_naive,1,2023-12-31,17916.45,14866.49,20966.41
S07_D12,7,12,seasonal_naive,2,2024-01-07,17695.3,14645.34,20745.26
S07_D12,7,12,seasonal_naive,3,2024-01-14,18627.15,15577.19,21677.11
S07_D12,7,12,seasonal_naive,4,2024-01-21,20025.85,16975.89,23075.81
S07_D12,7,12,seasonal_naive,5,2024-01-28,19665.95,16615.99,22715.91
S07_D12,7,12,seasonal_naive,6,2024-02-04,26110.88,23060.92,29160.84
S07_D12,7,12,seasonal_naive,7,2024-02-11,25987.37,22937.41,29037.33
S07_D12,7,12,seasonal_naive,8,2024-02-18,19515.27,16465.31,22565.23
S08_D01,8,1,global_gbm,1,2023-12-31,42628.86,37144.12,51552.1
S08_D01,8,1,global_gbm,2,2024-01-07,30918.28,28308.94,38669.16
S08_D01,8,1,global_gbm,3,2024-01-14,31518.59,29133.89,33530.7
S08_D01,8,1,global_gbm,4,2024-01-21,32255.51,29558.73,34913.8
S08_D01,8,1,global_gbm,5,2024-01-28,31345.48,30150.45,33860.27
S08_D01,8,1,global_gbm,6,2024-02-04,39747.02,37226.71,42088.74
S08_D01,8,1,global_gbm,7,2024-02-11,40482.58,38039.11,41676.86
S08_D01,8,1,global_gbm,8,2024-02-18,33491.8,30114.47,38908.71
S08_D02,8,2,global_gbm,1,2023-12-31,77127.72,52010.62,77127.72
S08_D02,8,2,global_gbm,2,2024-01-07,54360.71,47347.15,56518.34
S08_D02,8,2,global_gbm,3,2024-01-14,53269.27,48213.0,57060.73
S08_D02,8,2,global_gbm,4,2024-01-21,53805.88,49014.37,56350.04
S08_D02,8,2,global_gbm,5,2024-01-28,53436.84,48886.6,58044.54
S08_D02,8,2,global_gbm,6,2024-02-04,67722.93,59336.07,74729.2
S08_D02,8,2,global_gbm,7,2024-02-11,71851.1,63652.13,78159.25
S08_D02,8,2,global_gbm,8,2024-02-18,53774.27,48975.28,64118.29
S08_D03,8,3,global_gbm,1,2023-12-31,83469.37,65099.25,86576.56
S08_D03,8,3,global_gbm,2,2024-01-07,62028.67,54918.96,64202.13
S08_D03,8,3,global_gbm,3,2024-01-14,60502.11,56675.88,62962.53
S08_D03,8,3,global_gbm,4,2024-01-21,60052.92,57059.49,63977.27
S08_D03,8,3,global_gbm,5,2024-01-28,60030.96,56939.2,65104.35
S08_D03,8,3,global_gbm,6,2024-02-04,80709.24,70580.86,89217.78
S08_D03,8,3,global_gbm,7,2024-02-11,86302.82,77695.22,96142.23
S08_D03,8,3,global_gbm,8,2024-02-18,67571.72,56362.58,70444.01
S08_D04,8,4,global_gbm,1,2023-12-31,17726.66,17303.32,19883.25
S08_D04,8,4,global_gbm,2,2024-01-07,16466.74,15547.0,18255.1
S08_D04,8,4,global_gbm,3,2024-01-14,15995.65,15094.23,17504.46
S08_D04,8,4,global_gbm,4,2024-01-21,15768.5,15072.87,17818.71
S08_D04,8,4,global_gbm,5,2024-01-28,15426.25,14574.2,17223.9
S08_D04,8,4,global_gbm,6,2024-02-04,17281.69,14910.32,18456.88
S08_D04,8,4,global_gbm,7,2024-02-11,18289.83,16839.87,19516.91
S08_D04,8,4,global_gbm,8,2024-02-18,16480.65,14836.38,17547.43
S08_D05,8,5,global_gbm,1,2023-12-31,50746.5,39805.03,56256.72
S08_D05,8,5,global_gbm,2,2024-01-07,37605.15,34043.24,42573.75
S08_D05,8,5,global_gbm,3,2024-01-14,37555.52,35375.88,39846.79
S08_D05,8,5,global_gbm,4,2024-01-21,38291.69,36331.63,41005.78
S08_D05,8,5,global_gbm,5,2024-01-28,36944.48,35118.39,40691.26
S08_D05,8,5,global_gbm,6,2024-02-04,45101.46,42802.93,50860.12
S08_D05,8,5,global_gbm,7,2024-02-11,43452.16,39715.83,47132.55
S08_D05,8,5,global_gbm,8,2024-02-18,39178.4,35655.37,42954.66
S08_D06,8,6,global_gbm,1,2023-12-31,79038.21,57877.56,80675.14
S08_D06,8,6,global_gbm,2,2024-01-07,56739.96,50889.46,58996.69
S08_D06,8,6,global_gbm,3,2024-01-14,54058.45,48250.28,58201.86
S08_D06,8,6,global_gbm,4,2024-01-21,54280.9,49821.72,57793.31
S08_D06,8,6,global_gbm,5,2024-01-28,55864.26,52163.38,59965.87
S08_D06,8,6,global_gbm,6,2024-02-04,69808.43,62668.35,80723.52
S08_D06,8,6,global_gbm,7,2024-02-11,70131.86,64891.69,79467.81
S08_D06,8,6,global_gbm,8,2024-02-18,56951.23,50342.4,64673.68
S08_D07,8,7,global_gbm,1,2023-12-31,70874.24,57969.48,74844.1
S08_D07,8,7,global_gbm,2,2024-01-07,59977.17,52404.86,60895.88
S08_D07,8,7,global_gbm,3,2024-01-14,60998.69,55838.67,64256.0
S08_D07,8,7,global_gbm,4,2024-01-21,60514.33,55706.56,64221.6
S08_D07,8,7,global_gbm,5,2024-01-28,59657.16,55169.36,64027.17
S08_D07,8,7,global_gbm,6,2024-02-04,64906.46,59457.38,74095.31
S08_D07,8,7,global_gbm,7,2024-02-11,66658.73,61112.7,77681.05
S08_D07,8,7,global_gbm,8,2024-02-18,63891.36,58075.6,66566.51
S08_D08,8,8,seasonal_naive,1,2023-12-31,11903.56,10714.88,13092.24
S08_D08,8,8,seasonal_naive,2,2024-01-07,12654.89,11466.21,13843.57
S08_D08,8,8,seasonal_naive,3,2024-01-14,12874.85,11686.17,14063.53
S08_D08,8,8,seasonal_naive,4,2024-01-21,13452.54,12263.86,14641.22
S08_D08,8,8,seasonal_naive,5,2024-01-28,13179.34,11990.66,14368.02
S08_D08,8,8,seasonal_naive,6,2024-02-04,14718.98,13530.3,15907.66
S08_D08,8,8,seasonal_naive,7,2024-02-11,14347.42,13158.74,15536.1
S08_D08,8,8,seasonal_naive,8,2024-02-18,12521.74,11333.06,13710.42
S08_D09,8,9,seasonal_naive,1,2023-12-31,38372.51,35233.97,41511.05
S08_D09,8,9,seasonal_naive,2,2024-01-07,38171.11,35032.57,41309.65
S08_D09,8,9,seasonal_naive,3,2024-01-14,38360.24,35221.7,41498.78
S08_D09,8,9,seasonal_naive,4,2024-01-21,38377.75,35239.21,41516.29
S08_D09,8,9,seasonal_naive,5,2024-01-28,38783.43,35644.89,41921.97
S08_D09,8,9,seasonal_naive,6,2024-02-04,39417.22,36278.68,42555.76
S08_D09,8,9,seasonal_naive,7,2024-02-11,44424.23,41285.69,47562.77
S08_D09,8,9,seasonal_naive,8,2024-02-18,39065.64,35927.1,42204.18
S08_D10,8,10,seasonal_naive,1,2023-12-31,10765.22,9504.58,12025.86
S08_D10,8,10,seasonal_naive,2,2024-01-07,11793.19,10532.55,13053.83
S08_D10,8,10,seasonal_naive,3,2024-01-14,11537.42,10276.78,12798.06
S08_D10,8,10,seasonal_naive,4,2024-01-21,12373.88,11113.24,13634.52
S08_D10,8,10,seasonal_naive,5,2024-01-28,11386.77,10126.13,12647.41
S08_D10,8,10,seasonal_naive,6,2024-02-04,15260.93,14000.29,16521.57
S08_D10,8,10,seasonal_naive,7,2024-02-11,14835.4,13574.76,16096.04
S08_D10,8,10,seasonal_naive,8,2024-02-18,13258.13,11997.49,14518.77
S08_D11,8,11,global_gbm,1,2023-12-31,74313.91,48559.3,74313.91
S08_D11,8,11,global_gbm,2,2024-01-07,48650.82,39243.59,51080.84
S08_D11,8,11,global_gbm,3,2024-01-14,44939.81,41058.75,47855.44
S08_D11,8,11,global_gbm,4,2024-01-21,43839.57,39487.25,47510.22
S08_D11,8,11,global_gbm,5,2024-01-28,42857.87,42168.31,46496.96
S08_D11,8,11,global_gbm,6,2024-02-04,55905.13,52207.78,63237.42
S08_D11,8,11,global_gbm,7,2024-02-11,61937.05,56833.41,62797.63
S08_D11,8,11,global_gbm,8,2024-02-18,49704.18,43372.22,57913.22
S08_D12,8,12,seasonal_naive,1,2023-12-31,17867.4,16038.51,19696.29
S08_D12,8,12,seasonal_naive,2,2024-01-07,18592.29,16763.4,20421.18
S08_D12,8,12,seasonal_naive,3,2024-01-14,18210.82,16381.93,20039.71
S08_D12,8,12,seasonal_naive,4,2024-01-21,18172.7,16343.81,20001.59
S08_D12,8,12,seasonal_naive,5,2024-01-28,16597.24,14768.35,18426.13
S08_D12,8,12,seasonal_naive,6,2024-02-04,24205.74,22376.85,26034.63
S08_D12,8,12,seasonal_naive,7,2024-02-11,23574.02,21745.13,25402.91
S08_D12,8,12,seasonal_naive,8,2024-02-18,18233.86,16404.97,20062.75
S09_D01,9,1,seasonal_naive,1,2023-12-31,11476.23,10034.44,12918.02
S09_D01,9,1,seasonal_naive,2,2024-01-07,12301.82,10860.03,13743.61
S09_D01,9,1,seasonal_naive,3,2024-01-14,11057.05,9615.26,12498.84
S09_D01,9,1,seasonal_naive,4,2024-01-21,13339.93,11898.14,14781.72
S09_D01,9,1,seasonal_naive,5,2024-01-28,12425.53,10983.74,13867.32
S09_D01,9,1,seasonal_naive,6,2024-02-04,15999.1,14557.31,17440.89
S09_D01,9,1,seasonal_naive,7,2024-02-11,18147.12,16705.33,19588.91
S09_D01,9,1,seasonal_naive,8,2024-02-18,10420.48,8978.69,11862.27
S09_D02,9,2,seasonal_naive,1,2023-12-31,18230.37,15273.66,21187.08
S09_D02,9,2,seasonal_naive,2,2024-01-07,20666.81,17710.1,23623.52
S09_D02,9,2,seasonal_naive,3,2024-01-14,20854.4,17897.69,23811.11
S09_D02,9,2,seasonal_naive,4,2024-01-21,19610.43,16653.72,22567.14
S09_D02,9,2,seasonal_naive,5,2024-01-28,20384.23,17427.52,23340.94
S09_D02,9,2,seasonal_naive,6,2024-02-04,27703.68,24746.97,30660.39
S09_D02,9,2,seasonal_naive,7,2024-02-11,25569.49,22612.78,28526.2
S09_D02,9,2,seasonal_naive,8,2024-02-18,17927.82,14971.11,20884.53
S09_D03,9,3,seasonal_naive,1,2023-12-31,21661.76,19490.8,23832.72
S09_D03,9,3,seasonal_naive,2,2024-01-07,23438.25,21267.29,25609.21
S09_D03,9,3,seasonal_naive,3,2024-01-14,22786.49,20615.53,24957.45
S09_D03,9,3,seasonal_naive,4,2024-01-21,21795.33,19624.37,23966.29
S09_D03,9,3,seasonal_naive,5,2024-01-28,22324.73,20153.77,24495.69
S09_D03,9,3,seasonal_naive,6,2024-02-04,26605.77,24434.81,28776.73
S09_D03,9,3,seasonal_naive,7,2024-02-11,29180.3,27009.34,31351.26
S09_D03,9,3,seasonal_naive,8,2024-02-18,23490.67,21319.71,25661.63
S09_D04,9,4,seasonal_naive,1,2023-12-31,6861.22,6188.11,7534.33
S09_D04,9,4,seasonal_naive,2,2024-01-07,6407.85,5734.74,7080.96
S09_D04,9,4,seasonal_naive,3,2024-01-14,6579.81,5906.7,7252.92
S09_D04,9,4,seasonal_naive,4,2024-01-21,6780.27,6107.16,7453.38
S09_D04,9,4,seasonal_naive,5,2024-01-28,7244.17,6571.06,7917.28
S09_D04,9,4,seasonal_naive,6,2024-02-04,6556.52,5883.41,7229.63
S09_D04,9,4,seasonal_naive,7,2024-02-11,6113.07,5439.96,6786.18
S09_D04,9,4,seasonal_naive,8,2024-02-18,6081.59,5408.48,6754.7
S09_D05,9,5,global_gbm,1,2023-12-31,18654.63,17743.35,22390.91
S09_D05,9,5,global_gbm,2,2024-01-07,15362.44,13906.96,17393.31
S09_D05,9,5,global_gbm,3,2024-01-14,14754.58,14018.06,16015.68
S09_D05,9,5,global_gbm,4,2024-01-21,14849.8,13953.35,16670.17
S09_D05,9,5,global_gbm,5,2024-01-28,14915.75,13811.56,16260.06
S09_D05,9,5,global_gbm,6,2024-02-04,17013.37,16019.76,18371.54
S09_D05,9,5,global_gbm,7,2024-02-11,19012.19,17540.15,20362.2
S09_D05,9,5,global_gbm,8,2024-02-18,16127.23,14110.69,17746.69
S09_D06,9,6,seasonal_naive,1,2023-12-31,21307.7,19787.91,22827.49
S09_D06,9,6,seasonal_naive,2,2024-01-07,20760.57,19240.78,22280.36
S09_D06,9,6,seasonal_naive,3,2024-01-14,22101.91,20582.12,23621.7
S09_D06,9,6,seasonal_naive,4,2024-01-21,20487.8,18968.01,22007.59
S09_D06,9,6,seasonal_naive,5,2024-01-28,21217.72,19697.93,22737.51
S09_D06,9,6,seasonal_naive,6,2024-02-04,27075.16,25555.37,28594.95
S09_D06,9,6,seasonal_naive,7,2024-02-11,27667.46,26147.67,29187.25
S09_D06,9,6,seasonal_naive,8,2024-02-18,20460.92,18941.13,21980.71
S09_D07,9,7,global_gbm,1,2023-12-31,27324.61,25902.76,28572.76
S09_D07,9,7,global_gbm,2,2024-01-07,24668.37,23366.01,26632.95
S09_D07,9,7,global_gbm,3,2024-01-14,23330.8,21963.17,24652.04
S09_D07,9,7,global_gbm,4,2024-01-21,24152.02,22224.13,26549.03
S09_D07,9,7,global_gbm,5,2024-01-28,24139.2,22568.38,25346.58
S09_D07,9,7,global_gbm,6,2024-02-04,27238.9,24999.12,29662.25
S09_D07,9,7,global_gbm,7,2024-02-11,25849.58,24551.9,28451.76
S09_D07,9,7,global_gbm,8,2024-02-18,24454.61,22765.56,26190.41
S09_D08,9,8,holt_winters,1,2023-12-31,4963.37,4480.93,5445.82
S09_D08,9,8,holt_winters,2,2024-01-07,5011.33,4528.89,5493.78
S09_D08,9,8,holt_winters,3,2024-01-14,5067.18,4584.73,5549.62
S09_D08,9,8,holt_winters,4,2024-01-21,5037.17,4554.72,5519.62
S09_D08,9,8,holt_winters,5,2024-01-28,5153.26,4670.82,5635.71
S09_D08,9,8,holt_winters,6,2024-02-04,5504.63,5022.18,5987.08
S09_D08,9,8,holt_winters,7,2024-02-11,5463.35,4980.9,5945.8
S09_D08,9,8,holt_winters,8,2024-02-18,5101.62,4619.18,5584.07
S09_D09,9,9,seasonal_naive,1,2023-12-31,14678.58,13150.24,16206.92
S09_D09,9,9,seasonal_naive,2,2024-01-07,18538.1,17009.76,20066.44
S09_D09,9,9,seasonal_naive,3,2024-01-14,18246.12,16717.78,19774.46
S09_D09,9,9,seasonal_naive,4,2024-01-21,17966.39,16438.05,19494.73
S09_D09,9,9,seasonal_naive,5,2024-01-28,14940.7,13412.36,16469.04
S09_D09,9,9,seasonal_naive,6,2024-02-04,16488.4,14960.06,18016.74
S09_D09,9,9,seasonal_naive,7,2024-02-11,16304.19,14775.85,17832.53
S09_D09,9,9,seasonal_naive,8,2024-02-18,14397.01,12868.67,15925.35
S09_D10,9,10,seasonal_naive,1,2023-12-31,5069.69,4653.52,5485.86
S09_D10,9,10,seasonal_naive,2,2024-01-07,5009.18,4593.01,5425.35
S09_D10,9,10,seasonal_naive,3,2024-01-14,5158.54,4742.37,5574.71
S09_D10,9,10,seasonal_naive,4,2024-01-21,4565.54,4149.37,4981.71
S09_D10,9,10,seasonal_naive,5,2024-01-28,4582.08,4165.91,4998.25
S09_D10,9,10,seasonal_naive,6,2024-02-04,6331.58,5915.41,6747.75
S09_D10,9,10,seasonal_naive,7,2024-02-11,6250.81,5834.64,6666.98
S09_D10,9,10,seasonal_naive,8,2024-02-18,4768.44,4352.27,5184.61
S09_D11,9,11,global_gbm,1,2023-12-31,29173.43,23307.34,39630.06
S09_D11,9,11,global_gbm,2,2024-01-07,22100.79,16151.66,26461.69
S09_D11,9,11,global_gbm,3,2024-01-14,20751.91,17360.17,21444.19
S09_D11,9,11,global_gbm,4,2024-01-21,20565.81,18090.97,21608.92
S09_D11,9,11,global_gbm,5,2024-01-28,21218.39,17631.08,21218.39
S09_D11,9,11,global_gbm,6,2024-02-04,29755.28,25061.75,29755.28
S09_D11,9,11,global_gbm,7,2024-02-11,29892.71,25402.97,31257.35
S09_D11,9,11,global_gbm,8,2024-02-18,25216.98,19079.21,28032.75
S09_D12,9,12,seasonal_naive,1,2023-12-31,7489.39,5291.28,9687.5
S09_D12,9,12,seasonal_naive,2,2024-01-07,7542.62,5344.51,9740.73
S09_D12,9,12,seasonal_naive,3,2024-01-14,7512.9,5314.79,9711.01
S09_D12,9,12,seasonal_naive,4,2024-01-21,7289.2,5091.09,9487.31
S09_D12,9,12,seasonal_naive,5,2024-01-28,7732.54,5534.43,9930.65
S09_D12,9,12,seasonal_naive,6,2024-02-04,9569.24,7371.13,11767.35
S09_D12,9,12,seasonal_naive,7,2024-02-11,9584.46,7386.35,11782.57
S09_D12,9,12,seasonal_naive,8,2024-02-18,7249.17,5051.06,9447.28
S10_D01,10,1,global_gbm,1,2023-12-31,90807.45,69168.77,92288.84
S10_D01,10,1,global_gbm,2,2024-01-07,72297.12,64595.73,75107.65
S10_D01,10,1,global_gbm,3,2024-01-14,67355.97,67355.97,77140.79
S10_D01,10,1,global_gbm,4,2024-01-21,67763.53,64982.2,75350.63
S10_D01,10,1,global_gbm,5,2024-01-28,68323.52,64851.44,75587.91
S10_D01,10,1,global_gbm,6,2024-02-04,87560.31,79475.87,100382.69
S10_D01,10,1,global_gbm,7,2024-02-11,94079.68,80759.66,111313.11
S10_D01,10,1,global_gbm,8,2024-02-18,75181.96,68115.49,81740.68
S10_D02,10,2,global_gbm,1,2023-12-31,176830.28,120669.06,176830.28
S10_D02,10,2,global_gbm,2,2024-01-07,108698.47,99493.02,121848.57
S10_D02,10,2,global_gbm,3,2024-01-14,110368.22,100803.67,117926.23
S10_D02,10,2,global_gbm,4,2024-01-21,108397.83,99074.84,116020.41
S10_D02,10,2,global_gbm,5,2024-01-28,109411.84,99300.27,116491.37
S10_D02,10,2,global_gbm,6,2024-02-04,190153.65,126471.21,205272.3
S10_D02,10,2,global_gbm,7,2024-02-11,193537.28,127660.09,205469.34
S10_D02,10,2,global_gbm,8,2024-02-18,110844.07,101184.19,121140.94
S10_D03,10,3,seasonal_naive,1,2023-12-31,123561.25,103765.86,143356.64
S10_D03,10,3,seasonal_naive,2,2024-01-07,117609.57,97814.18,137404.96
S10_D03,10,3,seasonal_naive,3,2024-01-14,110467.84,90672.45,130263.23
S10_D03,10,3,seasonal_naive,4,2024-01-21,108761.06,88965.67,128556.45
S10_D03,10,3,seasonal_naive,5,2024-01-28,122920.01,103124.62,142715.4
S10_D03,10,3,seasonal_naive,6,2024-02-04,152611.91,132816.52,172407.3
S10_D03,10,3,seasonal_naive,7,2024-02-11,136301.84,116506.45,156097.23
S10_D03,10,3,seasonal_naive,8,2024-02-18,111791.15,91995.76,131586.54
S10_D04,10,4,global_gbm,1,2023-12-31,37366.58,33916.36,44412.33
S10_D04,10,4,global_gbm,2,2024-01-07,34468.97,32966.29,39062.76
S10_D04,10,4,global_gbm,3,2024-01-14,34423.32,32869.48,36673.19
S10_D04,10,4,global_gbm,4,2024-01-21,34311.45,32946.57,37310.39
S10_D04,10,4,global_gbm,5,2024-01-28,35520.18,32787.51,37731.46
S10_D04,10,4,global_gbm,6,2024-02-04,39010.67,34356.61,43204.33
S10_D04,10,4,global_gbm,7,2024-02-11,41883.9,37126.57,44734.48
S10_D04,10,4,global_gbm,8,2024-02-18,37990.03,33992.51,41730.63
S10_D05,10,5,global_gbm,1,2023-12-31,134622.19,89230.87,134622.19
S10_D05,10,5,global_gbm,2,2024-01-07,97204.93,80754.76,97709.14
S10_D05,10,5,global_gbm,3,2024-01-14,89514.04,83481.79,100622.37
S10_D05,10,5,global_gbm,4,2024-01-21,91902.97,79550.97,91902.97
S10_D05,10,5,global_gbm,5,2024-01-28,92652.13,77586.77,92652.13
S10_D05,10,5,global_gbm,6,2024-02-04,119029.81,103885.88,132141.83
S10_D05,10,5,global_gbm,7,2024-02-11,134971.33,98692.89,138035.47
S10_D05,10,5,global_gbm,8,2024-02-18,108390.88,92600.46,108390.88
S10_D06,10,6,global_gbm,1,2023-12-31,174530.65,123864.02,174530.65
S10_D06,10,6,global_gbm,2,2024-01-07,111715.54,100665.12,119575.5
S10_D06,10,6,global_gbm,3,2024-01-14,111688.52,102388.28,115536.56
S10_D06,10,6,global_gbm,4,2024-01-21,112429.55,101025.14,117997.1
S10_D06,10,6,global_gbm,5,2024-01-28,114188.5,101083.47,118351.46
S10_D06,10,6,global_gbm,6,2024-02-04,175555.63,127539.78,194477.12
S10_D06,10,6,global_gbm,7,2024-02-11,173659.43,128583.35,190986.29
S10_D06,10,6,global_gbm,8,2024-02-18,112364.68,102584.69,119999.2
S10_D07,10,7,global_gbm,1,2023-12-31,170999.45,128259.7,189284.94
S10_D07,10,7,global_gbm,2,2024-01-07,126508.8,101609.36,132328.73
S10_D07,10,7,global_gbm,3,2024-01-14,126666.48,101760.39,131307.64
S10_D07,10,7,global_gbm,4,2024-01-21,116567.36,102108.34,121686.81
S10_D07,10,7,global_gbm,5,2024-01-28,116582.13,102173.92,122041.17
S10_D07,10,7,global_gbm,6,2024-02-04,145584.54,120818.94,149864.62
S10_D07,10,7,global_gbm,7,2024-02-11,144004.05,121896.88,147059.62
S10_D07,10,7,global_gbm,8,2024-02-18,116150.83,102186.1,121361.39
S10_D08,10,8,global_gbm,1,2023-12-31,33180.11,31124.07,37224.2
S10_D08,10,8,global_gbm,2,2024-01-07,30042.53,26859.76,32601.59
S10_D08,10,8,global_gbm,3,2024-01-14,30311.23,28193.03,32232.09
S10_D08,10,8,global_gbm,4,2024-01-21,30435.75,28634.74,33351.32
S10_D08,10,8,global_gbm,5,2024-01-28,30739.41,28241.28,32271.4
S10_D08,10,8,global_gbm,6,2024-02-04,31868.25,30826.76,33481.19
S10_D08,10,8,global_gbm,7,2024-02-11,32064.81,30724.94,34177.72
S10_D08,10,8,global_gbm,8,2024-02-18,29718.91,27386.74,32853.22
S10_D09,10,9,global_gbm,1,2023-12-31,111643.49,93213.72,120436.12
S10_D09,10,9,global_gbm,2,2024-01-07,97115.63,80625.07,98246.88
S10_D09,10,9,global_gbm,3,2024-01-14,79308.43,56980.58,79308.43
S10_D09,10,9,global_gbm,4,2024-01-21,84995.9,79818.51,94335.47
S10_D09,10,9,global_gbm,5,2024-01-28,88763.7,80534.27,95746.35
S10_D09,10,9,global_gbm,6,2024-02-04,102093.25,93595.04,113752.6
S10_D09,10,9,global_gbm,7,2024-02-11,105543.86,100875.87,117030.31
S10_D09,10,9,global_gbm,8,2024-02-18,95986.92,86307.19,100976.16
S10_D10,10,10,global_gbm,1,2023-12-31,42806.19,33514.83,53956.83
S10_D10,10,10,global_gbm,2,2024-01-07,31177.35,27225.7,38765.24
S10_D10,10,10,global_gbm,3,2024-01-14,31693.96,27276.37,33207.45
S10_D10,10,10,global_gbm,4,2024-01-21,32804.59,29271.24,35713.12
S10_D10,10,10,global_gbm,5,2024-01-28,32166.7,29920.68,34361.1
S10_D10,10,10,global_gbm,6,2024-02-04,37202.58,33665.94,40883.38
S10_D10,10,10,global_gbm,7,2024-02-11,39057.2,35353.41,44803.05
S10_D10,10,10,global_gbm,8,2024-02-18,34108.32,30395.09,39203.62
S10_D11,10,11,global_gbm,1,2023-12-31,161643.84,113827.68,163569.84
S10_D11,10,11,global_gbm,2,2024-01-07,105874.59,95426.48,118659.31
S10_D11,10,11,global_gbm,3,2024-01-14,101381.14,90363.38,105328.25
S10_D11,10,11,global_gbm,4,2024-01-21,103475.65,94989.6,111160.53
S10_D11,10,11,global_gbm,5,2024-01-28,106552.05,100003.14,112837.18
S10_D11,10,11,global_gbm,6,2024-02-04,146206.62,119830.34,155440.65
S10_D11,10,11,global_gbm,7,2024-02-11,148899.02,121102.66,155207.95
S10_D11,10,11,global_gbm,8,2024-02-18,108293.78,95055.41,108293.78
S10_D12,10,12,global_gbm,1,2023-12-31,64453.01,43710.76,66738.03
S10_D12,10,12,global_gbm,2,2024-01-07,46228.55,40227.53,52237.07
S10_D12,10,12,global_gbm,3,2024-01-14,44180.51,38804.36,48428.11
S10_D12,10,12,global_gbm,4,2024-01-21,46185.82,40660.06,48903.44
S10_D12,10,12,global_gbm,5,2024-01-28,47414.95,41068.89,50414.97
S10_D12,10,12,global_gbm,6,2024-02-04,64067.02,46895.39,64067.02
S10_D12,10,12,global_gbm,7,2024-02-11,65143.99,49060.07,68362.58
S10_D12,10,12,global_gbm,8,2024-02-18,51183.79,42118.31,59910.25
S11_D01,11,1,global_gbm,1,2023-12-31,30348.22,28576.74,39560.92
S11_D01,11,1,global_gbm,2,2024-01-07,24821.48,21667.07,28304.48
S11_D01,11,1,global_gbm,3,2024-01-14,22691.75,20931.08,24032.42
S11_D01,11,1,global_gbm,4,2024-01-21,23482.24,21567.05,25561.52
S11_D01,11,1,global_gbm,5,2024-01-28,23754.38,21626.47,25051.8
S11_D01,11,1,global_gbm,6,2024-02-04,29175.72,28501.57,31415.79
S11_D01,11,1,global_gbm,7,2024-02-11,30616.47,27566.35,32008.15
S11_D01,11,1,global_gbm,8,2024-02-18,26331.82,22953.35,29636.28
S11_D02,11,2,global_gbm,1,2023-12-31,61869.44,40800.34,62141.43
S11_D02,11,2,global_gbm,2,2024-01-07,41095.73,33886.22,47926.37
S11_D02,11,2,global_gbm,3,2024-01-14,40367.72,36695.05,41154.85
S11_D02,11,2,global_gbm,4,2024-01-21,42549.66,39313.42,43454.1
S11_D02,11,2,global_gbm,5,2024-01-28,40010.4,36011.42,42687.29
S11_D02,11,2,global_gbm,6,2024-02-04,53393.5,46061.98,55253.98
S11_D02,11,2,global_gbm,7,2024-02-11,52014.91,46691.35,56402.17
S11_D02,11,2,global_gbm,8,2024-02-18,41699.23,37397.79,47450.59
S11_D03,11,3,global_gbm,1,2023-12-31,70487.18,48028.74,70487.18
S11_D03,11,3,global_gbm,2,2024-01-07,46694.07,41190.72,51056.09
S11_D03,11,3,global_gbm,3,2024-01-14,43744.08,38801.04,47330.19
S11_D03,11,3,global_gbm,4,2024-01-21,43888.62,41906.45,47488.15
S11_D03,11,3,global_gbm,5,2024-01-28,44361.91,41779.3,48180.18
S11_D03,11,3,global_gbm,6,2024-02-04,57216.48,52949.59,62327.88
S11_D03,11,3,global_gbm,7,2024-02-11,60249.11,56150.71,61681.08
S11_D03,11,3,global_gbm,8,2024-02-18,47766.46,40372.58,56463.43
S11_D04,11,4,holt_winters,1,2023-12-31,12084.59,11116.99,13052.19
S11_D04,11,4,holt_winters,2,2024-01-07,12416.32,11448.72,13383.92
S11_D04,11,4,holt_winters,3,2024-01-14,12380.1,11412.5,13347.7
S11_D04,11,4,holt_winters,4,2024-01-21,12524.24,11556.64,13491.84
S11_D04,11,4,holt_winters,5,2024-01-28,12264.81,11297.21,13232.41
S11_D04,11,4,holt_winters,6,2024-02-04,12701.87,11734.27,13669.47
S11_D04,11,4,holt_winters,7,2024-02-11,12515.28,11547.68,13482.88
S11_D04,11,4,holt_winters,8,2024-02-18,12051.42,11083.82,13019.02
S11_D05,11,5,seasonal_naive,1,2023-12-31,30833.96,26582.46,35085.46
S11_D05,11,5,seasonal_naive,2,2024-01-07,27344.77,23093.27,31596.27
S11_D05,11,5,seasonal_naive,3,2024-01-14,30111.16,25859.66,34362.66
S11_D05,11,5,seasonal_naive,4,2024-01-21,25975.97,21724.47,30227.47
S11_D05,11,5,seasonal_naive,5,2024-01-28,27369.64,23118.14,31621.14
S11_D05,11,5,seasonal_naive,6,2024-02-04,35674.47,31422.97,39925.97
S11_D05,11,5,seasonal_naive,7,2024-02-11,31230.14,26978.64,35481.64
S11_D05,11,5,seasonal_naive,8,2024-02-18,24946.52,20695.02,29198.02
S11_D06,11,6,global_gbm,1,2023-12-31,55618.41,39334.68,60406.21
S11_D06,11,6,global_gbm,2,2024-01-07,40379.97,36798.9,47029.81
S11_D06,11,6,global_gbm,3,2024-01-14,41414.11,37974.61,41614.06
S11_D06,11,6,global_gbm,4,2024-01-21,43766.97,39284.45,44683.51
S11_D06,11,6,global_gbm,5,2024-01-28,42020.62,39203.97,44727.1
S11_D06,11,6,global_gbm,6,2024-02-04,51320.46,46545.7,56135.22
S11_D06,11,6,global_gbm,7,2024-02-11,52757.37,44419.6,54109.53
S11_D06,11,6,global_gbm,8,2024-02-18,44703.79,38858.63,51237.01
S11_D07,11,7,global_gbm,1,2023-12-31,48517.17,40500.99,51343.26
S11_D07,11,7,global_gbm,2,2024-01-07,45642.36,42143.32,48233.79
S11_D07,11,7,global_gbm,3,2024-01-14,44280.75,42967.64,48011.96
S11_D07,11,7,global_gbm,4,2024-01-21,43489.11,41082.97,46507.66
S11_D07,11,7,global_gbm,5,2024-01-28,43427.38,40471.58,46881.49
S11_D07,11,7,global_gbm,6,2024-02-04,48571.85,45907.05,54150.87
S11_D07,11,7,global_gbm,7,2024-02-11,50637.49,45049.43,53594.06
S11_D07,11,7,global_gbm,8,2024-02-18,45356.02,42556.06,48846.21
S11_D08,11,8,seasonal_naive,1,2023-12-31,9840.29,9048.08,10632.5
S11_D08,11,8,seasonal_naive,2,2024-01-07,8995.14,8202.93,9787.35
S11_D08,11,8,seasonal_naive,3,2024-01-14,8799.51,8007.3,9591.72
S11_D08,11,8,seasonal_naive,4,2024-01-21,10597.41,9805.2,11389.62
S11_D08,11,8,seasonal_naive,5,2024-01-28,8516.96,7724.75,9309.17
S11_D08,11,8,seasonal_naive,6,2024-02-04,10393.47,9601.26,11185.68
S11_D08,11,8,seasonal_naive,7,2024-02-11,10328.26,9536.05,11120.47
S11_D08,11,8,seasonal_naive,8,2024-02-18,8539.19,7746.98,9331.4
S11_D09,11,9,seasonal_naive,1,2023-12-31,27709.03,24079.04,31339.02
S11_D09,11,9,seasonal_naive,2,2024-01-07,28015.25,24385.26,31645.24
S11_D09,11,9,seasonal_naive,3,2024-01-14,28479.02,24849.03,32109.01
S11_D09,11,9,seasonal_naive,4,2024-01-21,28988.89,25358.9,32618.88
S11_D09,11,9,seasonal_naive,5,2024-01-28,25080.8,21450.81,28710.79
S11_D09,11,9,seasonal_naive,6,2024-02-04,29461.1,25831.11,33091.09
S11_D09,11,9,seasonal_naive,7,2024-02-11,31558.01,27928.02,35188.0
S11_D09,11,9,seasonal_naive,8,2024-02-18,29123.65,25493.66,32753.64
S11_D10,11,10,seasonal_naive,1,2023-12-31,8550.82,7711.17,9390.47
S11_D10,11,10,seasonal_naive,2,2024-01-07,8499.49,7659.84,9339.14
S11_D10,11,10,seasonal_naive,3,2024-01-14,9028.58,8188.93,9868.23
S11_D10,11,10,seasonal_naive,4,2024-01-21,9679.25,8839.6,10518.9
S11_D10,11,10,seasonal_naive,5,2024-01-28,8689.08,7849.43,9528.73
S11_D10,11,10,seasonal_naive,6,2024-02-04,10865.96,10026.31,11705.61
S11_D10,11,10,seasonal_naive,7,2024-02-11,12037.22,11197.57,12876.87
S11_D10,11,10,seasonal_naive,8,2024-02-18,8296.79,7457.14,9136.44
S11_D11,11,11,global_gbm,1,2023-12-31,53436.71,36297.25,63545.23
S11_D11,11,11,global_gbm,2,2024-01-07,35044.17,29431.31,42288.81
S11_D11,11,11,global_gbm,3,2024-01-14,33075.89,30066.33,34627.31
S11_D11,11,11,global_gbm,4,2024-01-21,34016.21,31496.34,37748.69
S11_D11,11,11,global_gbm,5,2024-01-28,33432.85,31649.61,35750.88
S11_D11,11,11,global_gbm,6,2024-02-04,45544.94,42598.74,50149.56
S11_D11,11,11,global_gbm,7,2024-02-11,45732.33,42808.56,49561.49
S11_D11,11,11,global_gbm,8,2024-02-18,38016.07,33332.02,41948.68
S11_D12,11,12,holt_winters,1,2023-12-31,14722.37,11779.2,17665.54
S11_D12,11,12,holt_winters,2,2024-01-07,14703.7,11760.53,17646.87
S11_D12,11,12,holt_winters,3,2024-01-14,14536.16,11593.0,17479.33
S11_D12,11,12,holt_winters,4,2024-01-21,15104.94,12161.77,18048.11
S11_D12,11,12,holt_winters,5,2024-01-28,16548.49,13605.32,19491.66
S11_D12,11,12,holt_winters,6,2024-02-04,20192.64,17249.47,23135.81
S11_D12,11,12,holt_winters,7,2024-02-11,17365.81,14422.64,20308.98
S11_D12,11,12,holt_winters,8,2024-02-18,15082.56,12139.39,18025.73
S12_D01,12,1,global_gbm,1,2023-12-31,48167.5,35654.34,56210.22
S12_D01,12,1,global_gbm,2,2024-01-07,30892.85,28183.81,39019.51
S12_D01,12,1,global_gbm,3,2024-01-14,30795.8,27559.37,33947.36
S12_D01,12,1,global_gbm,4,2024-01-21,32610.81,29991.85,35121.86
S12_D01,12,1,global_gbm,5,2024-01-28,30601.67,29872.73,33273.17
S12_D01,12,1,global_gbm,6,2024-02-04,38318.68,37012.06,40676.52
S12_D01,12,1,global_gbm,7,2024-02-11,40259.2,36845.2,40259.2
S12_D01,12,1,global_gbm,8,2024-02-18,34049.79,30202.57,39209.22
S12_D02,12,2,global_gbm,1,2023-12-31,77149.58,54178.93,77149.58
S12_D02,12,2,global_gbm,2,2024-01-07,50828.88,47304.7,54647.51
S12_D02,12,2,global_gbm,3,2024-01-14,50799.92,47572.38,54462.47
S12_D02,12,2,global_gbm,4,2024-01-21,52905.23,47742.05,56097.08
S12_D02,12,2,global_gbm,5,2024-01-28,52925.76,48878.13,58043.0
S12_D02,12,2,global_gbm,6,2024-02-04,79179.86,72205.66,87152.65
S12_D02,12,2,global_gbm,7,2024-02-11,78707.42,73165.23,92511.54
S12_D02,12,2,global_gbm,8,2024-02-18,59630.33,45062.41,67737.89
S12_D03,12,3,global_gbm,1,2023-12-31,81551.8,60322.44,85636.78
S12_D03,12,3,global_gbm,2,2024-01-07,63351.36,57693.36,65456.41
S12_D03,12,3,global_gbm,3,2024-01-14,59741.65,53998.39,61978.11
S12_D03,12,3,global_gbm,4,2024-01-21,58676.45,54637.31,62693.85
S12_D03,12,3,global_gbm,5,2024-01-28,59476.55,55676.82,64474.39
S12_D03,12,3,global_gbm,6,2024-02-04,77312.39,69832.2,85869.37
S12_D03,12,3,global_gbm,7,2024-02-11,79928.97,72134.82,90320.42
S12_D03,12,3,global_gbm,8,2024-02-18,66407.46,59282.26,68227.94
S12_D04,12,4,global_gbm,1,2023-12-31,17240.6,16132.76,17974.96
S12_D04,12,4,global_gbm,2,2024-01-07,16167.19,15522.24,17178.04
S12_D04,12,4,global_gbm,3,2024-01-14,15321.09,14162.49,16662.17
S12_D04,12,4,global_gbm,4,2024-01-21,15360.9,14190.24,17178.76
S12_D04,12,4,global_gbm,5,2024-01-28,15599.24,13896.43,17041.01
S12_D04,12,4,global_gbm,6,2024-02-04,17331.94,15550.89,18591.64
S12_D04,12,4,global_gbm,7,2024-02-11,17953.95,16480.86,19080.25
S12_D04,12,4,global_gbm,8,2024-02-18,16371.91,15277.82,17724.94
S12_D05,12,5,global_gbm,1,2023-12-31,49703.86,39767.7,56015.86
S12_D05,12,5,global_gbm,2,2024-01-07,36618.55,35844.36,42543.11
S12_D05,12,5,global_gbm,3,2024-01-14,35417.49,34789.91,38725.61
S12_D05,12,5,global_gbm,4,2024-01-21,35471.73,33474.78,39377.19
S12_D05,12,5,global_gbm,5,2024-01-28,35287.62,33966.72,40050.92
S12_D05,12,5,global_gbm,6,2024-02-04,41186.85,38998.21,45624.42
S12_D05,12,5,global_gbm,7,2024-02-11,44046.09,42952.88,49117.71
S12_D05,12,5,global_gbm,8,2024-02-18,37794.7,34089.92,42823.64
S12_D06,12,6,global_gbm,1,2023-12-31,75989.24,56049.73,81635.11
S12_D06,12,6,global_gbm,2,2024-01-07,52713.48,48091.49,55470.26
S12_D06,12,6,global_gbm,3,2024-01-14,55943.04,49006.7,57977.27
S12_D06,12,6,global_gbm,4,2024-01-21,55611.33,51027.98,59847.35
S12_D06,12,6,global_gbm,5,2024-01-28,54463.61,50805.13,60494.35
S12_D06,12,6,global_gbm,6,2024-02-04,64530.32,57915.91,73389.0
S12_D06,12,6,global_gbm,7,2024-02-11,68040.41,61859.68,77689.27
S12_D06,12,6,global_gbm,8,2024-02-18,54774.77,50622.19,61748.06
S12_D07,12,7,global_gbm,1,2023-12-31,68833.9,59686.53,78096.09
S12_D07,12,7,global_gbm,2,2024-01-07,60483.16,54884.42,62545.94
S12_D07,12,7,global_gbm,3,2024-01-14,62058.07,55327.21,64399.61
S12_D07,12,7,global_gbm,4,2024-01-21,57656.06,51962.76,61248.09
S12_D07,12,7,global_gbm,5,2024-01-28,59378.18,53595.14,63888.43
S12_D07,12,7,global_gbm,6,2024-02-04,64164.19,60538.76,76668.64
S12_D07,12,7,global_gbm,7,2024-02-11,62194.23,57805.97,72696.49
S12_D07,12,7,global_gbm,8,2024-02-18,61157.11,56678.02,64715.05
S12_D08,12,8,seasonal_naive,1,2023-12-31,13202.84,11910.64,14495.04
S12_D08,12,8,seasonal_naive,2,2024-01-07,12325.52,11033.32,13617.72
S12_D08,12,8,seasonal_naive,3,2024-01-14,12839.51,11547.31,14131.71
S12_D08,12,8,seasonal_naive,4,2024-01-21,12691.89,11399.69,13984.09
S12_D08,12,8,seasonal_naive,5,2024-01-28,13211.27,11919.07,14503.47
S12_D08,12,8,seasonal_naive,6,2024-02-04,15788.0,14495.8,17080.2
S12_D08,12,8,seasonal_naive,7,2024-02-11,16615.0,15322.8,17907.2
S12_D08,12,8,seasonal_naive,8,2024-02-18,13622.05,12329.85,14914.25
S12_D09,12,9,seasonal_naive,1,2023-12-31,37668.26,33355.45,41981.07
S12_D09,12,9,seasonal_naive,2,2024-01-07,35321.69,31008.88,39634.5
S12_D09,12,9,seasonal_naive,3,2024-01-14,38346.4,34033.59,42659.21
S12_D09,12,9,seasonal_naive,4,2024-01-21,38982.16,34669.35,43294.97
S12_D09,12,9,seasonal_naive,5,2024-01-28,37724.34,33411.53,42037.15
S12_D09,12,9,seasonal_naive,6,2024-02-04,42884.66,38571.85,47197.47
S12_D09,12,9,seasonal_naive,7,2024-02-11,37429.13,33116.32,41741.94
S12_D09,12,9,seasonal_naive,8,2024-02-18,40519.08,36206.27,44831.89
S12_D10,12,10,global_gbm,1,2023-12-31,19994.93,15718.79,21824.81
S12_D10,12,10,global_gbm,2,2024-01-07,15432.95,11342.28,17434.2
S12_D10,12,10,global_gbm,3,2024-01-14,14084.49,11968.75,15268.57
S12_D10,12,10,global_gbm,4,2024-01-21,14049.47,12829.71,15656.93
S12_D10,12,10,global_gbm,5,2024-01-28,14297.2,12554.08,15449.16
S12_D10,12,10,global_gbm,6,2024-02-04,18353.23,15988.56,18353.23
S12_D10,12,10,global_gbm,7,2024-02-11,19811.27,16917.47,19811.27
S12_D10,12,10,global_gbm,8,2024-02-18,16963.29,13857.03,18041.75
S12_D11,12,11,global_gbm,1,2023-12-31,75913.45,45778.71,75913.45
S12_D11,12,11,global_gbm,2,2024-01-07,46640.54,37202.79,50960.44
S12_D11,12,11,global_gbm,3,2024-01-14,44299.04,41796.71,47820.27
S12_D11,12,11,global_gbm,4,2024-01-21,44048.88,42579.83,48259.53
S12_D11,12,11,global_gbm,5,2024-01-28,41669.3,40002.84,47455.93
S12_D11,12,11,global_gbm,6,2024-02-04,64417.9,56085.23,67484.5
S12_D11,12,11,global_gbm,7,2024-02-11,64241.84,58467.6,70083.87
S12_D11,12,11,global_gbm,8,2024-02-18,48218.57,40915.78,58024.47
S12_D12,12,12,global_gbm,1,2023-12-31,26925.53,22460.33,35438.24
S12_D12,12,12,global_gbm,2,2024-01-07,21291.88,17443.34,24401.59
S12_D12,12,12,global_gbm,3,2024-01-14,19521.36,16986.06,21311.98
S12_D12,12,12,global_gbm,4,2024-01-21,20523.59,19251.39,22043.88
S12_D12,12,12,global_gbm,5,2024-01-28,20366.1,18732.48,21617.26
S12_D12,12,12,global_gbm,6,2024-02-04,27167.03,24138.26,28664.49
S12_D12,12,12,global_gbm,7,2024-02-11,28026.16,26035.66,28929.21
S12_D12,12,12,global_gbm,8,2024-02-18,24071.73,19923.45,25972.2
S13_D01,13,1,seasonal_naive,1,2023-12-31,13793.76,12755.29,14832.23
S13_D01,13,1,seasonal_naive,2,2024-01-07,13687.42,12648.95,14725.89
S13_D01,13,1,seasonal_naive,3,2024-01-14,14122.86,13084.39,15161.33
S13_D01,13,1,seasonal_naive,4,2024-01-21,12413.24,11374.77,13451.71
S13_D01,13,1,seasonal_naive,5,2024-01-28,13598.8,12560.33,14637.27
S13_D01,13,1,seasonal_naive,6,2024-02-04,17072.65,16034.18,18111.12
S13_D01,13,1,seasonal_naive,7,2024-02-11,18685.73,17647.26,19724.2
S13_D01,13,1,seasonal_naive,8,2024-02-18,12869.24,11830.77,13907.71
S13_D02,13,2,global_gbm,1,2023-12-31,36298.67,30562.69,45472.73
S13_D02,13,2,global_gbm,2,2024-01-07,26681.83,21767.53,30972.52
S13_D02,13,2,global_gbm,3,2024-01-14,25383.3,23003.71,26644.67
S13_D02,13,2,global_gbm,4,2024-01-21,26849.44,24878.83,27776.62
S13_D02,13,2,global_gbm,5,2024-01-28,25783.88,24100.42,28707.57
S13_D02,13,2,global_gbm,6,2024-02-04,30528.44,30528.44,32627.92
S13_D02,13,2,global_gbm,7,2024-02-11,31927.85,31927.85,33603.93
S13_D02,13,2,global_gbm,8,2024-02-18,27454.08,24398.66,30936.68
S13_D03,13,3,seasonal_naive,1,2023-12-31,33548.89,30637.32,36460.46
S13_D03,13,3,seasonal_naive,2,2024-01-07,28551.89,25640.32,31463.46
S13_D03,13,3,seasonal_naive,3,2024-01-14,25744.53,22832.96,28656.1
S13_D03,13,3,seasonal_naive,4,2024-01-21,25858.42,22946.85,28769.99
S13_D03,13,3,seasonal_naive,5,2024-01-28,25695.52,22783.95,28607.09
S13_D03,13,3,seasonal_naive,6,2024-02-04,34472.92,31561.35,37384.49
S13_D03,13,3,seasonal_naive,7,2024-02-11,36667.26,33755.69,39578.83
S13_D03,13,3,seasonal_naive,8,2024-02-18,27557.16,24645.59,30468.73
S13_D04,13,4,seasonal_naive,1,2023-12-31,7776.32,7039.95,8512.69
S13_D04,13,4,seasonal_naive,2,2024-01-07,7787.75,7051.38,8524.12
S13_D04,13,4,seasonal_naive,3,2024-01-14,7516.72,6780.35,8253.09
S13_D04,13,4,seasonal_naive,4,2024-01-21,7919.73,7183.36,8656.1
S13_D04,13,4,seasonal_naive,5,2024-01-28,8029.43,7293.06,8765.8
S13_D04,13,4,seasonal_naive,6,2024-02-04,8197.83,7461.46,8934.2
S13_D04,13,4,seasonal_naive,7,2024-02-11,7406.51,6670.14,8142.88
S13_D04,13,4,seasonal_naive,8,2024-02-18,7202.09,6465.72,7938.46
S13_D05,13,5,global_gbm,1,2023-12-31,20504.61,19989.2,25312.9
S13_D05,13,5,global_gbm,2,2024-01-07,17656.23,16478.21,19609.18
S13_D05,13,5,global_gbm,3,2024-01-14,17030.94,15709.26,18876.04
S13_D05,13,5,global_gbm,4,2024-01-21,17465.82,16060.02,19235.5
S13_D05,13,5,global_gbm,5,2024-01-28,17507.48,15838.79,19494.6
S13_D05,13,5,global_gbm,6,2024-02-04,20333.06,19149.04,22858.92
S13_D05,13,5,global_gbm,7,2024-02-11,21313.02,20244.1,23617.14
S13_D05,13,5,global_gbm,8,2024-02-18,18928.16,16266.19,21270.4
S13_D06,13,6,global_gbm,1,2023-12-31,31851.05,28994.06,43105.42
S13_D06,13,6,global_gbm,2,2024-01-07,26238.45,23064.86,29456.36
S13_D06,13,6,global_gbm,3,2024-01-14,25806.08,24206.53,27303.26
S13_D06,13,6,global_gbm,4,2024-01-21,26548.94,25129.9,28279.09
S13_D06,13,6,global_gbm,5,2024-01-28,26424.33,24705.75,28615.38
S13_D06,13,6,global_gbm,6,2024-02-04,30569.88,29089.85,32948.31
S13_D06,13,6,global_gbm,7,2024-02-11,32566.04,30491.17,33524.71
S13_D06,13,6,global_gbm,8,2024-02-18,28066.38,24903.43,30839.58
S13_D07,13,7,seasonal_naive,1,2023-12-31,26787.53,24787.21,28787.85
S13_D07,13,7,seasonal_naive,2,2024-01-07,27463.59,25463.27,29463.91
S13_D07,13,7,seasonal_naive,3,2024-01-14,26697.25,24696.93,28697.57
S13_D07,13,7,seasonal_naive,4,2024-01-21,26549.05,24548.73,28549.37
S13_D07,13,7,seasonal_naive,5,2024-01-28,26126.2,24125.88,28126.52
S13_D07,13,7,seasonal_naive,6,2024-02-04,28296.64,26296.32,30296.96
S13_D07,13,7,seasonal_naive,7,2024-02-11,28735.2,26734.88,30735.52
S13_D07,13,7,seasonal_naive,8,2024-02-18,24275.99,22275.67,26276.31
S13_D08,13,8,seasonal_naive,1,2023-12-31,6298.63,5367.41,7229.85
S13_D08,13,8,seasonal_naive,2,2024-01-07,5775.29,4844.07,6706.51
S13_D08,13,8,seasonal_naive,3,2024-01-14,5425.49,4494.27,6356.71
S13_D08,13,8,seasonal_naive,4,2024-01-21,5371.55,4440.33,6302.77
S13_D08,13,8,seasonal_naive,5,2024-01-28,5509.18,4577.96,6440.4
S13_D08,13,8,seasonal_naive,6,2024-02-04,6158.07,5226.85,7089.29
S13_D08,13,8,seasonal_naive,7,2024-02-11,6300.07,5368.85,7231.29
S13_D08,13,8,seasonal_naive,8,2024-02-18,6032.31,5101.09,6963.53
S13_D09,13,9,global_gbm,1,2023-12-31,18596.78,18274.18,21442.0
S13_D09,13,9,global_gbm,2,2024-01-07,17276.62,16223.89,19039.73
S13_D09,13,9,global_gbm,3,2024-01-14,16912.87,16191.45,18473.28
S13_D09,13,9,global_gbm,4,2024-01-21,16472.62,16129.98,18505.79
S13_D09,13,9,global_gbm,5,2024-01-28,17636.94,15680.62,18858.27
S13_D09,13,9,global_gbm,6,2024-02-04,19341.97,18076.9,21232.81
S13_D09,13,9,global_gbm,7,2024-02-11,18595.31,18459.86,20363.27
S13_D09,13,9,global_gbm,8,2024-02-18,17521.96,16686.29,19264.16
S13_D10,13,10,seasonal_naive,1,2023-12-31,5716.39,5222.98,6209.8
S13_D10,13,10,seasonal_naive,2,2024-01-07,5788.92,5295.51,6282.33
S13_D10,13,10,seasonal_naive,3,2024-01-14,5884.73,5391.32,6378.14
S13_D10,13,10,seasonal_naive,4,2024-01-21,5569.74,5076.33,6063.15
S13_D10,13,10,seasonal_naive,5,2024-01-28,5081.57,4588.16,5574.98
S13_D10,13,10,seasonal_naive,6,2024-02-04,6804.85,6311.44,7298.26
S13_D10,13,10,seasonal_naive,7,2024-02-11,7444.81,6951.4,7938.22
S13_D10,13,10,seasonal_naive,8,2024-02-18,5574.51,5081.1,6067.92
S13_D11,13,11,global_gbm,1,2023-12-31,31676.86,26132.56,39964.75
S13_D11,13,11,global_gbm,2,2024-01-07,23360.97,18822.68,28024.86
S13_D11,13,11,global_gbm,3,2024-01-14,21014.68,18204.6,22582.24
S13_D11,13,11,global_gbm,4,2024-01-21,21622.15,19839.62,22564.23
S13_D11,13,11,global_gbm,5,2024-01-28,21733.62,19650.2,22661.9
S13_D11,13,11,global_gbm,6,2024-02-04,31048.31,26724.13,31048.31
S13_D11,13,11,global_gbm,7,2024-02-11,31073.61,26894.98,32599.27
S13_D11,13,11,global_gbm,8,2024-02-18,25852.6,20887.8,29219.19
S13_D12,13,12,seasonal_naive,1,2023-12-31,8053.31,5952.63,10153.99
S13_D12,13,12,seasonal_naive,2,2024-01-07,8108.09,6007.41,10208.77
S13_D12,13,12,seasonal_naive,3,2024-01-14,8478.49,6377.81,10579.17
S13_D12,13,12,seasonal_naive,4,2024-01-21,8315.07,6214.39,10415.75
S13_D12,13,12,seasonal_naive,5,2024-01-28,8402.72,6302.04,10503.4
S13_D12,13,12,seasonal_naive,6,2024-02-04,10468.02,8367.34,12568.7
S13_D12,13,12,seasonal_naive,7,2024-02-11,9746.92,7646.24,11847.6
S13_D12,13,12,seasonal_naive,8,2024-02-18,8582.51,6481.83,10683.19
S14_D01,14,1,seasonal_naive,1,2023-12-31,12411.11,10122.86,14699.36
S14_D01,14,1,seasonal_naive,2,2024-01-07,11386.32,9098.07,13674.57
S14_D01,14,1,seasonal_naive,3,2024-01-14,11538.65,9250.4,13826.9
S14_D01,14,1,seasonal_naive,4,2024-01-21,11509.24,9220.99,13797.49
S14_D01,14,1,seasonal_naive,5,2024-01-28,11629.23,9340.98,13917.48
S14_D01,14,1,seasonal_naive,6,2024-02-04,15335.12,13046.87,17623.37
S14_D01,14,1,seasonal_naive,7,2024-02-11,14412.62,12124.37,16700.87
S14_D01,14,1,seasonal_naive,8,2024-02-18,12223.32,9935.07,14511.57
S14_D02,14,2,seasonal_naive,1,2023-12-31,19449.35,17131.21,21767.49
S14_D02,14,2,seasonal_naive,2,2024-01-07,20316.97,17998.83,22635.11
S14_D02,14,2,seasonal_naive,3,2024-01-14,20093.92,17775.78,22412.06
S14_D02,14,2,seasonal_naive,4,2024-01-21,18833.29,16515.15,21151.43
S14_D02,14,2,seasonal_naive,5,2024-01-28,20112.12,17793.98,22430.26
S14_D02,14,2,seasonal_naive,6,2024-02-04,26503.84,24185.7,28821.98
S14_D02,14,2,seasonal_naive,7,2024-02-11,27688.81,25370.67,30006.95
S14_D02,14,2,seasonal_naive,8,2024-02-18,18136.62,15818.48,20454.76
S14_D03,14,3,global_gbm,1,2023-12-31,35943.36,30459.35,46368.72
S14_D03,14,3,global_gbm,2,2024-01-07,27392.35,23528.19,31679.57
S14_D03,14,3,global_gbm,3,2024-01-14,25132.56,22748.56,27082.06
S14_D03,14,3,global_gbm,4,2024-01-21,26564.29,23986.95,28855.84
S14_D03,14,3,global_gbm,5,2024-01-28,25937.17,23718.89,28249.7
S14_D03,14,3,global_gbm,6,2024-02-04,31691.61,30934.6,33134.52
S14_D03,14,3,global_gbm,7,2024-02-11,31954.53,30671.74,33033.97
S14_D03,14,3,global_gbm,8,2024-02-18,27627.44,23929.72,30999.65
S14_D04,14,4,seasonal_naive,1,2023-12-31,6490.88,5933.22,7048.54
S14_D04,14,4,seasonal_naive,2,2024-01-07,6652.38,6094.72,7210.04
S14_D04,14,4,seasonal_naive,3,2024-01-14,6905.82,6348.16,7463.48
S14_D04,14,4,seasonal_naive,4,2024-01-21,7512.61,6954.95,8070.27
S14_D04,14,4,seasonal_naive,5,2024-01-28,6891.12,6333.46,7448.78
S14_D04,14,4,seasonal_naive,6,2024-02-04,6781.55,6223.89,7339.21
S14_D04,14,4,seasonal_naive,7,2024-02-11,6786.28,6228.62,7343.94
S14_D04,14,4,seasonal_naive,8,2024-02-18,6354.36,5796.7,6912.02
S14_D05,14,5,seasonal_naive,1,2023-12-31,14344.46,12957.69,15731.23
S14_D05,14,5,seasonal_naive,2,2024-01-07,15408.92,14022.15,16795.69
S14_D05,14,5,seasonal_naive,3,2024-01-14,15489.29,14102.52,16876.06
S14_D05,14,5,seasonal_naive,4,2024-01-21,14178.86,12792.09,15565.63
S14_D05,14,5,seasonal_naive,5,2024-01-28,16107.19,14720.42,17493.96
S14_D05,14,5,seasonal_naive,6,2024-02-04,17839.15,16452.38,19225.92
S14_D05,14,5,seasonal_naive,7,2024-02-11,21025.01,19638.24,22411.78
S14_D05,14,5,seasonal_naive,8,2024-02-18,18176.92,16790.15,19563.69
S14_D06,14,6,global_gbm,1,2023-12-31,29049.54,28989.56,38166.64
S14_D06,14,6,global_gbm,2,2024-01-07,24565.91,21839.14,28130.75
S14_D06,14,6,global_gbm,3,2024-01-14,23058.44,21896.97,24368.96
S14_D06,14,6,global_gbm,4,2024-01-21,23362.73,21770.34,24994.81
S14_D06,14,6,global_gbm,5,2024-01-28,23658.2,21900.58,24651.56
S14_D06,14,6,global_gbm,6,2024-02-04,27846.84,26245.46,30476.31
S14_D06,14,6,global_gbm,7,2024-02-11,29141.03,26986.98,29141.03
S14_D06,14,6,global_gbm,8,2024-02-18,26304.15,23051.01,29028.4
S14_D07,14,7,seasonal_naive,1,2023-12-31,23205.4,13979.36,32431.44
S14_D07,14,7,seasonal_naive,2,2024-01-07,26103.6,16877.56,35329.64
S14_D07,14,7,seasonal_naive,3,2024-01-14,24578.0,15351.96,33804.04
S14_D07,14,7,seasonal_naive,4,2024-01-21,25775.72,16549.68,35001.76
S14_D07,14,7,seasonal_naive,5,2024-01-28,24226.14,15000.1,33452.18
S14_D07,14,7,seasonal_naive,6,2024-02-04,25534.96,16308.92,34761.0
S14_D07,14,7,seasonal_naive,7,2024-02-11,25663.08,16437.04,34889.12
S14_D07,14,7,seasonal_naive,8,2024-02-18,22987.23,13761.19,32213.27
S14_D08,14,8,holt_winters,1,2023-12-31,4939.63,4349.75,5529.52
S14_D08,14,8,holt_winters,2,2024-01-07,4827.15,4237.26,5417.03
S14_D08,14,8,holt_winters,3,2024-01-14,4955.18,4365.29,5545.07
S14_D08,14,8,holt_winters,4,2024-01-21,5033.98,4444.09,5623.86
S14_D08,14,8,holt_winters,5,2024-01-28,4982.11,4392.22,5571.99
S14_D08,14,8,holt_winters,6,2024-02-04,5437.95,4848.07,6027.84
S14_D08,14,8,holt_winters,7,2024-02-11,5026.27,4436.38,5616.15
S14_D08,14,8,holt_winters,8,2024-02-18,4749.79,4159.91,5339.68
S14_D09,14,9,seasonal_naive,1,2023-12-31,15000.98,14046.78,15955.18
S14_D09,14,9,seasonal_naive,2,2024-01-07,15671.58,14717.38,16625.78
S14_D09,14,9,seasonal_naive,3,2024-01-14,16164.19,15209.99,17118.39
S14_D09,14,9,seasonal_naive,4,2024-01-21,15395.78,14441.58,16349.98
S14_D09,14,9,seasonal_naive,5,2024-01-28,15649.75,14695.55,16603.95
S14_D09,14,9,seasonal_naive,6,2024-02-04,17366.77,16412.57,18320.97
S14_D09,14,9,seasonal_naive,7,2024-02-11,16191.49,15237.29,17145.69
S14_D09,14,9,seasonal_naive,8,2024-02-18,15903.99,14949.79,16858.19
S14_D10,14,10,holt_winters,1,2023-12-31,4492.39,3612.98,5371.79
S14_D10,14,10,holt_winters,2,2024-01-07,4903.26,4023.85,5782.66
S14_D10,14,10,holt_winters,3,2024-01-14,4676.2,3796.8,5555.6
S14_D10,14,10,holt_winters,4,2024-01-21,4738.76,3859.36,5618.17
S14_D10,14,10,holt_winters,5,2024-01-28,5079.6,4200.2,5959.0
S14_D10,14,10,holt_winters,6,2024-02-04,5717.37,4837.97,6596.77
S14_D10,14,10,holt_winters,7,2024-02-11,5208.07,4328.67,6087.47
S14_D10,14,10,holt_winters,8,2024-02-18,4208.28,3328.88,5087.68
S14_D11,14,11,global_gbm,1,2023-12-31,28182.81,24826.94,38973.69
S14_D11,14,11,global_gbm,2,2024-01-07,20950.65,16710.97,25258.01
S14_D11,14,11,global_gbm,3,2024-01-14,19861.67,16615.15,20297.13
S14_D11,14,11,global_gbm,4,2024-01-21,19739.69,17958.36,21347.03
S14_D11,14,11,global_gbm,5,2024-01-28,19825.61,18163.37,20930.08
S14_D11,14,11,global_gbm,6,2024-02-04,28113.03,24321.94,28124.67
S14_D11,14,11,global_gbm,7,2024-02-11,28665.4,25078.23,29923.86
S14_D11,14,11,global_gbm,8,2024-02-18,24453.1,18449.16,26859.77
S14_D12,14,12,seasonal_naive,1,2023-12-31,6832.5,6186.87,7478.13
S14_D12,14,12,seasonal_naive,2,2024-01-07,7368.49,6722.86,8014.12
S14_D12,14,12,seasonal_naive,3,2024-01-14,7917.8,7272.17,8563.43
S14_D12,14,12,seasonal_naive,4,2024-01-21,7164.56,6518.93,7810.19
S14_D12,14,12,seasonal_naive,5,2024-01-28,6985.3,6339.67,7630.93
S14_D12,14,12,seasonal_naive,6,2024-02-04,9403.52,8757.89,10049.15
S14_D12,14,12,seasonal_naive,7,2024-02-11,9445.28,8799.65,10090.91
S14_D12,14,12,seasonal_naive,8,2024-02-18,6841.55,6195.92,7487.18
S15_D01,15,1,global_gbm,1,2023-12-31,87086.91,67292.03,95265.54
S15_D01,15,1,global_gbm,2,2024-01-07,59919.21,55440.58,65926.02
S15_D01,15,1,global_gbm,3,2024-01-14,58097.44,56015.6,64677.81
S15_D01,15,1,global_gbm,4,2024-01-21,63078.02,58757.9,67166.21
S15_D01,15,1,global_gbm,5,2024-01-28,63482.18,57877.63,71988.87
S15_D01,15,1,global_gbm,6,2024-02-04,85225.19,76278.64,91596.87
S15_D01,15,1,global_gbm,7,2024-02-11,88844.46,73545.09,98042.41
S15_D01,15,1,global_gbm,8,2024-02-18,69726.76,58986.42,73106.89
S15_D02,15,2,global_gbm,1,2023-12-31,150362.68,112042.66,154995.8
S15_D02,15,2,global_gbm,2,2024-01-07,109497.03,99621.24,120374.21
S15_D02,15,2,global_gbm,3,2024-01-14,108201.01,100043.54,115859.48
S15_D02,15,2,global_gbm,4,2024-01-21,106331.99,97989.04,115538.45
S15_D02,15,2,global_gbm,5,2024-01-28,105415.77,97980.38,116009.42
S15_D02,15,2,global_gbm,6,2024-02-04,147021.75,120084.06,161706.06
S15_D02,15,2,global_gbm,7,2024-02-11,177305.42,131327.08,196994.43
S15_D02,15,2,global_gbm,8,2024-02-18,106082.31,97926.03,120063.36
S15_D03,15,3,global_gbm,1,2023-12-31,174150.43,124601.4,174150.43
S15_D03,15,3,global_gbm,2,2024-01-07,111623.99,100598.36,120912.65
S15_D03,15,3,global_gbm,3,2024-01-14,109988.7,101225.17,116278.09
S15_D03,15,3,global_gbm,4,2024-01-21,110809.33,99383.04,118550.26
S15_D03,15,3,global_gbm,5,2024-01-28,111071.39,99374.39,119021.22
S15_D03,15,3,global_gbm,6,2024-02-04,181098.88,127375.89,198776.38
S15_D03,15,3,global_gbm,7,2024-02-11,178757.92,131993.72,196878.64
S15_D03,15,3,global_gbm,8,2024-02-18,106721.87,98675.38,120076.57
S15_D04,15,4,global_gbm,1,2023-12-31,34917.44,33167.94,45198.43
S15_D04,15,4,global_gbm,2,2024-01-07,32426.64,30912.03,35314.94
S15_D04,15,4,global_gbm,3,2024-01-14,31806.67,30604.68,34446.35
S15_D04,15,4,global_gbm,4,2024-01-21,34170.44,31067.85,35769.82
S15_D04,15,4,global_gbm,5,2024-01-28,32715.09,30310.36,35955.53
S15_D04,15,4,global_gbm,6,2024-02-04,33700.43,31720.5,37683.99
S15_D04,15,4,global_gbm,7,2024-02-11,35019.37,32566.29,39472.33
S15_D04,15,4,global_gbm,8,2024-02-18,33251.99,31470.34,35911.69
S15_D05,15,5,global_gbm,1,2023-12-31,118359.27,86467.9,121279.8
S15_D05,15,5,global_gbm,2,2024-01-07,88348.63,73080.0,88348.63
S15_D05,15,5,global_gbm,3,2024-01-14,83799.37,77012.75,90592.79
S15_D05,15,5,global_gbm,4,2024-01-21,84466.74,79712.82,92783.27
S15_D05,15,5,global_gbm,5,2024-01-28,85278.51,77919.86,93231.39
S15_D05,15,5,global_gbm,6,2024-02-04,106353.53,99506.6,112201.05
S15_D05,15,5,global_gbm,7,2024-02-11,113932.47,95402.04,122623.33
S15_D05,15,5,global_gbm,8,2024-02-18,91422.78,78627.86,92463.47
S15_D06,15,6,global_gbm,1,2023-12-31,159032.96,118605.86,159032.96
S15_D06,15,6,global_gbm,2,2024-01-07,106113.78,96521.48,114108.44
S15_D06,15,6,global_gbm,3,2024-01-14,106708.33,99423.99,114539.46
S15_D06,15,6,global_gbm,4,2024-01-21,110818.81,101585.48,114989.11
S15_D06,15,6,global_gbm,5,2024-01-28,111160.78,101585.48,115343.47
S15_D06,15,6,global_gbm,6,2024-02-04,169898.03,127229.94,190825.09
S15_D06,15,6,global_gbm,7,2024-02-11,165962.81,131847.77,189132.53
S15_D06,15,6,global_gbm,8,2024-02-18,106452.91,98729.71,118924.85
S15_D07,15,7,global_gbm,1,2023-12-31,138214.97,120171.31,145313.02
S15_D07,15,7,global_gbm,2,2024-01-07,114204.53,103895.67,121922.16
S15_D07,15,7,global_gbm,3,2024-01-14,114212.59,104143.39,121922.16
S15_D07,15,7,global_gbm,4,2024-01-21,110259.34,101508.56,121147.66
S15_D07,15,7,global_gbm,5,2024-01-28,113547.36,101466.55,119667.94
S15_D07,15,7,global_gbm,6,2024-02-04,137307.54,119897.55,147331.41
S15_D07,15,7,global_gbm,7,2024-02-11,137365.98,121874.94,144511.75
S15_D07,15,7,global_gbm,8,2024-02-18,112681.34,102022.97,123837.22
S15_D08,15,8,global_gbm,1,2023-12-31,28200.91,26083.19,32964.6
S15_D08,15,8,global_gbm,2,2024-01-07,26137.14,24714.61,29189.61
S15_D08,15,8,global_gbm,3,2024-01-14,26165.23,24760.94,28598.07
S15_D08,15,8,global_gbm,4,2024-01-21,25596.73,24652.04,28298.72
S15_D08,15,8,global_gbm,5,2024-01-28,25853.5,24306.59,27768.9
S15_D08,15,8,global_gbm,6,2024-02-04,27471.15,26511.51,29873.86
S15_D08,15,8,global_gbm,7,2024-02-11,28922.34,27766.67,30995.19
S15_D08,15,8,global_gbm,8,2024-02-18,26880.16,24898.93,29384.51
S15_D09,15,9,global_gbm,1,2023-12-31,92241.46,79799.34,96199.61
S15_D09,15,9,global_gbm,2,2024-01-07,83705.8,76493.87,89880.82
S15_D09,15,9,global_gbm,3,2024-01-14,81469.7,74626.89,86526.26
S15_D09,15,9,global_gbm,4,2024-01-21,78921.32,73272.59,83880.85
S15_D09,15,9,global_gbm,5,2024-01-28,79708.1,73956.77,86965.48
S15_D09,15,9,global_gbm,6,2024-02-04,87319.55,85232.73,101787.23
S15_D09,15,9,global_gbm,7,2024-02-11,90257.05,88957.5,103100.97
S15_D09,15,9,global_gbm,8,2024-02-18,81146.44,72631.2,88072.38
S15_D10,15,10,global_gbm,1,2023-12-31,34797.56,29790.47,45227.45
S15_D10,15,10,global_gbm,2,2024-01-07,29209.75,23740.39,32198.83
S15_D10,15,10,global_gbm,3,2024-01-14,27413.0,24038.35,29942.58
S15_D10,15,10,global_gbm,4,2024-01-21,28663.56,27321.71,29924.63
S15_D10,15,10,global_gbm,5,2024-01-28,28582.5,26015.5,32671.26
S15_D10,15,10,global_gbm,6,2024-02-04,31946.72,30771.15,32837.8
S15_D10,15,10,global_gbm,7,2024-02-11,33887.19,31168.06,35341.41
S15_D10,15,10,global_gbm,8,2024-02-18,29007.85,26466.95,33758.27
S15_D11,15,11,global_gbm,1,2023-12-31,134666.77,100076.73,138561.64
S15_D11,15,11,global_gbm,2,2024-01-07,94905.6,85499.5,102014.14
S15_D11,15,11,global_gbm,3,2024-01-14,90711.54,89394.85,101281.77
S15_D11,15,11,global_gbm,4,2024-01-21,88772.86,82164.79,94680.63
S15_D11,15,11,global_gbm,5,2024-01-28,92016.1,88580.18,100284.74
S15_D11,15,11,global_gbm,6,2024-02-04,137843.26,116299.04,145947.44
S15_D11,15,11,global_gbm,7,2024-02-11,142037.1,122139.85,151845.44
S15_D11,15,11,global_gbm,8,2024-02-18,102566.86,85730.53,105312.0
S15_D12,15,12,global_gbm,1,2023-12-31,58349.81,39753.97,61630.86
S15_D12,15,12,global_gbm,2,2024-01-07,38664.14,34252.52,48579.2
S15_D12,15,12,global_gbm,3,2024-01-14,39428.71,37171.86,42942.92
S15_D12,15,12,global_gbm,4,2024-01-21,41437.82,37134.79,43933.37
S15_D12,15,12,global_gbm,5,2024-01-28,40869.63,37271.44,43746.32
S15_D12,15,12,global_gbm,6,2024-02-04,52848.88,42118.83,52848.88
S15_D12,15,12,global_gbm,7,2024-02-11,53667.14,46174.69,56786.35
S15_D12,15,12,global_gbm,8,2024-02-18,44506.52,38581.31,53510.77
S16_D01,16,1,global_gbm,1,2023-12-31,45870.59,36634.47,52706.51
S16_D01,16,1,global_gbm,2,2024-01-07,30264.74,25510.18,37864.38
S16_D01,16,1,global_gbm,3,2024-01-14,30546.42,28311.88,31895.11
S16_D01,16,1,global_gbm,4,2024-01-21,31543.4,29077.06,34035.36
S16_D01,16,1,global_gbm,5,2024-01-28,30528.75,28831.72,33409.4
S16_D01,16,1,global_gbm,6,2024-02-04,41315.27,37105.66,41315.27
S16_D01,16,1,global_gbm,7,2024-02-11,42640.81,38338.87,42875.66
S16_D01,16,1,global_gbm,8,2024-02-18,35243.71,31107.83,39829.24
S16_D02,16,2,global_gbm,1,2023-12-31,77165.04,56006.19,78144.56
S16_D02,16,2,global_gbm,2,2024-01-07,50852.1,44262.75,53899.39
S16_D02,16,2,global_gbm,3,2024-01-14,50673.3,46643.53,53366.81
S16_D02,16,2,global_gbm,4,2024-01-21,51138.61,46468.22,52819.62
S16_D02,16,2,global_gbm,5,2024-01-28,50555.4,48618.42,55228.76
S16_D02,16,2,global_gbm,6,2024-02-04,69275.34,61597.08,78360.74
S16_D02,16,2,global_gbm,7,2024-02-11,72401.89,66178.65,80789.01
S16_D02,16,2,global_gbm,8,2024-02-18,53820.3,49924.84,63011.26
S16_D03,16,3,global_gbm,1,2023-12-31,80899.4,60039.82,85067.12
S16_D03,16,3,global_gbm,2,2024-01-07,58882.47,52534.24,60787.19
S16_D03,16,3,global_gbm,3,2024-01-14,58105.18,51304.98,60241.58
S16_D03,16,3,global_gbm,4,2024-01-21,57033.06,51903.02,60725.15
S16_D03,16,3,global_gbm,5,2024-01-28,53755.08,50835.38,60026.31
S16_D03,16,3,global_gbm,6,2024-02-04,75195.2,68288.75,85784.98
S16_D03,16,3,global_gbm,7,2024-02-11,77522.93,72797.73,90073.53
S16_D03,16,3,global_gbm,8,2024-02-18,63055.54,54472.53,68438.54
S16_D04,16,4,global_gbm,1,2023-12-31,17233.3,15984.65,17968.6
S16_D04,16,4,global_gbm,2,2024-01-07,16138.39,15089.67,17169.87
S16_D04,16,4,global_gbm,3,2024-01-14,15689.26,15034.33,16752.69
S16_D04,16,4,global_gbm,4,2024-01-21,15751.54,15089.85,17802.89
S16_D04,16,4,global_gbm,5,2024-01-28,15777.4,15082.76,17172.62
S16_D04,16,4,global_gbm,6,2024-02-04,17158.19,14999.99,17158.19
S16_D04,16,4,global_gbm,7,2024-02-11,17793.05,16282.84,18417.64
S16_D04,16,4,global_gbm,8,2024-02-18,16731.81,14863.13,17329.67
S16_D05,16,5,global_gbm,1,2023-12-31,53200.82,37541.62,59732.73
S16_D05,16,5,global_gbm,2,2024-01-07,37180.83,32730.99,43898.47
S16_D05,16,5,global_gbm,3,2024-01-14,37071.43,34505.48,39407.74
S16_D05,16,5,global_gbm,4,2024-01-21,38566.51,35679.7,40224.09
S16_D05,16,5,global_gbm,5,2024-01-28,37203.19,35021.85,40449.24
S16_D05,16,5,global_gbm,6,2024-02-04,45321.46,42423.92,50738.56
S16_D05,16,5,global_gbm,7,2024-02-11,42417.16,38743.37,49592.97
S16_D05,16,5,global_gbm,8,2024-02-18,39032.7,35254.28,41930.06
S16_D06,16,6,global_gbm,1,2023-12-31,74435.52,54926.37,78122.97
S16_D06,16,6,global_gbm,2,2024-01-07,54421.09,48549.96,57426.42
S16_D06,16,6,global_gbm,3,2024-01-14,54479.12,49148.86,58421.67
S16_D06,16,6,global_gbm,4,2024-01-21,53534.34,49572.53,57707.67
S16_D06,16,6,global_gbm,5,2024-01-28,52103.22,49116.89,56812.43
S16_D06,16,6,global_gbm,6,2024-02-04,63448.61,58592.19,75899.81
S16_D06,16,6,global_gbm,7,2024-02-11,71340.85,64486.07,80948.02
S16_D06,16,6,global_gbm,8,2024-02-18,53577.53,48125.89,63280.52
S16_D07,16,7,global_gbm,1,2023-12-31,64323.68,56503.79,76317.97
S16_D07,16,7,global_gbm,2,2024-01-07,58892.4,51570.82,60452.88
S16_D07,16,7,global_gbm,3,2024-01-14,57617.42,53354.05,61642.33
S16_D07,16,7,global_gbm,4,2024-01-21,58719.59,55357.78,61739.75
S16_D07,16,7,global_gbm,5,2024-01-28,58398.4,52642.61,61693.27
S16_D07,16,7,global_gbm,6,2024-02-04,60188.06,55192.92,69790.71
S16_D07,16,7,global_gbm,7,2024-02-11,61128.27,56432.98,71741.4
S16_D07,16,7,global_gbm,8,2024-02-18,57949.13,53533.68,62581.76
S16_D08,16,8,global_gbm,1,2023-12-31,14876.13,13627.22,15602.43
S16_D08,16,8,global_gbm,2,2024-01-07,13661.79,11984.21,14158.92
S16_D08,16,8,global_gbm,3,2024-01-14,13245.71,11308.76,14006.23
S16_D08,16,8,global_gbm,4,2024-01-21,13299.14,12698.05,14400.57
S16_D08,16,8,global_gbm,5,2024-01-28,12984.54,11806.58,13961.28
S16_D08,16,8,global_gbm,6,2024-02-04,14574.93,12958.36,15064.98
S16_D08,16,8,global_gbm,7,2024-02-11,14853.82,13152.64,15078.6
S16_D08,16,8,global_gbm,8,2024-02-18,13224.6,12491.64,14562.43
S16_D09,16,9,global_gbm,1,2023-12-31,40129.61,35613.55,44763.17
S16_D09,16,9,global_gbm,2,2024-01-07,37074.36,36119.86,40866.17
S16_D09,16,9,global_gbm,3,2024-01-14,35830.22,34459.32,39721.39
S16_D09,16,9,global_gbm,4,2024-01-21,36489.87,34084.38,39538.75
S16_D09,16,9,global_gbm,5,2024-01-28,36155.76,33216.16,38582.57
S16_D09,16,9,global_gbm,6,2024-02-04,40157.44,38285.1,46380.68
S16_D09,16,9,global_gbm,7,2024-02-11,40210.46,37800.14,45399.6
S16_D09,16,9,global_gbm,8,2024-02-18,37856.35,34928.86,41227.26
S16_D10,16,10,global_gbm,1,2023-12-31,19584.37,15292.79,19643.59
S16_D10,16,10,global_gbm,2,2024-01-07,15326.55,10464.45,16476.47
S16_D10,16,10,global_gbm,3,2024-01-14,14073.29,11270.07,15323.16
S16_D10,16,10,global_gbm,4,2024-01-21,14205.49,12190.47,15544.25
S16_D10,16,10,global_gbm,5,2024-01-28,14277.58,12416.64,15323.05
S16_D10,16,10,global_gbm,6,2024-02-04,17856.72,15789.8,18268.64
S16_D10,16,10,global_gbm,7,2024-02-11,19838.79,17032.5,19838.79
S16_D10,16,10,global_gbm,8,2024-02-18,16460.92,13541.39,18236.3
S16_D11,16,11,global_gbm,1,2023-12-31,74258.16,46770.45,74993.13
S16_D11,16,11,global_gbm,2,2024-01-07,47511.75,38351.15,50849.94
S16_D11,16,11,global_gbm,3,2024-01-14,43561.32,36348.51,46778.14
S16_D11,16,11,global_gbm,4,2024-01-21,43949.88,41129.13,46987.74
S16_D11,16,11,global_gbm,5,2024-01-28,42569.66,40069.51,47387.3
S16_D11,16,11,global_gbm,6,2024-02-04,56114.16,51838.03,62079.51
S16_D11,16,11,global_gbm,7,2024-02-11,60575.35,55384.54,64718.2
S16_D11,16,11,global_gbm,8,2024-02-18,47639.88,38772.97,57664.71
S16_D12,16,12,global_gbm,1,2023-12-31,26544.25,22484.72,32069.48
S16_D12,16,12,global_gbm,2,2024-01-07,20995.2,16563.84,24374.11
S16_D12,16,12,global_gbm,3,2024-01-14,19958.13,17117.92,20571.57
S16_D12,16,12,global_gbm,4,2024-01-21,20034.95,19266.44,22102.72
S16_D12,16,12,global_gbm,5,2024-01-28,20382.68,18981.42,22276.44
S16_D12,16,12,global_gbm,6,2024-02-04,27395.48,24581.84,29128.64
S16_D12,16,12,global_gbm,7,2024-02-11,27468.9,25106.87,28498.77
S16_D12,16,12,global_gbm,8,2024-02-18,23616.89,20621.55,25355.34
S17_D01,17,1,global_gbm,1,2023-12-31,36047.34,33915.52,47528.2
S17_D01,17,1,global_gbm,2,2024-01-07,28585.73,25851.83,33069.85
S17_D01,17,1,global_gbm,3,2024-01-14,27904.83,25308.5,28629.87
S17_D01,17,1,global_gbm,4,2024-01-21,28786.46,27518.33,30040.89
S17_D01,17,1,global_gbm,5,2024-01-28,27751.72,25919.8,30348.32
S17_D01,17,1,global_gbm,6,2024-02-04,33206.4,32137.53,34705.32
S17_D01,17,1,global_gbm,7,2024-02-11,33097.42,33097.42,34919.55
S17_D01,17,1,global_gbm,8,2024-02-18,28684.93,26439.24,32214.58
S17_D02,17,2,global_gbm,1,2023-12-31,77138.92,46933.33,77138.92
S17_D02,17,2,global_gbm,2,2024-01-07,49493.75,40117.09,53226.61
S17_D02,17,2,global_gbm,3,2024-01-14,48733.65,43908.3,51232.89
S17_D02,17,2,global_gbm,4,2024-01-21,49926.39,46036.92,52260.46
S17_D02,17,2,global_gbm,5,2024-01-28,47445.36,44391.92,51151.17
S17_D02,17,2,global_gbm,6,2024-02-04,65266.94,59238.07,72909.8
S17_D02,17,2,global_gbm,7,2024-02-11,67137.84,58022.13,71770.73
S17_D02,17,2,global_gbm,8,2024-02-18,51606.49,42903.78,58385.99
S17_D03,17,3,global_gbm,1,2023-12-31,76601.12,54825.56,77707.2
S17_D03,17,3,global_gbm,2,2024-01-07,62299.23,54158.44,63783.69
S17_D03,17,3,global_gbm,3,2024-01-14,59781.28,53990.32,62760.63
S17_D03,17,3,global_gbm,4,2024-01-21,57247.88,52524.22,61816.1
S17_D03,17,3,global_gbm,5,2024-01-28,55027.54,50574.48,60331.46
S17_D03,17,3,global_gbm,6,2024-02-04,71684.78,65115.54,80705.01
S17_D03,17,3,global_gbm,7,2024-02-11,72987.0,69121.84,86998.06
S17_D03,17,3,global_gbm,8,2024-02-18,56008.92,52558.26,63788.74
S17_D04,17,4,global_gbm,1,2023-12-31,16009.96,15165.61,17172.84
S17_D04,17,4,global_gbm,2,2024-01-07,14469.81,13422.57,15465.01
S17_D04,17,4,global_gbm,3,2024-01-14,14385.84,13131.79,15546.97
S17_D04,17,4,global_gbm,4,2024-01-21,14072.19,13099.85,15709.79
S17_D04,17,4,global_gbm,5,2024-01-28,14100.1,13135.4,15798.11
S17_D04,17,4,global_gbm,6,2024-02-04,15463.05,14137.27,16857.44
S17_D04,17,4,global_gbm,7,2024-02-11,15731.98,14029.44,16048.24
S17_D04,17,4,global_gbm,8,2024-02-18,14438.21,13720.02,15598.0
S17_D05,17,5,global_gbm,1,2023-12-31,49219.07,36214.28,56333.92
S17_D05,17,5,global_gbm,2,2024-01-07,33258.1,30245.7,40432.4
S17_D05,17,5,global_gbm,3,2024-01-14,31785.27,30792.37,36638.22
S17_D05,17,5,global_gbm,4,2024-01-21,33665.72,30292.18,35281.36
S17_D05,17,5,global_gbm,5,2024-01-28,32295.15,30740.68,35697.03
S17_D05,17,5,global_gbm,6,2024-02-04,39919.96,36961.19,43334.34
S17_D05,17,5,global_gbm,7,2024-02-11,42790.51,39258.26,44552.55
S17_D05,17,5,global_gbm,8,2024-02-18,36240.99,32020.12,41749.2
S17_D06,17,6,global_gbm,1,2023-12-31,69866.14,48414.73,69866.14
S17_D06,17,6,global_gbm,2,2024-01-07,50048.77,46767.02,53443.48
S17_D06,17,6,global_gbm,3,2024-01-14,48459.22,44738.8,51709.63
S17_D06,17,6,global_gbm,4,2024-01-21,48358.0,45745.0,52937.64
S17_D06,17,6,global_gbm,5,2024-01-28,48531.96,45740.29,52713.21
S17_D06,17,6,global_gbm,6,2024-02-04,62129.27,56348.84,69405.7
S17_D06,17,6,global_gbm,7,2024-02-11,58626.21,51215.51,64962.53
S17_D06,17,6,global_gbm,8,2024-02-18,51379.89,45965.03,58661.45
S17_D07,17,7,global_gbm,1,2023-12-31,61732.16,49496.02,63437.09
S17_D07,17,7,global_gbm,2,2024-01-07,53824.44,47660.48,56684.98
S17_D07,17,7,global_gbm,3,2024-01-14,51676.51,48018.79,54975.47
S17_D07,17,7,global_gbm,4,2024-01-21,51752.09,45542.4,53362.19
S17_D07,17,7,global_gbm,5,2024-01-28,52068.86,47073.79,54625.45
S17_D07,17,7,global_gbm,6,2024-02-04,57404.95,51981.71,63183.33
S17_D07,17,7,global_gbm,7,2024-02-11,55376.83,49354.89,62044.15
S17_D07,17,7,global_gbm,8,2024-02-18,51417.06,47652.75,57276.27
S17_D08,17,8,seasonal_naive,1,2023-12-31,10698.88,9733.86,11663.9
S17_D08,17,8,seasonal_naive,2,2024-01-07,11163.87,10198.85,12128.89
S17_D08,17,8,seasonal_naive,3,2024-01-14,11328.99,10363.97,12294.01
S17_D08,17,8,seasonal_naive,4,2024-01-21,12352.03,11387.01,13317.05
S17_D08,17,8,seasonal_naive,5,2024-01-28,11166.6,10201.58,12131.62
S17_D08,17,8,seasonal_naive,6,2024-02-04,11136.02,10171.0,12101.04
S17_D08,17,8,seasonal_naive,7,2024-02-11,11117.03,10152.01,12082.05
S17_D08,17,8,seasonal_naive,8,2024-02-18,10536.53,9571.51,11501.55
S17_D09,17,9,global_gbm,1,2023-12-31,36220.23,34226.76,45992.29
S17_D09,17,9,global_gbm,2,2024-01-07,32514.2,29816.25,35953.89
S17_D09,17,9,global_gbm,3,2024-01-14,32222.96,30868.83,34613.91
S17_D09,17,9,global_gbm,4,2024-01-21,33478.73,31977.99,36509.15
S17_D09,17,9,global_gbm,5,2024-01-28,32970.88,30230.26,36001.6
S17_D09,17,9,global_gbm,6,2024-02-04,36250.14,33132.08,37558.55
S17_D09,17,9,global_gbm,7,2024-02-11,36515.36,32495.97,38379.26
S17_D09,17,9,global_gbm,8,2024-02-18,34133.65,31600.32,36586.86
S17_D10,17,10,global_gbm,1,2023-12-31,17253.02,14582.72,18535.52
S17_D10,17,10,global_gbm,2,2024-01-07,13647.59,9878.32,14801.84
S17_D10,17,10,global_gbm,3,2024-01-14,13368.74,10001.49,13547.34
S17_D10,17,10,global_gbm,4,2024-01-21,13998.07,11469.3,14471.24
S17_D10,17,10,global_gbm,5,2024-01-28,13599.12,12159.47,14353.94
S17_D10,17,10,global_gbm,6,2024-02-04,17533.91,15216.72,17533.91
S17_D10,17,10,global_gbm,7,2024-02-11,18403.05,15227.37,18403.05
S17_D10,17,10,global_gbm,8,2024-02-18,15708.9,12824.79,16823.35
S17_D11,17,11,global_gbm,1,2023-12-31,60735.91,39350.7,63273.63
S17_D11,17,11,global_gbm,2,2024-01-07,38778.17,32071.06,47165.24
S17_D11,17,11,global_gbm,3,2024-01-14,37622.58,34525.21,40477.45
S17_D11,17,11,global_gbm,4,2024-01-21,38541.52,36013.36,41686.59
S17_D11,17,11,global_gbm,5,2024-01-28,36150.58,35980.66,39877.03
S17_D11,17,11,global_gbm,6,2024-02-04,50596.62,46976.16,56269.49
S17_D11,17,11,global_gbm,7,2024-02-11,52955.81,48318.58,56082.58
S17_D11,17,11,global_gbm,8,2024-02-18,41147.08,35875.64,48098.52
S17_D12,17,12,global_gbm,1,2023-12-31,25391.54,21218.54,31036.13
S17_D12,17,12,global_gbm,2,2024-01-07,19305.67,15103.25,23313.8
S17_D12,17,12,global_gbm,3,2024-01-14,17381.13,15636.44,18929.03
S17_D12,17,12,global_gbm,4,2024-01-21,17663.96,16414.46,18796.32
S17_D12,17,12,global_gbm,5,2024-01-28,17479.72,16198.4,18876.14
S17_D12,17,12,global_gbm,6,2024-02-04,21843.98,20231.66,22409.47
S17_D12,17,12,global_gbm,7,2024-02-11,22619.34,22058.67,22806.37
S17_D12,17,12,global_gbm,8,2024-02-18,19759.65,16305.05,21833.11
S18_D01,18,1,global_gbm,1,2023-12-31,35551.86,31879.86,45142.93
S18_D01,18,1,global_gbm,2,2024-01-07,28941.52,24994.77,32632.88
S18_D01,18,1,global_gbm,3,2024-01-14,28314.22,25318.52,28885.31
S18_D01,18,1,global_gbm,4,2024-01-21,29103.89,26362.15,31994.95
S18_D01,18,1,global_gbm,5,2024-01-28,28690.16,26805.64,31215.07
S18_D01,18,1,global_gbm,6,2024-02-04,34050.96,31803.05,35216.27
S18_D01,18,1,global_gbm,7,2024-02-11,34278.56,33109.7,37406.38
S18_D01,18,1,global_gbm,8,2024-02-18,29961.35,26739.74,33662.16
S18_D02,18,2,global_gbm,1,2023-12-31,75224.7,43967.29,75224.7
S18_D02,18,2,global_gbm,2,2024-01-07,47637.17,39704.32,51575.99
S18_D02,18,2,global_gbm,3,2024-01-14,47631.22,43329.91,50447.85
S18_D02,18,2,global_gbm,4,2024-01-21,46065.98,41267.91,49937.9
S18_D02,18,2,global_gbm,5,2024-01-28,46372.79,43550.33,50125.32
S18_D02,18,2,global_gbm,6,2024-02-04,62653.74,57333.38,67402.93
S18_D02,18,2,global_gbm,7,2024-02-11,63552.85,54383.81,68118.51
S18_D02,18,2,global_gbm,8,2024-02-18,49169.36,43664.92,58044.3
S18_D03,18,3,global_gbm,1,2023-12-31,75849.19,54594.48,75849.19
S18_D03,18,3,global_gbm,2,2024-01-07,50276.15,43579.81,52997.9
S18_D03,18,3,global_gbm,3,2024-01-14,51390.33,46422.07,54480.91
S18_D03,18,3,global_gbm,4,2024-01-21,51689.1,48438.68,55232.37
S18_D03,18,3,global_gbm,5,2024-01-28,51201.33,48179.15,57169.79
S18_D03,18,3,global_gbm,6,2024-02-04,69222.38,64540.14,77666.08
S18_D03,18,3,global_gbm,7,2024-02-11,72180.95,67040.45,77609.98
S18_D03,18,3,global_gbm,8,2024-02-18,53119.69,47921.38,63142.91
S18_D04,18,4,seasonal_naive,1,2023-12-31,13268.28,12097.54,14439.02
S18_D04,18,4,seasonal_naive,2,2024-01-07,13492.21,12321.47,14662.95
S18_D04,18,4,seasonal_naive,3,2024-01-14,14015.85,12845.11,15186.59
S18_D04,18,4,seasonal_naive,4,2024-01-21,13734.52,12563.78,14905.26
S18_D04,18,4,seasonal_naive,5,2024-01-28,13364.53,12193.79,14535.27
S18_D04,18,4,seasonal_naive,6,2024-02-04,14183.27,13012.53,15354.01
S18_D04,18,4,seasonal_naive,7,2024-02-11,14440.03,13269.29,15610.77
S18_D04,18,4,seasonal_naive,8,2024-02-18,14664.77,13494.03,15835.51
S18_D05,18,5,global_gbm,1,2023-12-31,41025.1,36765.27,51342.49
S18_D05,18,5,global_gbm,2,2024-01-07,32711.1,30072.65,38024.62
S18_D05,18,5,global_gbm,3,2024-01-14,31883.31,30450.05,34487.14
S18_D05,18,5,global_gbm,4,2024-01-21,32428.52,30539.36,36227.65
S18_D05,18,5,global_gbm,5,2024-01-28,32281.13,30647.38,34023.6
S18_D05,18,5,global_gbm,6,2024-02-04,41139.92,37672.28,44424.67
S18_D05,18,5,global_gbm,7,2024-02-11,40123.94,37579.69,42494.84
S18_D05,18,5,global_gbm,8,2024-02-18,36481.64,31048.99,40087.27
S18_D06,18,6,global_gbm,1,2023-12-31,69668.92,48209.05,69668.92
S18_D06,18,6,global_gbm,2,2024-01-07,48281.62,41937.31,52788.36
S18_D06,18,6,global_gbm,3,2024-01-14,48252.65,42564.78,49238.71
S18_D06,18,6,global_gbm,4,2024-01-21,47504.11,43464.48,50055.9
S18_D06,18,6,global_gbm,5,2024-01-28,47895.99,46073.46,52528.84
S18_D06,18,6,global_gbm,6,2024-02-04,57270.37,52175.42,63471.88
S18_D06,18,6,global_gbm,7,2024-02-11,62373.2,55886.63,65928.23
S18_D06,18,6,global_gbm,8,2024-02-18,50119.96,45027.65,58341.05
S18_D07,18,7,global_gbm,1,2023-12-31,62512.63,49254.22,65126.65
S18_D07,18,7,global_gbm,2,2024-01-07,54589.3,48929.61,57115.92
S18_D07,18,7,global_gbm,3,2024-01-14,52062.92,48034.35,56570.09
S18_D07,18,7,global_gbm,4,2024-01-21,51825.05,45408.96,54401.84
S18_D07,18,7,global_gbm,5,2024-01-28,52095.21,47164.23,54459.52
S18_D07,18,7,global_gbm,6,2024-02-04,54519.95,48243.41,60076.75
S18_D07,18,7,global_gbm,7,2024-02-11,55794.39,51067.99,62021.8
S18_D07,18,7,global_gbm,8,2024-02-18,52090.14,48627.82,57886.94
S18_D08,18,8,global_gbm,1,2023-12-31,12662.54,11439.38,13074.68
S18_D08,18,8,global_gbm,2,2024-01-07,12218.18,10073.23,12218.18
S18_D08,18,8,global_gbm,3,2024-01-14,11906.09,11010.68,11906.09
S18_D08,18,8,global_gbm,4,2024-01-21,11869.74,11076.0,12693.45
S18_D08,18,8,global_gbm,5,2024-01-28,11684.07,10787.65,12693.45
S18_D08,18,8,global_gbm,6,2024-02-04,12577.49,11962.25,13636.95
S18_D08,18,8,global_gbm,7,2024-02-11,12922.16,11768.67,13506.68
S18_D08,18,8,global_gbm,8,2024-02-18,12249.59,10896.21,12789.87
S18_D09,18,9,global_gbm,1,2023-12-31,34841.96,33845.49,43998.19
S18_D09,18,9,global_gbm,2,2024-01-07,32955.06,30708.68,35264.42
S18_D09,18,9,global_gbm,3,2024-01-14,31906.33,30285.8,33831.47
S18_D09,18,9,global_gbm,4,2024-01-21,32428.67,30738.99,35531.08
S18_D09,18,9,global_gbm,5,2024-01-28,32249.47,28001.49,37771.66
S18_D09,18,9,global_gbm,6,2024-02-04,37899.22,36194.82,42448.29
S18_D09,18,9,global_gbm,7,2024-02-11,38083.87,35508.16,40371.1
S18_D09,18,9,global_gbm,8,2024-02-18,35491.81,32473.03,38270.52
S18_D10,18,10,holt_winters,1,2023-12-31,9939.44,8537.01,11341.87
S18_D10,18,10,holt_winters,2,2024-01-07,10142.75,8740.32,11545.18
S18_D10,18,10,holt_winters,3,2024-01-14,9921.41,8518.98,11323.83
S18_D10,18,10,holt_winters,4,2024-01-21,10106.89,8704.46,11509.31
S18_D10,18,10,holt_winters,5,2024-01-28,10637.82,9235.39,12040.25
S18_D10,18,10,holt_winters,6,2024-02-04,12970.02,11567.59,14372.44
S18_D10,18,10,holt_winters,7,2024-02-11,11601.07,10198.64,13003.5
S18_D10,18,10,holt_winters,8,2024-02-18,10657.14,9254.71,12059.56
S18_D11,18,11,global_gbm,1,2023-12-31,59914.47,38882.17,62405.74
S18_D11,18,11,global_gbm,2,2024-01-07,38691.77,34198.72,46922.66
S18_D11,18,11,global_gbm,3,2024-01-14,37452.95,33653.88,39741.94
S18_D11,18,11,global_gbm,4,2024-01-21,38574.76,36327.09,41076.55
S18_D11,18,11,global_gbm,5,2024-01-28,35962.83,35039.38,39433.64
S18_D11,18,11,global_gbm,6,2024-02-04,49194.84,45368.04,53984.13
S18_D11,18,11,global_gbm,7,2024-02-11,52047.08,48091.58,56001.61
S18_D11,18,11,global_gbm,8,2024-02-18,39738.7,35816.96,47102.57
S18_D12,18,12,seasonal_naive,1,2023-12-31,16343.11,15131.65,17554.57
S18_D12,18,12,seasonal_naive,2,2024-01-07,14947.31,13735.85,16158.77
S18_D12,18,12,seasonal_naive,3,2024-01-14,16567.35,15355.89,17778.81
S18_D12,18,12,seasonal_naive,4,2024-01-21,14995.22,13783.76,16206.68
S18_D12,18,12,seasonal_naive,5,2024-01-28,14205.76,12994.3,15417.22
S18_D12,18,12,seasonal_naive,6,2024-02-04,19395.03,18183.57,20606.49
S18_D12,18,12,seasonal_naive,7,2024-02-11,19684.91,18473.45,20896.37
S18_D12,18,12,seasonal_naive,8,2024-02-18,14508.24,13296.78,15719.7
S19_D01,19,1,seasonal_naive,1,2023-12-31,31528.58,28787.82,34269.34
S19_D01,19,1,seasonal_naive,2,2024-01-07,31030.4,28289.64,33771.16
S19_D01,19,1,seasonal_naive,3,2024-01-14,32683.98,29943.22,35424.74
S19_D01,19,1,seasonal_naive,4,2024-01-21,32766.33,30025.57,35507.09
S19_D01,19,1,seasonal_naive,5,2024-01-28,31631.3,28890.54,34372.06
S19_D01,19,1,seasonal_naive,6,2024-02-04,41253.09,38512.33,43993.85
S19_D01,19,1,seasonal_naive,7,2024-02-11,43166.38,40425.62,45907.14
S19_D01,19,1,seasonal_naive,8,2024-02-18,35278.68,32537.92,38019.44
S19_D02,19,2,seasonal_naive,1,2023-12-31,55328.66,48557.88,62099.44
S19_D02,19,2,seasonal_naive,2,2024-01-07,57382.09,50611.31,64152.87
S19_D02,19,2,seasonal_naive,3,2024-01-14,60645.84,53875.06,67416.62
S19_D02,19,2,seasonal_naive,4,2024-01-21,58934.5,52163.72,65705.28
S19_D02,19,2,seasonal_naive,5,2024-01-28,54610.06,47839.28,61380.84
S19_D02,19,2,seasonal_naive,6,2024-02-04,76956.95,70186.17,83727.73
S19_D02,19,2,seasonal_naive,7,2024-02-11,78412.98,71642.2,85183.76
S19_D02,19,2,seasonal_naive,8,2024-02-18,53048.25,46277.47,59819.03
S19_D03,19,3,global_gbm,1,2023-12-31,90658.71,68827.37,98591.48
S19_D03,19,3,global_gbm,2,2024-01-07,67219.1,61501.06,67219.1
S19_D03,19,3,global_gbm,3,2024-01-14,63591.14,61076.54,67475.77
S19_D03,19,3,global_gbm,4,2024-01-21,63751.68,60001.39,65476.31
S19_D03,19,3,global_gbm,5,2024-01-28,62743.74,59887.05,66438.76
S19_D03,19,3,global_gbm,6,2024-02-04,84368.98,77111.59,98809.81
S19_D03,19,3,global_gbm,7,2024-02-11,90041.27,76151.35,96242.33
S19_D03,19,3,global_gbm,8,2024-02-18,71595.05,61130.31,77205.35
S19_D04,19,4,global_gbm,1,2023-12-31,17613.13,17613.13,20556.96
S19_D04,19,4,global_gbm,2,2024-01-07,17066.69,15993.11,19375.49
S19_D04,19,4,global_gbm,3,2024-01-14,17699.69,16591.49,19622.26
S19_D04,19,4,global_gbm,4,2024-01-21,17752.05,16479.29,19787.89
S19_D04,19,4,global_gbm,5,2024-01-28,18386.68,16525.72,19627.31
S19_D04,19,4,global_gbm,6,2024-02-04,20158.93,18409.09,21205.81
S19_D04,19,4,global_gbm,7,2024-02-11,20336.17,18989.82,21699.6
S19_D04,19,4,global_gbm,8,2024-02-18,18550.74,17025.64,20351.79
S19_D05,19,5,global_gbm,1,2023-12-31,61601.58,41895.23,67561.83
S19_D05,19,5,global_gbm,2,2024-01-07,47817.11,41927.8,51485.08
S19_D05,19,5,global_gbm,3,2024-01-14,45492.27,39837.81,48562.75
S19_D05,19,5,global_gbm,4,2024-01-21,48518.68,43389.73,48716.57
S19_D05,19,5,global_gbm,5,2024-01-28,48906.92,43008.96,50636.17
S19_D05,19,5,global_gbm,6,2024-02-04,53953.81,49758.76,58935.41
S19_D05,19,5,global_gbm,7,2024-02-11,56140.06,50434.15,61091.54
S19_D05,19,5,global_gbm,8,2024-02-18,48003.77,41339.51,54545.1
S19_D06,19,6,global_gbm,1,2023-12-31,80280.75,65570.51,91663.27
S19_D06,19,6,global_gbm,2,2024-01-07,61135.41,55117.95,62999.97
S19_D06,19,6,global_gbm,3,2024-01-14,62246.87,56221.87,64030.77
S19_D06,19,6,global_gbm,4,2024-01-21,60566.1,56228.05,63939.47
S19_D06,19,6,global_gbm,5,2024-01-28,59152.55,55623.34,64674.5
S19_D06,19,6,global_gbm,6,2024-02-04,79655.97,75685.07,91860.0
S19_D06,19,6,global_gbm,7,2024-02-11,81902.01,75116.82,93101.73
S19_D06,19,6,global_gbm,8,2024-02-18,66214.53,61056.34,68979.59
S19_D07,19,7,global_gbm,1,2023-12-31,73728.9,60651.24,82788.35
S19_D07,19,7,global_gbm,2,2024-01-07,60260.77,46680.21,63759.7
S19_D07,19,7,global_gbm,3,2024-01-14,60336.08,54241.69,63866.95
S19_D07,19,7,global_gbm,4,2024-01-21,61448.93,54988.11,63668.13
S19_D07,19,7,global_gbm,5,2024-01-28,58459.55,54723.74,63946.67
S19_D07,19,7,global_gbm,6,2024-02-04,70156.44,60204.65,77479.73
S19_D07,19,7,global_gbm,7,2024-02-11,69473.49,68145.81,77734.81
S19_D07,19,7,global_gbm,8,2024-02-18,63322.92,56291.55,66455.8
S19_D08,19,8,global_gbm,1,2023-12-31,16720.78,15400.73,17933.23
S19_D08,19,8,global_gbm,2,2024-01-07,15636.69,13882.3,16754.71
S19_D08,19,8,global_gbm,3,2024-01-14,15108.66,13411.41,16060.53
S19_D08,19,8,global_gbm,4,2024-01-21,15043.9,14233.83,16496.62
S19_D08,19,8,global_gbm,5,2024-01-28,14578.99,13850.37,16337.58
S19_D08,19,8,global_gbm,6,2024-02-04,16246.62,14159.5,16535.19
S19_D08,19,8,global_gbm,7,2024-02-11,17075.08,15839.56,18154.99
S19_D08,19,8,global_gbm,8,2024-02-18,15720.98,14116.88,16951.39
S19_D09,19,9,global_gbm,1,2023-12-31,54347.0,43774.17,56696.84
S19_D09,19,9,global_gbm,2,2024-01-07,44477.94,39332.13,51145.05
S19_D09,19,9,global_gbm,3,2024-01-14,44074.02,40779.05,46287.55
S19_D09,19,9,global_gbm,4,2024-01-21,45472.41,41309.44,47374.5
S19_D09,19,9,global_gbm,5,2024-01-28,42770.62,38762.59,46984.51
S19_D09,19,9,global_gbm,6,2024-02-04,48275.0,42686.42,52615.61
S19_D09,19,9,global_gbm,7,2024-02-11,51274.12,43758.56,53645.13
S19_D09,19,9,global_gbm,8,2024-02-18,45422.47,41524.35,50228.61
S19_D10,19,10,global_gbm,1,2023-12-31,20604.78,17418.15,23119.35
S19_D10,19,10,global_gbm,2,2024-01-07,16612.64,13139.28,18165.74
S19_D10,19,10,global_gbm,3,2024-01-14,15335.64,14076.56,16551.56
S19_D10,19,10,global_gbm,4,2024-01-21,15883.71,14641.67,17228.67
S19_D10,19,10,global_gbm,5,2024-01-28,15393.81,14293.38,16725.44
S19_D10,19,10,global_gbm,6,2024-02-04,20659.33,17614.65,20854.29
S19_D10,19,10,global_gbm,7,2024-02-11,20954.35,18599.74,20954.35
S19_D10,19,10,global_gbm,8,2024-02-18,18405.93,15142.09,19483.48
S19_D11,19,11,global_gbm,1,2023-12-31,76845.74,52525.21,76845.74
S19_D11,19,11,global_gbm,2,2024-01-07,51313.63,46807.79,54295.14
S19_D11,19,11,global_gbm,3,2024-01-14,51384.89,46378.67,53329.17
S19_D11,19,11,global_gbm,4,2024-01-21,50858.58,45833.1,53283.14
S19_D11,19,11,global_gbm,5,2024-01-28,48300.98,46835.51,53846.23
S19_D11,19,11,global_gbm,6,2024-02-04,67174.0,60790.19,75404.74
S19_D11,19,11,global_gbm,7,2024-02-11,70031.96,63678.04,76908.0
S19_D11,19,11,global_gbm,8,2024-02-18,51859.98,48073.95,62394.53
S19_D12,19,12,global_gbm,1,2023-12-31,31250.11,28452.22,40778.76
S19_D12,19,12,global_gbm,2,2024-01-07,24117.31,19682.19,28558.63
S19_D12,19,12,global_gbm,3,2024-01-14,21904.37,20161.85,23223.72
S19_D12,19,12,global_gbm,4,2024-01-21,22596.36,20798.9,25017.72
S19_D12,19,12,global_gbm,5,2024-01-28,22776.06,20944.76,24313.11
S19_D12,19,12,global_gbm,6,2024-02-04,28870.33,26640.65,29755.39
S19_D12,19,12,global_gbm,7,2024-02-11,29993.72,26700.18,30720.2
S19_D12,19,12,global_gbm,8,2024-02-18,26062.49,22427.28,29948.81
S20_D01,20,1,global_gbm,1,2023-12-31,41899.79,34076.98,52011.0
S20_D01,20,1,global_gbm,2,2024-01-07,29289.19,25582.96,35687.04
S20_D01,20,1,global_gbm,3,2024-01-14,30058.25,27576.88,30534.65
S20_D01,20,1,global_gbm,4,2024-01-21,31206.56,28495.15,34109.9
S20_D01,20,1,global_gbm,5,2024-01-28,30807.13,28559.42,33039.75
S20_D01,20,1,global_gbm,6,2024-02-04,34623.24,33469.83,37046.86
S20_D01,20,1,global_gbm,7,2024-02-11,37312.37,34566.75,37826.87
S20_D01,20,1,global_gbm,8,2024-02-18,32249.39,28917.81,35673.23
S20_D02,20,2,global_gbm,1,2023-12-31,76967.73,50498.71,76967.73
S20_D02,20,2,global_gbm,2,2024-01-07,51934.19,45553.52,54004.14
S20_D02,20,2,global_gbm,3,2024-01-14,50159.67,44679.0,51240.91
S20_D02,20,2,global_gbm,4,2024-01-21,51031.98,46825.82,52507.09
S20_D02,20,2,global_gbm,5,2024-01-28,50352.46,48105.12,54618.85
S20_D02,20,2,global_gbm,6,2024-02-04,69341.31,59391.38,71490.8
S20_D02,20,2,global_gbm,7,2024-02-11,68379.74,61446.49,74909.25
S20_D02,20,2,global_gbm,8,2024-02-18,53248.55,46944.92,60235.15
S20_D03,20,3,global_gbm,1,2023-12-31,76874.59,55461.0,76874.59
S20_D03,20,3,global_gbm,2,2024-01-07,56214.77,48718.83,58184.71
S20_D03,20,3,global_gbm,3,2024-01-14,54851.57,48201.85,57387.16
S20_D03,20,3,global_gbm,4,2024-01-21,54459.59,49213.05,58137.18
S20_D03,20,3,global_gbm,5,2024-01-28,53977.97,50092.27,59115.01
S20_D03,20,3,global_gbm,6,2024-02-04,69217.92,61690.14,76583.68
S20_D03,20,3,global_gbm,7,2024-02-11,71918.34,62731.4,76975.56
S20_D03,20,3,global_gbm,8,2024-02-18,54609.22,50319.37,63475.85
S20_D04,20,4,seasonal_naive,1,2023-12-31,14098.86,7150.7,21047.02
S20_D04,20,4,seasonal_naive,2,2024-01-07,14190.93,7242.77,21139.09
S20_D04,20,4,seasonal_naive,3,2024-01-14,14814.2,7866.04,21762.36
S20_D04,20,4,seasonal_naive,4,2024-01-21,14860.25,7912.09,21808.41
S20_D04,20,4,seasonal_naive,5,2024-01-28,14107.18,7159.02,21055.34
S20_D04,20,4,seasonal_naive,6,2024-02-04,15583.99,8635.83,22532.15
S20_D04,20,4,seasonal_naive,7,2024-02-11,15085.72,8137.56,22033.88
S20_D04,20,4,seasonal_naive,8,2024-02-18,15816.77,8868.61,22764.93
S20_D05,20,5,global_gbm,1,2023-12-31,49534.73,36595.38,58022.06
S20_D05,20,5,global_gbm,2,2024-01-07,34040.89,30852.08,41418.09
S20_D05,20,5,global_gbm,3,2024-01-14,32231.07,30182.61,34658.22
S20_D05,20,5,global_gbm,4,2024-01-21,33612.2,31114.63,36329.7
S20_D05,20,5,global_gbm,5,2024-01-28,32403.88,30845.07,35599.66
S20_D05,20,5,global_gbm,6,2024-02-04,42970.92,40644.26,46709.18
S20_D05,20,5,global_gbm,7,2024-02-11,44057.71,41923.54,46839.35
S20_D05,20,5,global_gbm,8,2024-02-18,36878.85,32094.71,42078.09
S20_D06,20,6,global_gbm,1,2023-12-31,74532.23,51116.8,74532.23
S20_D06,20,6,global_gbm,2,2024-01-07,52490.5,44933.26,54306.41
S20_D06,20,6,global_gbm,3,2024-01-14,51486.92,47817.83,55364.73
S20_D06,20,6,global_gbm,4,2024-01-21,50883.4,47936.32,53174.71
S20_D06,20,6,global_gbm,5,2024-01-28,49112.32,47720.84,53435.92
S20_D06,20,6,global_gbm,6,2024-02-04,64654.71,58994.48,73620.98
S20_D06,20,6,global_gbm,7,2024-02-11,62033.06,55411.31,69128.72
S20_D06,20,6,global_gbm,8,2024-02-18,50155.66,46755.68,58810.41
S20_D07,20,7,global_gbm,1,2023-12-31,61597.28,53130.97,66485.71
S20_D07,20,7,global_gbm,2,2024-01-07,54648.88,49143.76,57479.79
S20_D07,20,7,global_gbm,3,2024-01-14,53448.59,50261.34,57602.2
S20_D07,20,7,global_gbm,4,2024-01-21,52406.22,47786.93,55358.84
S20_D07,20,7,global_gbm,5,2024-01-28,54120.53,48947.5,56774.32
S20_D07,20,7,global_gbm,6,2024-02-04,61212.31,55250.91,66528.39
S20_D07,20,7,global_gbm,7,2024-02-11,61130.87,55560.18,64933.46
S20_D07,20,7,global_gbm,8,2024-02-18,56274.66,52037.18,60733.47
S20_D08,20,8,seasonal_naive,1,2023-12-31,13510.99,12632.99,14388.99
S20_D08,20,8,seasonal_naive,2,2024-01-07,11463.04,10585.04,12341.04
S20_D08,20,8,seasonal_naive,3,2024-01-14,10694.36,9816.36,11572.36
S20_D08,20,8,seasonal_naive,4,2024-01-21,12848.33,11970.33,13726.33
S20_D08,20,8,seasonal_naive,5,2024-01-28,11597.52,10719.52,12475.52
S20_D08,20,8,seasonal_naive,6,2024-02-04,13491.45,12613.45,14369.45
S20_D08,20,8,seasonal_naive,7,2024-02-11,13089.5,12211.5,13967.5
S20_D08,20,8,seasonal_naive,8,2024-02-18,10836.04,9958.04,11714.04
S20_D09,20,9,global_gbm,1,2023-12-31,37182.34,34670.7,49098.37
S20_D09,20,9,global_gbm,2,2024-01-07,35183.06,33461.04,38014.24
S20_D09,20,9,global_gbm,3,2024-01-14,35293.48,31955.16,37436.29
S20_D09,20,9,global_gbm,4,2024-01-21,33900.16,32374.67,37027.13
S20_D09,20,9,global_gbm,5,2024-01-28,33580.71,31297.23,36671.51
S20_D09,20,9,global_gbm,6,2024-02-04,36962.68,35988.71,39775.96
S20_D09,20,9,global_gbm,7,2024-02-11,39189.32,35922.43,41974.44
S20_D09,20,9,global_gbm,8,2024-02-18,35671.36,34518.77,38404.16
S20_D10,20,10,seasonal_naive,1,2023-12-31,11272.63,10231.55,12313.71
S20_D10,20,10,seasonal_naive,2,2024-01-07,10670.53,9629.45,11711.61
S20_D10,20,10,seasonal_naive,3,2024-01-14,11176.1,10135.02,12217.18
S20_D10,20,10,seasonal_naive,4,2024-01-21,10034.75,8993.67,11075.83
S20_D10,20,10,seasonal_naive,5,2024-01-28,11497.94,10456.86,12539.02
S20_D10,20,10,seasonal_naive,6,2024-02-04,14415.18,13374.1,15456.26
S20_D10,20,10,seasonal_naive,7,2024-02-11,14233.59,13192.51,15274.67
S20_D10,20,10,seasonal_naive,8,2024-02-18,10675.62,9634.54,11716.7
S20_D11,20,11,global_gbm,1,2023-12-31,67974.64,40616.22,67974.64
S20_D11,20,11,global_gbm,2,2024-01-07,42537.66,36376.93,48237.18
S20_D11,20,11,global_gbm,3,2024-01-14,41440.31,37190.55,42245.75
S20_D11,20,11,global_gbm,4,2024-01-21,42686.0,40106.99,45184.98
S20_D11,20,11,global_gbm,5,2024-01-28,41093.77,37880.77,45334.65
S20_D11,20,11,global_gbm,6,2024-02-04,58091.23,52443.5,63230.7
S20_D11,20,11,global_gbm,7,2024-02-11,55949.93,51295.58,61754.95
S20_D11,20,11,global_gbm,8,2024-02-18,43527.64,37009.77,51752.87
S20_D12,20,12,seasonal_naive,1,2023-12-31,17140.72,15598.62,18682.82
S20_D12,20,12,seasonal_naive,2,2024-01-07,17855.55,16313.45,19397.65
S20_D12,20,12,seasonal_naive,3,2024-01-14,16056.97,14514.87,17599.07
S20_D12,20,12,seasonal_naive,4,2024-01-21,16545.19,15003.09,18087.29
S20_D12,20,12,seasonal_naive,5,2024-01-28,15909.87,14367.77,17451.97
S20_D12,20,12,seasonal_naive,6,2024-02-04,21722.09,20179.99,23264.19
S20_D12,20,12,seasonal_naive,7,2024-02-11,20106.22,18564.12,21648.32
S20_D12,20,12,seasonal_naive,8,2024-02-18,15516.27,13974.17,17058.37
