cutoff,Store,Dept,series,model,wape,mape,rmse
2023-01-22,1,1,S01_D01,seasonal_naive,0.07266742757610208,7.080346416535177,2140.900237689159
2023-01-22,1,1,S01_D01,holt_winters,0.0511314209623834,5.221010782350917,1518.0681442371044
2023-01-22,1,1,S01_D01,global_gbm,0.13952182697273258,14.469840616156166,4158.170141771244
2023-01-22,1,2,S01_D02,seasonal_naive,0.07423633494357658,7.388107619932116,3671.175367397683
2023-01-22,1,2,S01_D02,holt_winters,0.12487890717753808,12.586964622225128,6368.258265850983
2023-01-22,1,2,S01_D02,global_gbm,0.08303319765026508,8.806601331977824,4577.855939454105
2023-01-22,1,3,S01_D03,seasonal_naive,0.3450598618819356,14.614476094740233,63459.6077157294
2023-01-22,1,3,S01_D03,holt_winters,0.35658290162544437,14.93122818710581,66240.38667625729
2023-01-22,1,3,S01_D03,global_gbm,0.351191846274114,15.96029385204801,63238.60159674301
2023-01-22,1,4,S01_D04,seasonal_naive,0.05515128990832175,5.469720050499581,987.9692924630806
2023-01-22,1,4,S01_D04,holt_winters,0.14592660071764185,14.865685130000687,2467.567554055586
2023-01-22,1,4,S01_D04,global_gbm,0.08672490872727724,8.724188777544228,1243.6524513913125
2023-01-22,1,5,S01_D05,seasonal_naive,0.08119193266009249,7.9014923164240916,3255.391152860897
2023-01-22,1,5,S01_D05,holt_winters,0.21629500777790697,21.570070405469387,7196.165518414325
2023-01-22,1,5,S01_D05,global_gbm,0.2607146878139325,26.198070340891245,8226.989375812362
2023-01-22,1,6,S01_D06,seasonal_naive,0.040287271030578956,4.303704071063015,2367.4485965459744
2023-01-22,1,6,S01_D06,holt_winters,0.10875833185179233,10.642722570349015,6231.6130987969145
2023-01-22,1,6,S01_D06,global_gbm,0.07306774142123766,8.285503499229971,4721.395967669249
2023-01-22,1,7,S01_D07,seasonal_naive,0.10301742674929561,10.203607438273478,6352.765716110386
2023-01-22,1,7,S01_D07,holt_winters,0.1765379830300585,18.697427394509543,10257.010925288725
2023-01-22,1,7,S01_D07,global_gbm,0.1220197121890989,13.00754184847175,7417.969140130519
2023-01-22,1,8,S01_D08,seasonal_naive,0.06344094690813125,6.446046123542101,770.8207302528257
2023-01-22,1,8,S01_D08,holt_winters,0.11565293962352931,11.70714623900558,1339.4946436720338
2023-01-22,1,8,S01_D08,global_gbm,0.11726637786823961,12.186971470811152,1435.7872214156873
2023-01-22,1,9,S01_D09,seasonal_naive,0.13329233920819974,12.172825022745755,5960.294327979952
2023-01-22,1,9,S01_D09,holt_winters,0.21829568756424264,21.16956460904691,8655.647119464722
2023-01-22,1,9,S01_D09,global_gbm,0.19330164949695633,21.594699690153305,7797.642778301798
2023-01-22,1,10,S01_D10,seasonal_naive,0.10371978808852167,10.369371709519545,1454.8238499127656
2023-01-22,1,10,S01_D10,holt_winters,0.10626937861430047,9.67087896775716,1574.1222977798982
2023-01-22,1,10,S01_D10,global_gbm,0.1783122901295459,18.807243385003254,2106.2686818143584
2023-01-22,1,11,S01_D11,seasonal_naive,0.04481017673695432,4.596910434387441,2520.3619230553977
2023-01-22,1,11,S01_D11,holt_winters,0.1938804681978488,19.43690164208367,9101.738829669668
2023-01-22,1,11,S01_D11,global_gbm,0.0900220108102448,10.00246728331137,3983.026342276228
2023-01-22,1,12,S01_D12,seasonal_naive,0.08208010070118787,7.957496854948473,1596.171547727562
2023-01-22,1,12,S01_D12,holt_winters,0.10159789069726648,10.117700039528575,1746.0658699086346
2023-01-22,1,12,S01_D12,global_gbm,0.12204014385835044,12.312721813083702,2114.407477260653
2023-01-22,2,1,S02_D01,seasonal_naive,0.060695558909873056,5.857435073612624,3337.8629963720796
2023-01-22,2,1,S02_D01,holt_winters,0.2001452795212102,21.17172239675003,9784.8668916257
2023-01-22,2,1,S02_D01,global_gbm,0.15723051774662422,16.327294469128574,7228.251361366016
2023-01-22,2,2,S02_D02,seasonal_naive,0.07846311019939285,7.057747038911283,8086.890024163339
2023-01-22,2,2,S02_D02,holt_winters,0.13204204748527135,12.353459051230221,13784.149738215554
2023-01-22,2,2,S02_D02,global_gbm,0.053342917918316156,4.918638036925459,5408.345218720659
2023-01-22,2,3,S02_D03,seasonal_naive,0.2039099624579832,72.35990743703852,34615.49464615683
2023-01-22,2,3,S02_D03,holt_winters,0.28333339234861254,85.21219683201159,39550.82984335943
2023-01-22,2,3,S02_D03,global_gbm,0.32204819905901255,95.85932166649435,43716.16413757622
2023-01-22,2,4,S02_D04,seasonal_naive,0.09069077535898015,8.818984525082632,2570.3119650175727
2023-01-22,2,4,S02_D04,holt_winters,0.124972599084197,12.896009983980882,3869.390216032322
2023-01-22,2,4,S02_D04,global_gbm,0.11490994039337173,11.6446901607485,2906.2081034040534
2023-01-22,2,5,S02_D05,seasonal_naive,0.07173589303008501,7.031827321704682,4869.707719270737
2023-01-22,2,5,S02_D05,holt_winters,0.11449938104696787,11.276271176604366,7825.434671381509
2023-01-22,2,5,S02_D05,global_gbm,0.04225989931449929,4.302791272247321,2669.0234420333863
2023-01-22,2,6,S02_D06,seasonal_naive,0.07816503458317148,7.389918391215794,8343.991017912229
2023-01-22,2,6,S02_D06,holt_winters,0.1530512316510847,15.42962209387422,12802.650514882545
2023-01-22,2,6,S02_D06,global_gbm,0.060371014422259124,5.659006749779686,6014.9624442746135
2023-01-22,2,7,S02_D07,seasonal_naive,0.05173467761064034,5.148190255247384,5073.215356502227
2023-01-22,2,7,S02_D07,holt_winters,0.0786947098879958,8.198408323872695,8298.398595944369
2023-01-22,2,7,S02_D07,global_gbm,0.09414522789011237,9.422699248044022,8932.076200029991
2023-01-22,2,8,S02_D08,seasonal_naive,0.03148715832268705,3.140955815794033,772.2285643269738
2023-01-22,2,8,S02_D08,holt_winters,0.11489390044300951,11.81271370038656,2407.966248045903
2023-01-22,2,8,S02_D08,global_gbm,0.16148919100708845,16.417301382407402,3097.8580149658733
2023-01-22,2,9,S02_D09,seasonal_naive,0.0883662152445674,8.655472028613222,6139.154436034942
2023-01-22,2,9,S02_D09,holt_winters,0.14848096578933154,14.783510605829205,10087.701321416798
2023-01-22,2,9,S02_D09,global_gbm,0.07525621079106336,7.609730071834547,4735.968282756605
2023-01-22,2,10,S02_D10,seasonal_naive,0.0916329349925951,8.90814929746901,1888.7848975068603
2023-01-22,2,10,S02_D10,holt_winters,0.06482325950733361,6.445380644925111,1446.073329956357
2023-01-22,2,10,S02_D10,global_gbm,0.22539264052938715,24.09162860734036,4593.82837727141
2023-01-22,2,11,S02_D11,seasonal_naive,0.0877264416815635,8.521683762368403,6660.972220347227
2023-01-22,2,11,S02_D11,holt_winters,0.20474659508573972,21.20716250065031,13788.085137996623
2023-01-22,2,11,S02_D11,global_gbm,0.11043843244312794,10.791800395635926,8457.600914219
2023-01-22,2,12,S02_D12,seasonal_naive,0.07042707363691354,7.083336345811133,2192.633465689717
2023-01-22,2,12,S02_D12,holt_winters,0.10987802588928411,11.068442498990539,3588.6303043274097
2023-01-22,2,12,S02_D12,global_gbm,0.07083575050001284,7.378575434534143,2344.735753280694
2023-01-22,3,1,S03_D01,seasonal_naive,0.07406579430164384,7.436524693724489,2850.864851205246
2023-01-22,3,1,S03_D01,holt_winters,0.1137915197782738,11.018048762006426,5114.586636662109
2023-01-22,3,1,S03_D01,global_gbm,0.11463473505607445,12.272528797546052,4684.314327621503
2023-01-22,3,2,S03_D02,seasonal_naive,0.08280124101230768,7.987009353750518,6227.42628073288
2023-01-22,3,2,S03_D02,holt_winters,0.07969513676020495,8.015672889467854,5370.847202628521
2023-01-22,3,2,S03_D02,global_gbm,0.09802133996746497,9.656495152152136,6606.378510828229
2023-01-22,3,3,S03_D03,seasonal_naive,0.04985840202791818,5.08747906016141,3901.796398003741
2023-01-22,3,3,S03_D03,holt_winters,0.07852342781049712,7.855669628553692,6987.838705789181
2023-01-22,3,3,S03_D03,global_gbm,0.06786792803320257,6.863679100559972,5503.666270569994
2023-01-22,3,4,S03_D04,seasonal_naive,0.1188634727244916,11.806695561037644,2528.483762754369
2023-01-22,3,4,S03_D04,holt_winters,0.07956725394763231,8.150332633618468,1865.1304644022405
2023-01-22,3,4,S03_D04,global_gbm,0.1221394128950409,12.388552991626343,2671.2546099106808
2023-01-22,3,5,S03_D05,seasonal_naive,0.061273574497506776,5.970368922107668,3289.4824774879116
2023-01-22,3,5,S03_D05,holt_winters,0.0895832622584462,8.699307572186521,5043.049755739829
2023-01-22,3,5,S03_D05,global_gbm,0.04547964914422757,4.749221427855027,2438.727921006695
2023-01-22,3,6,S03_D06,seasonal_naive,0.06592330221292368,6.632012104483337,5067.966379489657
2023-01-22,3,6,S03_D06,holt_winters,0.14329245310118482,14.493517118218985,10132.596124651747
2023-01-22,3,6,S03_D06,global_gbm,0.061659329361106435,6.213470361181779,4618.336739067601
2023-01-22,3,7,S03_D07,seasonal_naive,0.049788998059986565,4.9208049508534994,4368.547933704628
2023-01-22,3,7,S03_D07,holt_winters,0.087535760973078,8.802514068950698,6832.903463687897
2023-01-22,3,7,S03_D07,global_gbm,0.041531788016836005,4.157850622022197,3430.0501916369562
2023-01-22,3,8,S03_D08,seasonal_naive,0.06732346803605908,6.095697904434822,1490.5506299728638
2023-01-22,3,8,S03_D08,holt_winters,0.12017941486507913,11.948239314757672,2121.402564523416
2023-01-22,3,8,S03_D08,global_gbm,0.10148415517151979,10.804621978566761,1818.026059338805
2023-01-22,3,9,S03_D09,seasonal_naive,0.0463458827319033,4.787988064382786,2497.4524723105337
2023-01-22,3,9,S03_D09,holt_winters,0.11237665415945257,11.534704054567815,5945.077143783806
2023-01-22,3,9,S03_D09,global_gbm,0.09340401419261767,9.507988217587707,4170.053953537625
2023-01-22,3,10,S03_D10,seasonal_naive,0.06329125796133951,6.380561189189107,1199.480421614918
2023-01-22,3,10,S03_D10,holt_winters,0.07587496711719757,7.514742143988419,1346.1927373589006
2023-01-22,3,10,S03_D10,global_gbm,0.1505147173734359,15.391496980896925,2447.5327982745075
2023-01-22,3,11,S03_D11,seasonal_naive,0.0742237263291767,7.185241790124531,4551.915918714888
2023-01-22,3,11,S03_D11,holt_winters,0.20546378020668796,21.159304635489917,12723.516382618503
2023-01-22,3,11,S03_D11,global_gbm,0.05882255934097073,5.771584538611947,3463.2587348877537
2023-01-22,3,12,S03_D12,seasonal_naive,0.11629647333075115,10.614193386142329,3528.658276627605
2023-01-22,3,12,S03_D12,holt_winters,0.14069291860309863,13.434425362185664,4266.087771192312
2023-01-22,3,12,S03_D12,global_gbm,0.161356753534821,18.05784374815965,4493.400465550585
2023-01-22,4,1,S04_D01,seasonal_naive,0.041351075724624306,4.179779916482511,1918.294957963972
2023-01-22,4,1,S04_D01,holt_winters,0.08216944868290238,8.44780523836212,3900.9144223651138
2023-01-22,4,1,S04_D01,global_gbm,0.08358902328408724,8.526500448124214,3645.7845182497513
2023-01-22,4,2,S04_D02,seasonal_naive,0.09500229151759099,9.669273478894032,7624.189161239543
2023-01-22,4,2,S04_D02,holt_winters,0.2239544468360869,21.403624482342792,18561.2022057938
2023-01-22,4,2,S04_D02,global_gbm,0.0829897179035574,9.086398690974201,7239.976851471031
2023-01-22,4,3,S04_D03,seasonal_naive,0.03124036570282169,3.243473520921318,2530.1566413984124
2023-01-22,4,3,S04_D03,holt_winters,0.10205783694529699,10.5972421490414,8919.248841793047
2023-01-22,4,3,S04_D03,global_gbm,0.04049276585824818,4.357743635686694,4203.834922262054
2023-01-22,4,4,S04_D04,seasonal_naive,0.03920092642998415,4.125395370374251,1236.7513993068696
2023-01-22,4,4,S04_D04,holt_winters,0.08638152136761472,9.022591736853277,2343.753065369143
2023-01-22,4,4,S04_D04,global_gbm,0.08881814047692822,9.081504022597741,1964.9121173475658
2023-01-22,4,5,S04_D05,seasonal_naive,0.0597516261463218,6.1806384156151415,3317.2337301601906
2023-01-22,4,5,S04_D05,holt_winters,0.1261368514762917,12.373205016246644,6675.179140240938
2023-01-22,4,5,S04_D05,global_gbm,0.06905024051532986,7.394821822617764,4240.289450194199
2023-01-22,4,6,S04_D06,seasonal_naive,0.05795770688439854,5.847905739110167,4167.693105499132
2023-01-22,4,6,S04_D06,holt_winters,0.10357522442051612,10.314830469572565,9483.969912853689
2023-01-22,4,6,S04_D06,global_gbm,0.06072780167839541,6.303734037837788,4669.469510639382
2023-01-22,4,7,S04_D07,seasonal_naive,0.04927078305901208,4.877321913056252,4446.780022027171
2023-01-22,4,7,S04_D07,holt_winters,0.2811277190206814,28.55114665664556,21910.800558445615
2023-01-22,4,7,S04_D07,global_gbm,0.04981573038930629,4.932588502818332,4952.255909064797
2023-01-22,4,8,S04_D08,seasonal_naive,0.0759163417369744,7.35969127361093,1520.7346855426492
2023-01-22,4,8,S04_D08,holt_winters,0.09727432588221793,9.898571772564813,2019.3149736871846
2023-01-22,4,8,S04_D08,global_gbm,0.1090183211712552,11.258233119244288,2004.5168408522293
2023-01-22,4,9,S04_D09,seasonal_naive,0.08999135011188145,9.021024227059591,5246.83401487864
2023-01-22,4,9,S04_D09,holt_winters,0.23594774186246303,23.455596237296945,14485.33970757437
2023-01-22,4,9,S04_D09,global_gbm,0.06920050831037845,7.140243052040987,4467.282378527489
2023-01-22,4,10,S04_D10,seasonal_naive,0.050065602469535384,5.08805895363673,944.6065085857178
2023-01-22,4,10,S04_D10,holt_winters,0.06263493045369858,6.050463724549828,1478.28091669672
2023-01-22,4,10,S04_D10,global_gbm,0.14244819405976003,14.742755061944237,2561.2663593856314
2023-01-22,4,11,S04_D11,seasonal_naive,0.07070440077033223,7.355558843439935,4278.852555680086
2023-01-22,4,11,S04_D11,holt_winters,0.19184907894417486,19.419804933744707,12942.225401077932
2023-01-22,4,11,S04_D11,global_gbm,0.07532650323449791,8.225101429610381,5834.046391189616
2023-01-22,4,12,S04_D12,seasonal_naive,0.04549677288055532,4.417202764726264,1469.5321697397437
2023-01-22,4,12,S04_D12,holt_winters,0.2540325395570227,25.889830183643685,9634.711307608897
2023-01-22,4,12,S04_D12,global_gbm,0.1157105269598291,12.554827020164911,3226.3928423378366
2023-01-22,5,1,S05_D01,seasonal_naive,0.06828261001732273,6.661286167768857,2486.0565412189444
2023-01-22,5,1,S05_D01,holt_winters,0.06294016659096163,5.818912546799164,2861.6333287016937
2023-01-22,5,1,S05_D01,global_gbm,0.14899348214069036,15.407359679842425,4518.7612291154455
2023-01-22,5,2,S05_D02,seasonal_naive,0.04706074031562346,4.606073898396959,3021.9025088468684
2023-01-22,5,2,S05_D02,holt_winters,0.09124763835508004,8.859934546942938,5446.9957383122555
2023-01-22,5,2,S05_D02,global_gbm,0.06678164003625038,6.724750152857277,3670.1668400077533
2023-01-22,5,3,S05_D03,seasonal_naive,0.081570766614384,7.693609804442445,6065.766399304996
2023-01-22,5,3,S05_D03,holt_winters,0.11450557399643504,10.806004528947302,8118.343074920406
2023-01-22,5,3,S05_D03,global_gbm,0.06891186052109569,6.82747572253251,4923.145519087544
2023-01-22,5,4,S05_D04,seasonal_naive,0.07457008587688317,7.28123233126941,1366.162399570417
2023-01-22,5,4,S05_D04,holt_winters,0.07595199420984448,7.691100950676399,1337.9312343226773
2023-01-22,5,4,S05_D04,global_gbm,0.0605884068517913,6.1412158110105315,1055.1037575494015
2023-01-22,5,5,S05_D05,seasonal_naive,0.0966997026475914,8.996486452693961,4572.0640367631
2023-01-22,5,5,S05_D05,holt_winters,0.13402396814341627,12.566796473117892,6134.435031168067
2023-01-22,5,5,S05_D05,global_gbm,0.12211293888992704,13.399626021724925,5360.528550198891
2023-01-22,5,6,S05_D06,seasonal_naive,0.057232639407479594,5.905803362566846,3345.3139254784446
2023-01-22,5,6,S05_D06,holt_winters,0.11709619969728004,12.149018365544384,6570.922901544666
2023-01-22,5,6,S05_D06,global_gbm,0.09598951931730351,10.115513858929514,5511.597071772918
2023-01-22,5,7,S05_D07,seasonal_naive,0.06425091688050581,6.400457180950758,3811.0401291592934
2023-01-22,5,7,S05_D07,holt_winters,0.11326420206461907,11.736557075008491,7706.791389984168
2023-01-22,5,7,S05_D07,global_gbm,0.0884456629241889,9.11035434131321,5662.9851965146445
2023-01-22,5,8,S05_D08,seasonal_naive,0.37339439984308653,17.107650056346298,15917.174191878015
2023-01-22,5,8,S05_D08,holt_winters,0.46299166549532217,29.28330191540415,16798.633063672954
2023-01-22,5,8,S05_D08,global_gbm,0.36933167225513863,18.07616498557321,15484.71344216762
2023-01-22,5,9,S05_D09,seasonal_naive,0.09013374857629565,8.820060028793842,3855.669090145055
2023-01-22,5,9,S05_D09,holt_winters,0.1829884189977283,18.172111592184997,7908.350928661658
2023-01-22,5,9,S05_D09,global_gbm,0.04716880377212361,4.781450377799558,1933.1337717401902
2023-01-22,5,10,S05_D10,seasonal_naive,0.05923958263284834,5.877769603049889,869.4853961683315
2023-01-22,5,10,S05_D10,holt_winters,0.06667380472154731,6.38731588893168,954.629938822935
2023-01-22,5,10,S05_D10,global_gbm,0.10440800547643249,11.029404507750368,1461.9227980701016
2023-01-22,5,11,S05_D11,seasonal_naive,0.09416444035679356,9.536126606394872,4959.818096433832
2023-01-22,5,11,S05_D11,holt_winters,0.17859168454360663,18.25950072316008,9340.483916913421
2023-01-22,5,11,S05_D11,global_gbm,0.06586187109980007,6.924392403235767,3157.7244677392027
2023-01-22,5,12,S05_D12,seasonal_naive,0.089676856283475,8.702585084129971,1975.0530851251813
2023-01-22,5,12,S05_D12,holt_winters,0.09450152748480384,9.154469585893521,1974.0932671005685
2023-01-22,5,12,S05_D12,global_gbm,0.06527211251626347,6.786005704888372,1515.0757473063052
2023-01-22,6,1,S06_D01,seasonal_naive,0.04442198483499123,4.8360979764367,1372.9939847737855
2023-01-22,6,1,S06_D01,holt_winters,0.07789633546973472,7.660888547457076,2535.1510071158027
2023-01-22,6,1,S06_D01,global_gbm,0.11144902811188989,12.175817467196135,3056.1947347020237
2023-01-22,6,2,S06_D02,seasonal_naive,0.0950707200747398,10.321746469545706,4897.36014195786
2023-01-22,6,2,S06_D02,holt_winters,0.11233906324888712,10.784978629527977,6830.089193434423
2023-01-22,6,2,S06_D02,global_gbm,0.12581554242465853,13.67505466744951,5695.410707361235
2023-01-22,6,3,S06_D03,seasonal_naive,0.02773829004730817,2.8398750303186304,1730.5474020450854
2023-01-22,6,3,S06_D03,holt_winters,0.1048579829509605,10.494328198259783,6064.832079954277
2023-01-22,6,3,S06_D03,global_gbm,0.07119892723987295,8.069160785878385,4495.993984764366
2023-01-22,6,4,S06_D04,seasonal_naive,0.04544270315950568,4.68477671827124,694.160488539934
2023-01-22,6,4,S06_D04,holt_winters,0.0767538285145534,7.58435211379182,1032.638759385956
2023-01-22,6,4,S06_D04,global_gbm,0.1399370715148451,14.234535495070833,1797.9530124170901
2023-01-22,6,5,S06_D05,seasonal_naive,0.05460751878546957,5.541196387585622,1649.5581838897044
2023-01-22,6,5,S06_D05,holt_winters,0.10153262125025825,9.938573512564634,3313.0213663963045
2023-01-22,6,5,S06_D05,global_gbm,0.11604027401271912,12.462169698474753,3949.2913753942225
2023-01-22,6,6,S06_D06,seasonal_naive,0.052842005897001575,5.376918394507772,3163.086870019143
2023-01-22,6,6,S06_D06,holt_winters,0.10983025944024984,11.113929527566082,5218.64903069653
2023-01-22,6,6,S06_D06,global_gbm,0.1064781757415094,11.354729671375754,5288.674887800126
2023-01-22,6,7,S06_D07,seasonal_naive,0.051169458533747644,5.044700675146416,2847.2205756052686
2023-01-22,6,7,S06_D07,holt_winters,0.11200111810041641,11.566181690373,5949.920245979921
2023-01-22,6,7,S06_D07,global_gbm,0.0803693398050022,8.225977002919786,4015.5298286499715
2023-01-22,6,8,S06_D08,seasonal_naive,0.050130043725562394,5.084871055127673,585.621307640441
2023-01-22,6,8,S06_D08,holt_winters,0.07838400191211586,7.960505796469404,924.8357398052647
2023-01-22,6,8,S06_D08,global_gbm,0.13587386015806946,13.921904103834166,1434.3569051982342
2023-01-22,6,9,S06_D09,seasonal_naive,0.053574189393406704,5.260445822141895,2062.4284552772974
2023-01-22,6,9,S06_D09,holt_winters,0.17649255819478635,17.82530723104892,6633.083747352092
2023-01-22,6,9,S06_D09,global_gbm,0.12892748918754945,13.381939361585271,4441.079705053022
2023-01-22,6,10,S06_D10,seasonal_naive,0.11386830715648248,11.81960659875256,1237.2413100624308
2023-01-22,6,10,S06_D10,holt_winters,0.0637985769977279,6.175560937615913,877.4949292362463
2023-01-22,6,10,S06_D10,global_gbm,0.19829618700190718,20.699460851479856,2098.804092205325
2023-01-22,6,11,S06_D11,seasonal_naive,0.051425772407878614,4.960520795229257,2445.9771875878164
2023-01-22,6,11,S06_D11,holt_winters,0.18231607716732487,18.502247315484112,7414.980331860154
2023-01-22,6,11,S06_D11,global_gbm,0.13529709823835145,14.516497339021411,5131.923036053886
2023-01-22,6,12,S06_D12,seasonal_naive,0.06043187216804684,5.839988032463786,1214.7223697001716
2023-01-22,6,12,S06_D12,holt_winters,0.23147887343388635,23.735240446209172,5785.144876758464
2023-01-22,6,12,S06_D12,global_gbm,0.13944406284171584,14.383740537158804,2340.4448975892706
2023-01-22,7,1,S07_D01,seasonal_naive,0.09046556464645594,9.29082577609866,3305.812944311126
2023-01-22,7,1,S07_D01,holt_winters,0.11134329939494188,11.319405456418883,4392.148195131747
2023-01-22,7,1,S07_D01,global_gbm,0.08372182679669081,9.016746165048422,3470.391349462554
2023-01-22,7,2,S07_D02,seasonal_naive,0.10175344481554557,9.552304855503685,6775.935793752958
2023-01-22,7,2,S07_D02,holt_winters,0.11026016083378114,10.52478601584327,7342.208112807314
2023-01-22,7,2,S07_D02,global_gbm,0.12250380091997633,12.854429913442939,7719.288969208222
2023-01-22,7,3,S07_D03,seasonal_naive,0.23323041448239176,23.59063164990313,28814.428971609865
2023-01-22,7,3,S07_D03,holt_winters,0.15062078289746345,14.146122346486429,12937.776512566128
2023-01-22,7,3,S07_D03,global_gbm,0.10054829877110877,9.836834548071513,7617.242721540431
2023-01-22,7,4,S07_D04,seasonal_naive,0.10132084028740368,9.394511911049369,2409.4189062510486
2023-01-22,7,4,S07_D04,holt_winters,0.0803309674450169,8.361005070196358,1641.545226643073
2023-01-22,7,4,S07_D04,global_gbm,0.1209892695481176,12.3849016550395,2408.829476546928
2023-01-22,7,5,S07_D05,seasonal_naive,0.051928349979859414,5.031383576656657,2462.242474914887
2023-01-22,7,5,S07_D05,holt_winters,0.07841724997912881,7.6710132340373525,3982.9911104961807
2023-01-22,7,5,S07_D05,global_gbm,0.06271857960029126,6.835740167788906,3241.983657198049
2023-01-22,7,6,S07_D06,seasonal_naive,0.07638565808819435,7.788024853383443,5315.02436162338
2023-01-22,7,6,S07_D06,holt_winters,0.08263917504875373,8.310326937487208,5754.441459546432
2023-01-22,7,6,S07_D06,global_gbm,0.050243385711843086,5.207977548575966,3520.8031801455054
2023-01-22,7,7,S07_D07,seasonal_naive,0.06829226291433782,6.617183795448413,5055.589186510558
2023-01-22,7,7,S07_D07,holt_winters,0.12430280244005988,12.81250912273707,9338.765657656442
2023-01-22,7,7,S07_D07,global_gbm,0.04246866480029842,4.15079427858715,3542.4202993414688
2023-01-22,7,8,S07_D08,seasonal_naive,0.06062278394704137,6.04179913434339,1016.1658187827911
2023-01-22,7,8,S07_D08,holt_winters,0.08766686991719809,8.924776183095798,1527.4869814715648
2023-01-22,7,8,S07_D08,global_gbm,0.09975015859183838,10.032103679823297,1497.4232809374737
2023-01-22,7,9,S07_D09,seasonal_naive,0.03956887039434409,3.984783043794272,2164.5661358774664
2023-01-22,7,9,S07_D09,holt_winters,0.12168896196887968,12.691114148496792,6424.040151774566
2023-01-22,7,9,S07_D09,global_gbm,0.07428646912387407,7.677161819781691,3328.6480787521905
2023-01-22,7,10,S07_D10,seasonal_naive,0.05578513765022707,5.696458470365775,1025.597795976815
2023-01-22,7,10,S07_D10,holt_winters,0.06886907262062855,6.490157013834917,1311.625157403377
2023-01-22,7,10,S07_D10,global_gbm,0.136540283019016,14.485883897331748,2018.8415754762636
2023-01-22,7,11,S07_D11,seasonal_naive,0.04554700248943308,5.037460033857808,3194.5978998909227
2023-01-22,7,11,S07_D11,holt_winters,0.15935538854216058,16.24071272745213,9128.219598426933
2023-01-22,7,11,S07_D11,global_gbm,0.07310414364442003,7.4756075137214095,3981.130574136207
2023-01-22,7,12,S07_D12,seasonal_naive,0.035153382890233606,3.432548364620898,1296.489687391496
2023-01-22,7,12,S07_D12,holt_winters,0.10858513196998619,10.441801567729915,2714.2796937251023
2023-01-22,7,12,S07_D12,global_gbm,0.06792625048567259,7.237147661353567,1619.4101664347872
2023-01-22,8,1,S08_D01,seasonal_naive,0.021969147147331055,2.086709426502294,890.8340331116675
2023-01-22,8,1,S08_D01,holt_winters,0.1716222267884906,17.123968770148004,7056.441346810925
2023-01-22,8,1,S08_D01,global_gbm,0.07495078911381309,8.004579294868815,3004.571163605625
2023-01-22,8,2,S08_D02,seasonal_naive,0.060264094371634956,5.740131158581247,3836.975205283778
2023-01-22,8,2,S08_D02,holt_winters,0.12431235410724356,12.26505131100683,6974.772011771584
2023-01-22,8,2,S08_D02,global_gbm,0.08090348033094823,7.861973179375495,4826.348808226516
2023-01-22,8,3,S08_D03,seasonal_naive,0.04761853222122855,4.5303210972092955,3977.764485271532
2023-01-22,8,3,S08_D03,holt_winters,0.08395737561266123,7.929803445837461,6914.272289426751
2023-01-22,8,3,S08_D03,global_gbm,0.13968346851702032,15.170411027459599,9415.279873840176
2023-01-22,8,4,S08_D04,seasonal_naive,0.10141718104400732,10.225458594951045,1869.7352497111722
2023-01-22,8,4,S08_D04,holt_winters,0.1135568546393232,11.788730770152444,2501.4222182623057
2023-01-22,8,4,S08_D04,global_gbm,0.11559403892238802,11.761872670128641,2059.7954970571386
2023-01-22,8,5,S08_D05,seasonal_naive,0.05160983495331634,5.317525382769343,2394.147994417848
2023-01-22,8,5,S08_D05,holt_winters,0.05904203816705334,5.896484813981622,2748.4895848938286
2023-01-22,8,5,S08_D05,global_gbm,0.09065674483546823,9.306984961095182,3807.3880498146377
2023-01-22,8,6,S08_D06,seasonal_naive,0.06996333536054818,6.933058185243748,4602.204000693582
2023-01-22,8,6,S08_D06,holt_winters,0.14039288701473324,14.062266074392221,10198.742254238561
2023-01-22,8,6,S08_D06,global_gbm,0.042075651249192984,4.186104371920097,3015.7625970071444
2023-01-22,8,7,S08_D07,seasonal_naive,0.054525849252196744,5.442907345515542,4079.2427638150557
2023-01-22,8,7,S08_D07,holt_winters,0.0907536851442259,9.40751808434335,6578.2384312916465
2023-01-22,8,7,S08_D07,global_gbm,0.07106176531466124,7.299860379373414,5178.678004641028
2023-01-22,8,8,S08_D08,seasonal_naive,0.09651839523666907,9.182740937537979,1707.1476654532562
2023-01-22,8,8,S08_D08,holt_winters,0.08370897528831246,8.64596421226239,1386.4403101971322
2023-01-22,8,8,S08_D08,global_gbm,0.1526335262499899,15.346013353535714,2123.1669770886583
2023-01-22,8,9,S08_D09,seasonal_naive,0.05773488319922576,5.81688354187308,2579.224462336013
2023-01-22,8,9,S08_D09,holt_winters,0.1320662075426565,13.481540778035342,6644.656392107346
2023-01-22,8,9,S08_D09,global_gbm,0.048144457792345455,4.999096461160003,2352.3901347967508
2023-01-22,8,10,S08_D10,seasonal_naive,0.08771033215770659,8.46659146034233,1471.6294390317823
2023-01-22,8,10,S08_D10,holt_winters,0.1191578414046769,11.861436903322142,1860.4599784570985
2023-01-22,8,10,S08_D10,global_gbm,0.11567361922192125,12.243729512278115,1649.2934823071896
2023-01-22,8,11,S08_D11,seasonal_naive,0.054265301157219586,5.0781076727586045,3648.7943646994554
2023-01-22,8,11,S08_D11,holt_winters,0.20904184819270183,21.109445331729866,10485.491021907521
2023-01-22,8,11,S08_D11,global_gbm,0.056449378761311585,5.658539153427129,2868.5620316800173
2023-01-22,8,12,S08_D12,seasonal_naive,0.08976318274398805,9.68419728036288,2582.9152411277455
2023-01-22,8,12,S08_D12,holt_winters,0.1438800993384252,15.154135685124414,3266.036947536202
2023-01-22,8,12,S08_D12,global_gbm,0.09612760659091493,10.357422246422303,2071.164204751106
2023-01-22,9,1,S09_D01,seasonal_naive,0.08121008288510198,7.728232340246549,1421.8720338342687
2023-01-22,9,1,S09_D01,holt_winters,0.16253188574638588,16.64607974282864,2378.6936989150695
2023-01-22,9,1,S09_D01,global_gbm,0.1613793758538208,18.12284007710491,2491.331228721493
2023-01-22,9,2,S09_D02,seasonal_naive,0.05697506440839539,5.886907169229703,1420.1086210480512
2023-01-22,9,2,S09_D02,holt_winters,0.11644386791274741,11.842243612038205,2991.5621218588303
2023-01-22,9,2,S09_D02,global_gbm,0.1508584625418745,16.190578573044295,3810.1098465439313
2023-01-22,9,3,S09_D03,seasonal_naive,0.06519910663005116,6.191040609689366,1998.0814560066112
2023-01-22,9,3,S09_D03,holt_winters,0.09737397078194297,9.354869817660033,2733.6803801309397
2023-01-22,9,3,S09_D03,global_gbm,0.1651821851903796,16.88462196748823,4138.798268110742
2023-01-22,9,4,S09_D04,seasonal_naive,0.0830383709044661,8.248524128301082,649.7179862255623
2023-01-22,9,4,S09_D04,holt_winters,0.11475939880277922,11.654432058078685,862.7802038700585
2023-01-22,9,4,S09_D04,global_gbm,0.18374006479219554,18.597469718934185,1255.1018822147084
2023-01-22,9,5,S09_D05,seasonal_naive,0.07020142064788785,7.0649542750729015,1127.8037561728104
2023-01-22,9,5,S09_D05,holt_winters,0.12299099428061862,12.019294405360089,2325.8152997954558
2023-01-22,9,5,S09_D05,global_gbm,0.07082314099844925,7.150206546473611,1325.9708681887982
2023-01-22,9,6,S09_D06,seasonal_naive,0.04252127038665999,4.539623313506952,1109.4564403064683
2023-01-22,9,6,S09_D06,holt_winters,0.12005691717620001,12.019837164871786,2953.011140849144
2023-01-22,9,6,S09_D06,global_gbm,0.17976814382625714,19.26248321244557,4497.264794415089
2023-01-22,9,7,S09_D07,seasonal_naive,0.04629110732047972,4.5944272314203625,1382.0297254536524
2023-01-22,9,7,S09_D07,holt_winters,0.08876855534135546,9.187388301060585,2607.907871663469
2023-01-22,9,7,S09_D07,global_gbm,0.07449946464644475,7.686484734652685,2237.2276052064494
2023-01-22,9,8,S09_D08,seasonal_naive,0.06050171920822893,6.163848517937057,430.7675903547063
2023-01-22,9,8,S09_D08,holt_winters,0.10772133105527389,10.880300481033789,681.3919567516706
2023-01-22,9,8,S09_D08,global_gbm,0.1402944997253139,15.02309127821147,997.7873261382061
2023-01-22,9,9,S09_D09,seasonal_naive,0.07010511834769215,6.880670780025447,1505.475091229509
2023-01-22,9,9,S09_D09,holt_winters,0.1405726814353512,14.018356287319989,2919.436263575829
2023-01-22,9,9,S09_D09,global_gbm,0.09995513870236009,10.112443945470401,1734.6296973463975
2023-01-22,9,10,S09_D10,seasonal_naive,0.05868357011111834,5.880260893412268,366.28575265767586
2023-01-22,9,10,S09_D10,holt_winters,0.07891274780306559,7.725970083980305,561.5524414625127
2023-01-22,9,10,S09_D10,global_gbm,0.35135476614736727,37.50638545051129,2161.7883779383224
2023-01-22,9,11,S09_D11,seasonal_naive,0.06731254992551651,6.946136031548416,1428.1132820263242
2023-01-22,9,11,S09_D11,holt_winters,0.18587618223119237,18.94976548503731,4092.9994688831703
2023-01-22,9,11,S09_D11,global_gbm,0.14083593845678669,15.27996213189332,3062.375418638758
2023-01-22,9,12,S09_D12,seasonal_naive,0.04635870314817418,4.732239233263693,439.26508709149647
2023-01-22,9,12,S09_D12,holt_winters,0.11746718174399794,11.547825452837039,1339.7927580619214
2023-01-22,9,12,S09_D12,global_gbm,0.2765002124656762,29.626741833257665,2544.6761955504453
2023-01-22,10,1,S10_D01,seasonal_naive,0.13557436948434853,13.646198229295958,8952.229863237984
2023-01-22,10,1,S10_D01,holt_winters,0.0781688872443877,7.866924448919084,5760.428415996499
2023-01-22,10,1,S10_D01,global_gbm,0.04084686408809657,4.037183966670238,3021.978131648778
2023-01-22,10,2,S10_D02,seasonal_naive,0.07407862848320124,7.161346017290246,8835.090732131734
2023-01-22,10,2,S10_D02,holt_winters,0.11908983444202476,11.573333229160307,14783.522016906765
2023-01-22,10,2,S10_D02,global_gbm,0.0571596309150494,6.10772138478084,6787.683971163591
2023-01-22,10,3,S10_D03,seasonal_naive,0.09694635864400394,9.586253591126578,13691.798061212592
2023-01-22,10,3,S10_D03,holt_winters,0.07737176986075803,7.430033675156368,11022.41380183339
2023-01-22,10,3,S10_D03,global_gbm,0.0632260630165925,6.344810067561381,8885.595494352689
2023-01-22,10,4,S10_D04,seasonal_naive,0.13206846639636274,12.880115867664287,4854.785780550724
2023-01-22,10,4,S10_D04,holt_winters,0.08185503324815653,8.202421750499148,3122.592156752652
2023-01-22,10,4,S10_D04,global_gbm,0.051785757409637846,5.214473139642604,1849.2534564987939
2023-01-22,10,5,S10_D05,seasonal_naive,0.13591440737271285,13.42923084590587,11854.919345597633
2023-01-22,10,5,S10_D05,holt_winters,0.1825462725739888,18.120447416951304,18019.239261906532
2023-01-22,10,5,S10_D05,global_gbm,0.07707920158300698,7.911369685898384,6985.3261069340215
2023-01-22,10,6,S10_D06,seasonal_naive,0.1308251418602711,12.961724345152481,16527.44166805241
2023-01-22,10,6,S10_D06,holt_winters,0.1514804865865955,15.227867611401571,18622.76507617311
2023-01-22,10,6,S10_D06,global_gbm,0.0508750026253746,4.87928453327265,8194.311304538944
2023-01-22,10,7,S10_D07,seasonal_naive,0.09358091905037715,9.378922418502897,11835.360999565562
2023-01-22,10,7,S10_D07,holt_winters,0.07267127286036182,7.399954923062762,10889.89789171367
2023-01-22,10,7,S10_D07,global_gbm,0.06081359234546908,6.040995253577662,8694.589771409694
2023-01-22,10,8,S10_D08,seasonal_naive,0.11016237073252563,10.88175446145442,3290.9416774610263
2023-01-22,10,8,S10_D08,holt_winters,0.13102898374379146,13.35232546974851,3767.382776968775
2023-01-22,10,8,S10_D08,global_gbm,0.08227826027373994,8.592112739029723,2545.783650347634
2023-01-22,10,9,S10_D09,seasonal_naive,0.10008863562698071,9.621311744233665,9203.241622628137
2023-01-22,10,9,S10_D09,holt_winters,0.30760660597065304,30.939965386817804,24829.839376664782
2023-01-22,10,9,S10_D09,global_gbm,0.09497595028265443,9.059073732756701,8853.593768451596
2023-01-22,10,10,S10_D10,seasonal_naive,0.25438489826572996,72.00335492160335,10312.87209443555
2023-01-22,10,10,S10_D10,holt_winters,0.23546576778470546,70.47229832449875,10565.188351119581
2023-01-22,10,10,S10_D10,global_gbm,0.2709379247387778,82.09089381227469,11837.730452598029
2023-01-22,10,11,S10_D11,seasonal_naive,0.12033018983723541,11.855603534648676,12408.157111398536
2023-01-22,10,11,S10_D11,holt_winters,0.15794141888634633,15.89441563623201,19716.27470292394
2023-01-22,10,11,S10_D11,global_gbm,0.052568020880021514,5.774714831654584,6163.975789450126
2023-01-22,10,12,S10_D12,seasonal_naive,0.10378667477587059,10.68513320091419,4379.426142805413
2023-01-22,10,12,S10_D12,holt_winters,0.10307676124159351,10.209937052865662,4174.277529766183
2023-01-22,10,12,S10_D12,global_gbm,0.09119288650561536,9.21371474042049,3716.7591045690356
2023-01-22,11,1,S11_D01,seasonal_naive,0.05714752227395528,5.763756286296013,1898.2191189836342
2023-01-22,11,1,S11_D01,holt_winters,0.09965108736221427,9.582270103295263,2821.4703948012357
2023-01-22,11,1,S11_D01,global_gbm,0.1162900714960303,12.600810195174377,3170.3631348102535
2023-01-22,11,2,S11_D02,seasonal_naive,0.08318324642164619,8.728059266547586,3340.4176592867825
2023-01-22,11,2,S11_D02,holt_winters,0.11746712390730157,12.192875367607323,5085.987630893129
2023-01-22,11,2,S11_D02,global_gbm,0.10216881838682793,10.776242694748856,4522.2576908385545
2023-01-22,11,3,S11_D03,seasonal_naive,0.10125321384948556,11.015439421029955,5027.565868213464
2023-01-22,11,3,S11_D03,holt_winters,0.11952524426463557,12.168902159032191,6381.9174209769235
2023-01-22,11,3,S11_D03,global_gbm,0.11667345156930042,12.896886740140282,6029.406413486757
2023-01-22,11,4,S11_D04,seasonal_naive,0.03601671778470499,3.687417038216392,572.0753169164008
2023-01-22,11,4,S11_D04,holt_winters,0.07520673644638005,7.755068715661634,1259.737396852232
2023-01-22,11,4,S11_D04,global_gbm,0.08446821538283308,8.606335602431079,1159.32589542489
2023-01-22,11,5,S11_D05,seasonal_naive,0.21534817282020913,183.37714943076207,10655.684228939735
2023-01-22,11,5,S11_D05,holt_winters,0.1888602978438457,170.58155027023304,9886.275479777978
2023-01-22,11,5,S11_D05,global_gbm,0.31936923429561664,213.8721573432311,12569.82886868595
2023-01-22,11,6,S11_D06,seasonal_naive,0.05615010420905544,5.2846780838205865,2937.1573801956033
2023-01-22,11,6,S11_D06,holt_winters,0.05692504425717012,5.864646638522446,2652.218620513665
2023-01-22,11,6,S11_D06,global_gbm,0.09532776961174565,9.651492784081714,4191.451754140275
2023-01-22,11,7,S11_D07,seasonal_naive,0.08089215422248323,8.336125370975706,4704.714192219862
2023-01-22,11,7,S11_D07,holt_winters,0.19625952408403766,20.449762793044044,15817.505393495068
2023-01-22,11,7,S11_D07,global_gbm,0.05550354963406099,5.684793676779849,3001.4635051007463
2023-01-22,11,8,S11_D08,seasonal_naive,0.060510564822609574,6.265229316668519,717.6692722365228
2023-01-22,11,8,S11_D08,holt_winters,0.10538106144818085,10.902445321169987,1124.8088473197404
2023-01-22,11,8,S11_D08,global_gbm,0.18864321248355573,19.158858662040704,1788.327469876545
2023-01-22,11,9,S11_D09,seasonal_naive,0.05406392934418591,5.689035243585551,2282.6032448308883
2023-01-22,11,9,S11_D09,holt_winters,0.14202610167622648,14.51051886529971,4714.033689736326
2023-01-22,11,9,S11_D09,global_gbm,0.1061534430783304,10.727736879205846,3087.9377176673192
2023-01-22,11,10,S11_D10,seasonal_naive,0.04581114642415672,4.556983012816867,487.8448388832254
2023-01-22,11,10,S11_D10,holt_winters,0.0818778658005135,8.153716690465984,943.5468268109565
2023-01-22,11,10,S11_D10,global_gbm,0.1896539186472092,20.247562493232103,1972.62500548704
2023-01-22,11,11,S11_D11,seasonal_naive,0.05532978169196826,5.64348701357365,2201.993231566005
2023-01-22,11,11,S11_D11,holt_winters,0.13852992332050176,14.340984309669372,5705.295821893864
2023-01-22,11,11,S11_D11,global_gbm,0.12686041777605814,13.89213425631981,4685.313458447835
2023-01-22,11,12,S11_D12,seasonal_naive,0.1371768603331872,12.676817927028724,2469.4112812166386
2023-01-22,11,12,S11_D12,holt_winters,0.14400661166642922,15.071985781720526,2289.052890684604
2023-01-22,11,12,S11_D12,global_gbm,0.28065338449901245,28.758346975596304,4338.607792915338
2023-01-22,12,1,S12_D01,seasonal_naive,0.07836275803529201,7.866581673459125,2992.404961663362
2023-01-22,12,1,S12_D01,holt_winters,0.07098395727678776,7.106176605860701,2845.7287527507588
2023-01-22,12,1,S12_D01,global_gbm,0.11894689147267289,12.191490307255282,4030.605585328564
2023-01-22,12,2,S12_D02,seasonal_naive,0.10042422979084259,10.373616887223772,6232.905655112829
2023-01-22,12,2,S12_D02,holt_winters,0.11524651672787335,10.567484507226323,8373.421280550636
2023-01-22,12,2,S12_D02,global_gbm,0.08963329724281568,10.545342179492415,6470.58307001393
2023-01-22,12,3,S12_D03,seasonal_naive,0.048832218968995644,4.691092775116471,4255.132819096253
2023-01-22,12,3,S12_D03,holt_winters,0.08235512014878983,7.93788473737915,6445.423919483612
2023-01-22,12,3,S12_D03,global_gbm,0.09897642112707537,10.14585644522444,6494.351267037661
2023-01-22,12,4,S12_D04,seasonal_naive,0.3552673641212628,36.48779528425099,13419.619290713874
2023-01-22,12,4,S12_D04,holt_winters,0.1464895584053119,15.113184975618651,4083.9002833406525
2023-01-22,12,4,S12_D04,global_gbm,0.10580101129785044,10.916927465900708,1960.9316693465053
2023-01-22,12,5,S12_D05,seasonal_naive,0.0325377125927734,3.129027752659632,1755.1197151476565
2023-01-22,12,5,S12_D05,holt_winters,0.09917933242350944,9.607382796006291,4234.333741111751
2023-01-22,12,5,S12_D05,global_gbm,0.07040450653354678,7.459328279892954,3151.5063536922326
2023-01-22,12,6,S12_D06,seasonal_naive,0.12289805268921673,12.482466576797446,8772.838092900723
2023-01-22,12,6,S12_D06,holt_winters,0.13081315364370125,13.068153536211613,7446.79939413922
2023-01-22,12,6,S12_D06,global_gbm,0.13901472853456107,14.282248770740303,8554.510448602834
2023-01-22,12,7,S12_D07,seasonal_naive,0.14531316393978563,14.484900254689004,9348.202991358821
2023-01-22,12,7,S12_D07,holt_winters,0.12746876261232465,13.201634801964717,8334.546467029133
2023-01-22,12,7,S12_D07,global_gbm,0.10274803020437381,10.565494595514622,6890.653902073083
2023-01-22,12,8,S12_D08,seasonal_naive,0.10291944844410729,9.913782369443902,1790.5088145622183
2023-01-22,12,8,S12_D08,holt_winters,0.15379168222151843,15.31129009723248,2316.2851940174396
2023-01-22,12,8,S12_D08,global_gbm,0.09691934947758198,10.485658007205496,1593.4751117624612
2023-01-22,12,9,S12_D09,seasonal_naive,0.06581704152157071,6.751430861502286,3425.9325867765556
2023-01-22,12,9,S12_D09,holt_winters,0.11398952456584022,11.826984766963083,5289.352047685986
2023-01-22,12,9,S12_D09,global_gbm,0.1008209541863702,10.514515249703713,4879.53617035765
2023-01-22,12,10,S12_D10,seasonal_naive,0.6024193877507941,52.69414863306423,20372.765054223433
2023-01-22,12,10,S12_D10,holt_winters,0.22140856377579474,20.1394361678876,4919.303436176204
2023-01-22,12,10,S12_D10,global_gbm,0.19872035612801103,20.526381483313273,2735.9596877636905
2023-01-22,12,11,S12_D11,seasonal_naive,0.0643123823335035,6.569563491792583,3372.8679393062525
2023-01-22,12,11,S12_D11,holt_winters,0.17087814802522536,17.95020825726465,9292.572463402325
2023-01-22,12,11,S12_D11,global_gbm,0.07911002897658664,8.006154336177898,4576.261727274515
2023-01-22,12,12,S12_D12,seasonal_naive,0.055240108281583614,5.377430788341435,1388.5554535559604
2023-01-22,12,12,S12_D12,holt_winters,0.1363890282811419,14.019724873272713,3395.71158749198
2023-01-22,12,12,S12_D12,global_gbm,0.09948967221051107,10.656664718648953,2112.7063174470054
2023-01-22,13,1,S13_D01,seasonal_naive,0.05289301125255692,5.393220081307875,948.990950161011
2023-01-22,13,1,S13_D01,holt_winters,0.0916601233842194,8.836162109066116,1760.6103991247476
2023-01-22,13,1,S13_D01,global_gbm,0.14103926884193396,15.383411949612153,2283.8264451198374
2023-01-22,13,2,S13_D02,seasonal_naive,0.41041451347727254,43.77702456662509,23330.471178179196
2023-01-22,13,2,S13_D02,holt_winters,0.16528476358633004,16.96234029714876,5445.73121337662
2023-01-22,13,2,S13_D02,global_gbm,0.15480043700426657,16.156357426325474,4128.001699789854
2023-01-22,13,3,S13_D03,seasonal_naive,0.07011128477082984,7.273791633792107,2480.6580419946044
2023-01-22,13,3,S13_D03,holt_winters,0.14079523305647,14.649467835997504,4893.698554131094
2023-01-22,13,3,S13_D03,global_gbm,0.1316897474877032,14.904760283761743,4560.478491235771
2023-01-22,13,4,S13_D04,seasonal_naive,0.04949243341749215,5.236823456977821,545.5648822436248
2023-01-22,13,4,S13_D04,holt_winters,0.2304573121817414,22.53400457079317,2641.8246067660184
2023-01-22,13,4,S13_D04,global_gbm,0.21037137530307098,21.667037877439,1729.0776200196333
2023-01-22,13,5,S13_D05,seasonal_naive,0.08470764170291711,9.033262520941356,1731.9963631132425
2023-01-22,13,5,S13_D05,holt_winters,0.0948478834693839,9.433743022763618,2002.7025275412818
2023-01-22,13,5,S13_D05,global_gbm,0.08982817431596943,9.59991614114351,2142.410872791316
2023-01-22,13,6,S13_D06,seasonal_naive,0.03597525043325621,3.750028375444245,1081.333516260132
2023-01-22,13,6,S13_D06,holt_winters,0.1315431253987382,13.294207016274568,3964.270602524878
2023-01-22,13,6,S13_D06,global_gbm,0.14780948856244266,15.74923821622281,4470.270642696353
2023-01-22,13,7,S13_D07,seasonal_naive,0.04910063033536833,5.028818728617149,1727.7540480454675
2023-01-22,13,7,S13_D07,holt_winters,0.21778955978521322,22.458090538272387,9881.956850262513
2023-01-22,13,7,S13_D07,global_gbm,0.11819352775792238,12.120918695975954,3670.8047727206826
2023-01-22,13,8,S13_D08,seasonal_naive,0.03517782180442065,3.5597408808058404,242.84484156555632
2023-01-22,13,8,S13_D08,holt_winters,0.12438514473506249,12.729492406813037,843.0626837196058
2023-01-22,13,8,S13_D08,global_gbm,0.07937559333178175,8.169142723590364,593.693701035502
2023-01-22,13,9,S13_D09,seasonal_naive,0.06585075991527312,6.6429256413046645,1310.3524034730124
2023-01-22,13,9,S13_D09,holt_winters,0.13542013060569225,14.003758717744603,2973.216855241671
2023-01-22,13,9,S13_D09,global_gbm,0.07526610052727643,7.6390167917937974,1510.450506156541
2023-01-22,13,10,S13_D10,seasonal_naive,0.057442089295679594,5.7952282284862795,385.74307236164327
2023-01-22,13,10,S13_D10,holt_winters,0.07358663463218762,7.005445971172647,626.4407957674506
2023-01-22,13,10,S13_D10,global_gbm,0.2993867147557892,32.22435852808983,2009.8730750271286
2023-01-22,13,11,S13_D11,seasonal_naive,0.0719356962809273,7.312985973189272,1715.9412761550147
2023-01-22,13,11,S13_D11,holt_winters,0.15634547713119182,15.891840410357943,3971.869692253243
2023-01-22,13,11,S13_D11,global_gbm,0.17102720937382526,19.076933207941348,4180.772871064163
2023-01-22,13,12,S13_D12,seasonal_naive,0.0652919863311127,6.338605022404523,737.8080467591149
2023-01-22,13,12,S13_D12,holt_winters,0.09374918255084522,9.731427033494786,1023.4442847014809
2023-01-22,13,12,S13_D12,global_gbm,0.17050548911785024,17.817825693258012,1729.4864134238908
2023-01-22,14,1,S14_D01,seasonal_naive,0.039464587931703196,3.937817397023749,676.0492538639477
2023-01-22,14,1,S14_D01,holt_winters,0.12970017194025774,13.214354224211448,2546.8436539321283
2023-01-22,14,1,S14_D01,global_gbm,0.11158517710306175,11.64985373593819,1590.1515180979372
2023-01-22,14,2,S14_D02,seasonal_naive,0.07214646167446633,7.4217963297001175,1670.9140542192767
2023-01-22,14,2,S14_D02,holt_winters,0.10854676831777461,10.362312680432526,3092.5177656403775
2023-01-22,14,2,S14_D02,global_gbm,0.17049028190754026,19.08634869378618,4424.343721269281
2023-01-22,14,3,S14_D03,seasonal_naive,0.06559018173862766,6.792793267761767,1897.087016787184
2023-01-22,14,3,S14_D03,holt_winters,0.06049825222917635,6.123352024038752,1853.574273516943
2023-01-22,14,3,S14_D03,global_gbm,0.13153607903615286,13.91909873135142,3556.879446832814
2023-01-22,14,4,S14_D04,seasonal_naive,0.06760055707351759,7.096145455506965,625.0268230744183
2023-01-22,14,4,S14_D04,holt_winters,0.2208128578959544,22.925077716997812,1665.3121760326248
2023-01-22,14,4,S14_D04,global_gbm,0.3827813259551022,39.17609384185985,2581.5887660396356
2023-01-22,14,5,S14_D05,seasonal_naive,0.07164539625377402,6.517666263325907,1721.6324568959242
2023-01-22,14,5,S14_D05,holt_winters,0.12594634236887486,11.824482990363643,2689.6296300825807
2023-01-22,14,5,S14_D05,global_gbm,0.09965981726384786,10.785654685583946,1878.36143462238
2023-01-22,14,6,S14_D06,seasonal_naive,0.0912230061037064,9.258125268293671,2275.2615086622463
2023-01-22,14,6,S14_D06,holt_winters,0.1727588033036466,16.28010947882477,6113.821334465329
2023-01-22,14,6,S14_D06,global_gbm,0.13999748971141995,14.54250861846427,3396.349176590304
2023-01-22,14,7,S14_D07,seasonal_naive,0.028213551051564697,2.822016996782368,887.3783316108745
2023-01-22,14,7,S14_D07,holt_winters,0.12092732281991833,12.422879731464912,3333.4699307113506
2023-01-22,14,7,S14_D07,global_gbm,0.11199382465536488,11.413321115546223,2794.4774592507306
2023-01-22,14,8,S14_D08,seasonal_naive,0.05502903808181905,5.602470764870238,318.26153938231397
2023-01-22,14,8,S14_D08,holt_winters,0.1299887990992746,12.972435999851179,886.0814109506601
2023-01-22,14,8,S14_D08,global_gbm,0.12971627100715777,13.234217922910826,767.7411975672595
2023-01-22,14,9,S14_D09,seasonal_naive,0.04170638583814864,4.054716130453703,809.0453925460548
2023-01-22,14,9,S14_D09,holt_winters,0.12481856412483967,12.889638336644554,2478.824045354521
2023-01-22,14,9,S14_D09,global_gbm,0.06137742668759089,6.231890878958028,1183.925408149164
2023-01-22,14,10,S14_D10,seasonal_naive,0.290577655264878,32.67395641778592,3497.5327486726264
2023-01-22,14,10,S14_D10,holt_winters,0.2129313574121127,23.13712918342358,1596.3551137506915
2023-01-22,14,10,S14_D10,global_gbm,0.4849428139482857,51.964829636675184,2804.414723592583
2023-01-22,14,11,S14_D11,seasonal_naive,0.06456394455624469,6.812779614456213,1584.9429422103808
2023-01-22,14,11,S14_D11,holt_winters,0.30549491330465206,28.092456438011954,8148.267346152154
2023-01-22,14,11,S14_D11,global_gbm,0.20381809776569065,22.583399751597693,4496.899044983941
2023-01-22,14,12,S14_D12,seasonal_naive,0.04787391364731618,4.98722562822258,485.33055638657265
2023-01-22,14,12,S14_D12,holt_winters,0.1425035472243499,15.009946409378891,1260.9149940253672
2023-01-22,14,12,S14_D12,global_gbm,0.294459861008606,31.927537037852133,2620.3164471706696
2023-01-22,15,1,S15_D01,seasonal_naive,0.15282526420442782,15.1810226740041,10377.310605226072
2023-01-22,15,1,S15_D01,holt_winters,0.10364513025246416,10.323659229922388,7217.7545936320475
2023-01-22,15,1,S15_D01,global_gbm,0.10795386670735235,11.45062730002657,7823.151824903609
2023-01-22,15,2,S15_D02,seasonal_naive,0.161973444034436,16.2489747341782,18641.43186173443
2023-01-22,15,2,S15_D02,holt_winters,0.13349906087733865,12.868799440656215,17606.124095638093
2023-01-22,15,2,S15_D02,global_gbm,0.042799190826614944,4.445391414852901,5426.131761809022
2023-01-22,15,3,S15_D03,seasonal_naive,0.08109713514580515,7.632384741751884,11399.8286487051
2023-01-22,15,3,S15_D03,holt_winters,0.08155562841505198,7.316216187050112,14165.39935413477
2023-01-22,15,3,S15_D03,global_gbm,0.051525076194505706,5.447773499888339,6787.876247838704
2023-01-22,15,4,S15_D04,seasonal_naive,0.08892136023611143,8.683639151761868,3236.217489587574
2023-01-22,15,4,S15_D04,holt_winters,0.08100473734147663,8.25544100987064,3060.134203958038
2023-01-22,15,4,S15_D04,global_gbm,0.07421591274709319,7.530032402438666,2420.4544380062543
2023-01-22,15,5,S15_D05,seasonal_naive,0.12053783882949888,12.155827551637076,10131.573188439193
2023-01-22,15,5,S15_D05,holt_winters,0.14038208532776594,14.090690978256754,13256.014197619286
2023-01-22,15,5,S15_D05,global_gbm,0.06054517053148905,6.107683251225439,5750.090945703037
2023-01-22,15,6,S15_D06,seasonal_naive,0.13630314318276557,13.489303920076134,16097.241975153698
2023-01-22,15,6,S15_D06,holt_winters,0.1694587373722427,16.68303797929456,21426.325507568567
2023-01-22,15,6,S15_D06,global_gbm,0.03589917504103758,3.539160092857748,4602.138697073864
2023-01-22,15,7,S15_D07,seasonal_naive,0.12550783082211656,12.388924643671807,15263.968343211487
2023-01-22,15,7,S15_D07,holt_winters,0.15398898337754952,14.739676313689465,20675.300494343715
2023-01-22,15,7,S15_D07,global_gbm,0.10370419868023932,10.178882256586753,12775.867187584992
2023-01-22,15,8,S15_D08,seasonal_naive,0.10777298043860686,10.47051109066947,3304.029996165666
2023-01-22,15,8,S15_D08,holt_winters,0.13060574774745265,12.998395098093315,3867.1610014050652
2023-01-22,15,8,S15_D08,global_gbm,0.0426889671976672,4.344086328998193,1214.5910952240392
2023-01-22,15,9,S15_D09,seasonal_naive,0.071094353381804,6.887516647621378,6870.246458507695
2023-01-22,15,9,S15_D09,holt_winters,0.16690302858806227,16.702398217795466,14397.080363893692
2023-01-22,15,9,S15_D09,global_gbm,0.04104245537551372,3.868699054842538,4178.401773772844
2023-01-22,15,10,S15_D10,seasonal_naive,0.0915431312465719,8.970047014499102,2776.225263158594
2023-01-22,15,10,S15_D10,holt_winters,0.10898375176873246,10.31877205335463,3524.2024264437605
2023-01-22,15,10,S15_D10,global_gbm,0.1595324777560161,17.3399018228262,4352.032643478239
2023-01-22,15,11,S15_D11,seasonal_naive,0.08465045910966158,8.118916018483654,8746.021123232982
2023-01-22,15,11,S15_D11,holt_winters,0.22376716756162626,22.419846472492587,22941.780570096354
2023-01-22,15,11,S15_D11,global_gbm,0.08511998865862251,8.734411600084915,8423.823203140304
2023-01-22,15,12,S15_D12,seasonal_naive,0.06646551106499675,6.649826540989126,2560.6069041733053
2023-01-22,15,12,S15_D12,holt_winters,0.11889761821866576,11.89683644312637,5064.8472123938955
2023-01-22,15,12,S15_D12,global_gbm,0.10337794225238305,10.884767182171766,3923.520006218972
2023-01-22,16,1,S16_D01,seasonal_naive,0.0654424827766761,6.272493742400978,2392.0823624302748
2023-01-22,16,1,S16_D01,holt_winters,0.11158280194706136,10.70163464075958,3952.413809820904
2023-01-22,16,1,S16_D01,global_gbm,0.0977039459062176,10.216935270466877,3183.5833860841235
2023-01-22,16,2,S16_D02,seasonal_naive,0.07213106577310975,7.1588122544722275,4170.405353646694
2023-01-22,16,2,S16_D02,holt_winters,0.12887195648761957,12.530241237336389,7880.747833760071
2023-01-22,16,2,S16_D02,global_gbm,0.060071564560407624,6.351080202045188,3354.365067852912
2023-01-22,16,3,S16_D03,seasonal_naive,0.10162096186096832,9.664344813784608,6838.659302625589
2023-01-22,16,3,S16_D03,holt_winters,0.133515626049065,12.509025813842477,9460.654678986386
2023-01-22,16,3,S16_D03,global_gbm,0.04965942955422727,4.434343597448652,4002.4119752377696
2023-01-22,16,4,S16_D04,seasonal_naive,0.09431907428762652,9.4314260542814,1522.7915960867724
2023-01-22,16,4,S16_D04,holt_winters,0.12981724210969203,13.708017039205252,2846.152270944828
2023-01-22,16,4,S16_D04,global_gbm,0.0683330359707751,7.023729598092912,1290.1523447771738
2023-01-22,16,5,S16_D05,seasonal_naive,0.04650766307843638,4.469251507389435,2267.917424400633
2023-01-22,16,5,S16_D05,holt_winters,0.09123451939638287,8.963613155019745,3905.3618612106143
2023-01-22,16,5,S16_D05,global_gbm,0.0810219422048265,8.465793793390358,3402.8724010334354
2023-01-22,16,6,S16_D06,seasonal_naive,0.06656752217162194,6.141010853636626,4676.996479258884
2023-01-22,16,6,S16_D06,holt_winters,0.09842036543523645,9.45106015072493,6791.675959795366
2023-01-22,16,6,S16_D06,global_gbm,0.10820786644533584,11.16738566208007,5896.339079427257
2023-01-22,16,7,S16_D07,seasonal_naive,0.34081863435330984,35.11416510134981,41529.62486383304
2023-01-22,16,7,S16_D07,holt_winters,0.14086399041423345,14.458432951599272,14658.037740036058
2023-01-22,16,7,S16_D07,global_gbm,0.041619438755399196,4.1307669205651365,3322.4259746342386
2023-01-22,16,8,S16_D08,seasonal_naive,0.06190313841546107,6.242657557480084,753.424171972535
2023-01-22,16,8,S16_D08,holt_winters,0.1048220111708059,10.486388582079446,1570.8384840732363
2023-01-22,16,8,S16_D08,global_gbm,0.050128666169756,5.2941001411546935,826.0144073080539
2023-01-22,16,9,S16_D09,seasonal_naive,0.07541148958427293,7.427795685093604,3048.658243524927
2023-01-22,16,9,S16_D09,holt_winters,0.14064972743644485,14.295096314545278,5768.678894840636
2023-01-22,16,9,S16_D09,global_gbm,0.07364185465480519,7.717177954057053,2946.8733308753613
2023-01-22,16,10,S16_D10,seasonal_naive,0.06532505149377892,6.451319603056252,976.3082381924779
2023-01-22,16,10,S16_D10,holt_winters,0.05618894916232633,4.856350477521362,1177.6092330648714
2023-01-22,16,10,S16_D10,global_gbm,0.21706600206233614,23.411225999105028,2870.0989117653894
2023-01-22,16,11,S16_D11,seasonal_naive,0.08796441102675846,8.392662791744085,4412.247390815989
2023-01-22,16,11,S16_D11,holt_winters,0.1654275591435564,16.913026950905397,8496.160540434583
2023-01-22,16,11,S16_D11,global_gbm,0.1159118308720307,11.939151156463671,6022.572918619344
2023-01-22,16,12,S16_D12,seasonal_naive,0.15996221449530007,14.63659107814842,3988.416138429828
2023-01-22,16,12,S16_D12,holt_winters,0.1841360512358481,17.544879109858364,4152.610941647437
2023-01-22,16,12,S16_D12,global_gbm,0.11436201656580752,12.00273471611106,2467.5088787663035
2023-01-22,17,1,S17_D01,seasonal_naive,0.060278966069700776,6.244126344149335,1689.8664415346564
2023-01-22,17,1,S17_D01,holt_winters,0.18234135876549548,19.674564572847466,7366.097566660921
2023-01-22,17,1,S17_D01,global_gbm,0.11324299024337686,12.038591113182784,3266.8389700283606
2023-01-22,17,2,S17_D02,seasonal_naive,0.1104599735190813,10.398890704243744,6212.1797510847555
2023-01-22,17,2,S17_D02,holt_winters,0.11341022154967928,11.372180589685675,6072.063046623346
2023-01-22,17,2,S17_D02,global_gbm,0.10532894385169458,10.358703739901822,6157.297674815648
2023-01-22,17,3,S17_D03,seasonal_naive,0.06436506113318136,6.171375734494665,4376.2278211020375
2023-01-22,17,3,S17_D03,holt_winters,0.09572647644446369,9.608252970596714,6464.144204279471
2023-01-22,17,3,S17_D03,global_gbm,0.15980940704144808,16.897723910753598,9866.535394807246
2023-01-22,17,4,S17_D04,seasonal_naive,0.08188961330045039,8.292667116005575,1317.611458767341
2023-01-22,17,4,S17_D04,holt_winters,0.06360908401035294,6.399112874994774,1204.5959238866164
2023-01-22,17,4,S17_D04,global_gbm,0.09855367341464731,9.994297861370443,1599.4065230821866
2023-01-22,17,5,S17_D05,seasonal_naive,0.03628004806379411,3.6976142858580916,1587.1985770651045
2023-01-22,17,5,S17_D05,holt_winters,0.10340408050174375,10.131799548161746,4292.787144313755
2023-01-22,17,5,S17_D05,global_gbm,0.08802314405600734,9.556650296741859,3705.1580321545985
2023-01-22,17,6,S17_D06,seasonal_naive,0.07179694880710781,6.756506737570316,4591.761045139707
2023-01-22,17,6,S17_D06,holt_winters,0.09648037307084699,9.97369150014163,5707.475577776474
2023-01-22,17,6,S17_D06,global_gbm,0.10274847488312348,10.264445702374205,5554.899272897122
2023-01-22,17,7,S17_D07,seasonal_naive,0.05583859139707925,5.6231807221216386,3294.364134512533
2023-01-22,17,7,S17_D07,holt_winters,0.07072750415976287,7.391286410462314,4449.620267095073
2023-01-22,17,7,S17_D07,global_gbm,0.07064234895481293,7.275153750284727,3894.094155758019
2023-01-22,17,8,S17_D08,seasonal_naive,0.0717754553542491,7.4305792420039065,1029.7430293706773
2023-01-22,17,8,S17_D08,holt_winters,0.1069289860621652,10.492079267407306,1270.3366304014821
2023-01-22,17,8,S17_D08,global_gbm,0.12342872024634877,12.724172612417433,1513.812679796218
2023-01-22,17,9,S17_D09,seasonal_naive,0.06527424332299504,6.630988050202838,2820.108247168891
2023-01-22,17,9,S17_D09,holt_winters,0.114374103994261,11.694508269371351,5195.9995454382915
2023-01-22,17,9,S17_D09,global_gbm,0.12144108468389583,12.18487774461416,4132.187256464188
2023-01-22,17,10,S17_D10,seasonal_naive,0.06522329778877832,6.342560103638522,834.8483204226383
2023-01-22,17,10,S17_D10,holt_winters,0.06159192209562096,5.716765020834546,1101.0586059419966
2023-01-22,17,10,S17_D10,global_gbm,0.12134492857519136,13.096689751892326,1538.1794410183027
2023-01-22,17,11,S17_D11,seasonal_naive,0.03654749498195349,3.401284797582608,1839.738911068634
2023-01-22,17,11,S17_D11,holt_winters,0.1858168215407354,19.200674529229573,8545.177080879133
2023-01-22,17,11,S17_D11,global_gbm,0.08057622552454405,8.41073981712152,3501.902408820017
2023-01-22,17,12,S17_D12,seasonal_naive,0.09734749958702056,9.933134462513063,2015.6849951350282
2023-01-22,17,12,S17_D12,holt_winters,0.10293972831714851,10.444204153345895,2300.0166570456618
2023-01-22,17,12,S17_D12,global_gbm,0.09910566547945902,10.952384205122213,2099.089137306361
2023-01-22,18,1,S18_D01,seasonal_naive,0.060407862298382395,6.088768184106934,1874.1129280575647
2023-01-22,18,1,S18_D01,holt_winters,0.09237999131885138,8.68753786335286,3110.506282976844
2023-01-22,18,1,S18_D01,global_gbm,0.09681706391970962,9.927316896980441,2671.58758769905
2023-01-22,18,2,S18_D02,seasonal_naive,0.08140567224702519,7.907681948641939,4181.264543183976
2023-01-22,18,2,S18_D02,holt_winters,0.1166708087501476,11.736420434747188,5985.0262417593085
2023-01-22,18,2,S18_D02,global_gbm,0.09526580031539801,10.06446115044975,5019.670815020054
2023-01-22,18,3,S18_D03,seasonal_naive,0.08238586836784328,8.337635607430457,5645.165499473864
2023-01-22,18,3,S18_D03,holt_winters,0.09870999800056988,9.563714934058087,6500.953507918198
2023-01-22,18,3,S18_D03,global_gbm,0.12888030363953515,12.968573666946106,7574.39029789743
2023-01-22,18,4,S18_D04,seasonal_naive,0.03480686287312528,3.4019066061261363,671.9386789730148
2023-01-22,18,4,S18_D04,holt_winters,0.24854046477150898,25.736711901501764,6648.864036027074
2023-01-22,18,4,S18_D04,global_gbm,0.0678882379075966,6.83283726708831,1033.94305534961
2023-01-22,18,5,S18_D05,seasonal_naive,0.0561953786748833,5.4098281785338695,2623.2111936613105
2023-01-22,18,5,S18_D05,holt_winters,0.08993971714574645,8.75186080817846,3473.5537880488214
2023-01-22,18,5,S18_D05,global_gbm,0.09902584696650599,10.102922051986111,3694.192629432003
2023-01-22,18,6,S18_D06,seasonal_naive,0.05180718463803927,5.173190201872963,3705.5323791933056
2023-01-22,18,6,S18_D06,holt_winters,0.13318748925434454,13.463980400875075,7808.856641938913
2023-01-22,18,6,S18_D06,global_gbm,0.09523355723589891,9.827615461822955,5279.312851129322
2023-01-22,18,7,S18_D07,seasonal_naive,0.07077217579883112,7.118320812548936,4084.5143178488775
2023-01-22,18,7,S18_D07,holt_winters,0.08019142177347746,8.065267892615525,4186.043373002861
2023-01-22,18,7,S18_D07,global_gbm,0.043974282912279346,4.475923032136973,2415.073644896928
2023-01-22,18,8,S18_D08,seasonal_naive,0.08162159066316416,8.014092769432846,1089.803450220497
2023-01-22,18,8,S18_D08,holt_winters,0.11678950390670922,11.38306281946564,1813.5408300844238
2023-01-22,18,8,S18_D08,global_gbm,0.09430436301515385,9.551592026660064,1094.4551276490722
2023-01-22,18,9,S18_D09,seasonal_naive,0.257772056198691,80.46225972062938,14471.54871050046
2023-01-22,18,9,S18_D09,holt_winters,0.3285175247472564,85.2095630328885,14979.827426525464
2023-01-22,18,9,S18_D09,global_gbm,0.27020824236278507,80.66155461565575,14322.64259943691
2023-01-22,18,10,S18_D10,seasonal_naive,0.06802467334520751,6.898306597773055,838.9336103947675
2023-01-22,18,10,S18_D10,holt_winters,0.06446538350051467,5.877524548198654,985.3627898831717
2023-01-22,18,10,S18_D10,global_gbm,0.1359381601948701,14.203747960684332,1614.1393953227764
2023-01-22,18,11,S18_D11,seasonal_naive,0.06269107376396175,6.279967294061393,2772.9201538743423
2023-01-22,18,11,S18_D11,holt_winters,0.17731024059155004,18.158998576909113,8192.513458721367
2023-01-22,18,11,S18_D11,global_gbm,0.09339036182307099,10.0999106482199,4279.99951950186
2023-01-22,18,12,S18_D12,seasonal_naive,0.043435200950839914,4.153787251062542,887.4963686334154
2023-01-22,18,12,S18_D12,holt_winters,0.18105099540084865,18.900092942860315,3280.529290983346
2023-01-22,18,12,S18_D12,global_gbm,0.10795228352667717,11.49700986338041,1965.2693793170636
2023-01-22,19,1,S19_D01,seasonal_naive,0.0788240004085415,7.626850156272658,3286.7016178838016
2023-01-22,19,1,S19_D01,holt_winters,0.14377898815843318,14.826753024008815,5264.786566381314
2023-01-22,19,1,S19_D01,global_gbm,0.08162927249978655,9.037540038175745,3827.6207638406695
2023-01-22,19,2,S19_D02,seasonal_naive,0.05975961538562971,5.409640610551624,5089.9622275833235
2023-01-22,19,2,S19_D02,holt_winters,0.11976731405451851,11.15840412045949,9887.715854468519
2023-01-22,19,2,S19_D02,global_gbm,0.10438046330531392,11.138727379915712,6918.418859260535
2023-01-22,19,3,S19_D03,seasonal_naive,0.043147072090198454,4.414333611331139,3519.406758146535
2023-01-22,19,3,S19_D03,holt_winters,0.2265293671460847,24.253548802504795,23771.429524032512
2023-01-22,19,3,S19_D03,global_gbm,0.10625831052777548,11.321786419288594,8020.518372765132
2023-01-22,19,4,S19_D04,seasonal_naive,0.1186412786884673,11.481184280359082,2832.7022377559383
2023-01-22,19,4,S19_D04,holt_winters,0.1023186344004903,10.15829998472287,3103.1491110846796
2023-01-22,19,4,S19_D04,global_gbm,0.07247878088896426,7.289809215187784,1527.8001174088104
2023-01-22,19,5,S19_D05,seasonal_naive,0.07922347285648958,7.675249966721031,3817.904385111025
2023-01-22,19,5,S19_D05,holt_winters,0.07760628350648928,7.639312645292828,4056.1336379184772
2023-01-22,19,5,S19_D05,global_gbm,0.07693429910659114,8.05552930594109,3596.698455645549
2023-01-22,19,6,S19_D06,seasonal_naive,0.05675585576699515,5.316227802860608,4467.268909503045
2023-01-22,19,6,S19_D06,holt_winters,0.14458404617762713,14.157152520296428,10070.232321694599
2023-01-22,19,6,S19_D06,global_gbm,0.08958358175921498,9.120197934590294,6088.728461411602
2023-01-22,19,7,S19_D07,seasonal_naive,0.07081661281701748,7.109910188449612,5147.291426807647
2023-01-22,19,7,S19_D07,holt_winters,0.08226936763281609,8.359337820665944,6365.489255439367
2023-01-22,19,7,S19_D07,global_gbm,0.017121843487983783,1.7252974792541331,1327.5775803345596
2023-01-22,19,8,S19_D08,seasonal_naive,0.08571925390431993,8.568173449168642,1418.3174451749164
2023-01-22,19,8,S19_D08,holt_winters,0.149209199404415,14.339917564849692,2868.222924644269
2023-01-22,19,8,S19_D08,global_gbm,0.07863408092696492,8.196825398462746,1347.513221195572
2023-01-22,19,9,S19_D09,seasonal_naive,0.07152324627743703,7.139648587753052,3315.4988854752296
2023-01-22,19,9,S19_D09,holt_winters,0.14408123696225852,14.829490143891208,7404.5648281175045
2023-01-22,19,9,S19_D09,global_gbm,0.07116484965755536,7.181430863223387,3263.8265557921327
2023-01-22,19,10,S19_D10,seasonal_naive,0.0790935669546237,7.712591560563487,1473.1884687006273
2023-01-22,19,10,S19_D10,holt_winters,0.09443623302137803,9.36424368143034,1663.5730581817734
2023-01-22,19,10,S19_D10,global_gbm,0.12343243743303761,13.258409244161312,1919.109214081567
2023-01-22,19,11,S19_D11,seasonal_naive,0.04533071285756921,4.629881416412271,2514.9366400816125
2023-01-22,19,11,S19_D11,holt_winters,0.16248512588113923,16.233463552626088,10097.28803987639
2023-01-22,19,11,S19_D11,global_gbm,0.0699142230750239,7.100315369465606,4118.706742112169
2023-01-22,19,12,S19_D12,seasonal_naive,0.11196483104207343,11.046318244577275,2501.5822535997095
2023-01-22,19,12,S19_D12,holt_winters,0.20298986762775834,21.058295165322587,4581.766131175705
2023-01-22,19,12,S19_D12,global_gbm,0.13892606572820673,14.10295906635573,3078.1338827734303
2023-01-22,20,1,S20_D01,seasonal_naive,0.0662912579527398,6.664733032384638,2042.550554160166
2023-01-22,20,1,S20_D01,holt_winters,0.07538769622842054,7.370331345019812,2551.997823451308
2023-01-22,20,1,S20_D01,global_gbm,0.11043085218190381,11.812887567615663,3552.540967436553
2023-01-22,20,2,S20_D02,seasonal_naive,0.05121059084751458,5.23628177029522,3107.9069515953984
2023-01-22,20,2,S20_D02,holt_winters,0.10456386770564412,9.77355602010306,7271.203193828285
2023-01-22,20,2,S20_D02,global_gbm,0.06328945330723422,6.948822877025197,3843.8376221613976
2023-01-22,20,3,S20_D03,seasonal_naive,0.07037570082817755,6.644871000549621,4883.044490037695
2023-01-22,20,3,S20_D03,holt_winters,0.056682358676630656,5.348276398730125,3901.4379190441396
2023-01-22,20,3,S20_D03,global_gbm,0.08420406801262259,8.304242675609878,4985.144912340806
2023-01-22,20,4,S20_D04,seasonal_naive,0.08921000394328493,8.91666451762334,1566.0758949081933
2023-01-22,20,4,S20_D04,holt_winters,0.16685183054185937,17.5612918146537,3077.980893179635
2023-01-22,20,4,S20_D04,global_gbm,0.0639005759608371,6.637691423987488,1104.05560333508
2023-01-22,20,5,S20_D05,seasonal_naive,0.05536341227380367,5.500496997726551,2348.506233877717
2023-01-22,20,5,S20_D05,holt_winters,0.10801633621135277,9.961193426963618,4610.053290765268
2023-01-22,20,5,S20_D05,global_gbm,0.11570966994153792,12.38225886323561,4338.841396821884
2023-01-22,20,6,S20_D06,seasonal_naive,0.08698991838694191,8.321580742211733,4941.062702407752
2023-01-22,20,6,S20_D06,holt_winters,0.11843999118513278,11.917924885210079,6437.748813303548
2023-01-22,20,6,S20_D06,global_gbm,0.0839069504725672,8.161546928906061,4797.479256802379
2023-01-22,20,7,S20_D07,seasonal_naive,0.03375320335433038,3.434664696756303,2502.3607356804096
2023-01-22,20,7,S20_D07,holt_winters,0.09019097690067485,9.370665503054626,5611.063116884465
2023-01-22,20,7,S20_D07,global_gbm,0.07686519355297008,7.974178907955514,4844.3886090781625
2023-01-22,20,8,S20_D08,seasonal_naive,0.06634195048076366,6.552385135868254,890.6442062771193
2023-01-22,20,8,S20_D08,holt_winters,0.09287111391867614,9.460417614606945,1186.3828740767221
2023-01-22,20,8,S20_D08,global_gbm,0.09582194913268326,10.08459934717183,1279.7833117379498
2023-01-22,20,9,S20_D09,seasonal_naive,0.06674640650058165,6.697333147870774,2845.3192656932183
2023-01-22,20,9,S20_D09,holt_winters,0.1381086427930663,13.898422551432821,6019.304616398302
2023-01-22,20,9,S20_D09,global_gbm,0.08481877497439311,8.913393344709569,3557.510710681555
2023-01-22,20,10,S20_D10,seasonal_naive,0.05969381060061174,6.310429363930757,845.6536376895099
2023-01-22,20,10,S20_D10,holt_winters,0.07993477997003916,7.5109882995267805,1223.1914705197044
2023-01-22,20,10,S20_D10,global_gbm,0.09403457407100263,9.923393987634164,1236.636123706853
2023-01-22,20,11,S20_D11,seasonal_naive,0.057303369796097646,5.388343950641839,2975.284744877371
2023-01-22,20,11,S20_D11,holt_winters,0.1394386591134189,14.586330939926897,6314.677622635749
2023-01-22,20,11,S20_D11,global_gbm,0.1385046960608692,14.36632038229129,6124.466573364613
2023-01-22,20,12,S20_D12,seasonal_naive,0.03303069812896224,3.1180282550928053,690.1133334822619
2023-01-22,20,12,S20_D12,holt_winters,0.12130058502476673,12.087860280900378,2279.5332446929656
2023-01-22,20,12,S20_D12,global_gbm,0.1127948035508375,11.842527767210806,2038.5206170542926
2023-03-19,1,1,S01_D01,seasonal_naive,0.13035103666682543,13.035350119310888,3499.77523444542
2023-03-19,1,1,S01_D01,holt_winters,0.06788032582129411,6.7649752279850315,1945.5689315484435
2023-03-19,1,1,S01_D01,global_gbm,0.057929303674454945,5.846694744838173,1610.1307147388418
2023-03-19,1,2,S01_D02,seasonal_naive,0.06931686767082518,6.831331669279129,2967.5617888070165
2023-03-19,1,2,S01_D02,holt_winters,0.11846807357298571,11.360765705158524,6222.575244143163
2023-03-19,1,2,S01_D02,global_gbm,0.1018279147305248,10.374226117333784,4390.416628341755
2023-03-19,1,3,S01_D03,seasonal_naive,0.03822919375004241,3.803838567498278,1989.5020561813976
2023-03-19,1,3,S01_D03,holt_winters,0.28579427467151347,28.774116773370267,11981.182525997992
2023-03-19,1,3,S01_D03,global_gbm,0.1953398222365051,19.649953567664113,8189.716973472876
2023-03-19,1,4,S01_D04,seasonal_naive,0.051042282916055844,5.074575210646744,803.1918357715051
2023-03-19,1,4,S01_D04,holt_winters,0.0578142622762242,5.906872248763011,911.7233111337946
2023-03-19,1,4,S01_D04,global_gbm,0.04887975330677957,4.841576121977893,717.7731789014318
2023-03-19,1,5,S01_D05,seasonal_naive,0.05139173193514439,5.182614811960014,1511.966721674124
2023-03-19,1,5,S01_D05,holt_winters,0.05404787677432486,5.465909147321163,1574.1655751571634
2023-03-19,1,5,S01_D05,global_gbm,0.03576176679248497,3.6777319488032583,1130.7207491235336
2023-03-19,1,6,S01_D06,seasonal_naive,0.06857044000832753,7.02234744216699,3444.814941343002
2023-03-19,1,6,S01_D06,holt_winters,0.048770615590065444,4.912105035244788,2163.6766941514966
2023-03-19,1,6,S01_D06,global_gbm,0.03107679457580468,3.0552358462060303,1452.9998177499028
2023-03-19,1,7,S01_D07,seasonal_naive,0.09248250710395309,9.269896253371842,4283.3362671929
2023-03-19,1,7,S01_D07,holt_winters,0.0715988140940031,7.0707786970482935,3551.0794612221525
2023-03-19,1,7,S01_D07,global_gbm,0.05420963340338428,5.58214480131247,2806.686282719557
2023-03-19,1,8,S01_D08,seasonal_naive,0.07597041121842514,7.433604544100428,852.016961685623
2023-03-19,1,8,S01_D08,holt_winters,0.05548554902996696,5.378939378820746,653.3782095809918
2023-03-19,1,8,S01_D08,global_gbm,0.06951501891289695,7.262377972555568,775.5725165924407
2023-03-19,1,9,S01_D09,seasonal_naive,0.3019371261019206,31.172236304695893,20424.27060049269
2023-03-19,1,9,S01_D09,holt_winters,0.19639805833217008,19.55023575280847,6131.612405296941
2023-03-19,1,9,S01_D09,global_gbm,0.04942970132608545,4.737696228126705,1742.996981804883
2023-03-19,1,10,S01_D10,seasonal_naive,0.04987233753855521,5.013169411298768,520.2409664400717
2023-03-19,1,10,S01_D10,holt_winters,0.051393563241430004,5.110632354686716,571.1618930273997
2023-03-19,1,10,S01_D10,global_gbm,0.04121462732008195,4.2035641495782015,402.64190801931846
2023-03-19,1,11,S01_D11,seasonal_naive,0.06455054970116492,6.503258836549616,2653.8226872051955
2023-03-19,1,11,S01_D11,holt_winters,0.2150593383094196,21.24883854502924,7094.527800905837
2023-03-19,1,11,S01_D11,global_gbm,0.04386606587905491,4.29107830264339,1688.0432601382158
2023-03-19,1,12,S01_D12,seasonal_naive,0.1219511146174949,12.318260455913897,2131.507096006251
2023-03-19,1,12,S01_D12,holt_winters,0.09577416372662231,9.759909401712768,1647.390726633042
2023-03-19,1,12,S01_D12,global_gbm,0.05710956421887597,5.770229372416301,846.5963553538348
2023-03-19,2,1,S02_D01,seasonal_naive,0.04854054908024945,4.760902190563054,2392.856585621043
2023-03-19,2,1,S02_D01,holt_winters,0.060022794359306283,5.898263042064571,2918.2928844862
2023-03-19,2,1,S02_D01,global_gbm,0.049837364602719786,4.9666927313951375,2004.196888906851
2023-03-19,2,2,S02_D02,seasonal_naive,0.08772295419666376,8.674845190488528,6476.091757858283
2023-03-19,2,2,S02_D02,holt_winters,0.07416919436262631,7.2406480369668555,5557.398611913322
2023-03-19,2,2,S02_D02,global_gbm,0.05122400570220212,5.209664343440673,3704.1550661277797
2023-03-19,2,3,S02_D03,seasonal_naive,0.067002896038141,6.716848231989814,5695.9674645357645
2023-03-19,2,3,S02_D03,holt_winters,0.15563970792945372,15.594459963466727,11677.651707289544
2023-03-19,2,3,S02_D03,global_gbm,0.04265971537747731,4.268537520005804,3191.8374547302556
2023-03-19,2,4,S02_D04,seasonal_naive,0.055952536894917165,5.515822393563129,1469.7748438536435
2023-03-19,2,4,S02_D04,holt_winters,0.08877979426499996,8.765621638821763,2171.82000658011
2023-03-19,2,4,S02_D04,global_gbm,0.050283734303007435,4.978024617519085,1376.6071761678654
2023-03-19,2,5,S02_D05,seasonal_naive,0.06326043768626982,6.280808825506187,3133.8745506979844
2023-03-19,2,5,S02_D05,holt_winters,0.07902970624249331,7.72666109684659,5742.9856033559345
2023-03-19,2,5,S02_D05,global_gbm,0.06413189337671041,6.565587015231602,3259.865533954851
2023-03-19,2,6,S02_D06,seasonal_naive,0.0540382955626573,5.221126298076518,4404.898411666265
2023-03-19,2,6,S02_D06,holt_winters,0.0833294735965142,8.344597621216309,5704.7776714319125
2023-03-19,2,6,S02_D06,global_gbm,0.03528954573799858,3.5298102442067303,2538.70710972268
2023-03-19,2,7,S02_D07,seasonal_naive,0.07412444887382293,7.341675473629045,5655.556373164134
2023-03-19,2,7,S02_D07,holt_winters,0.07160712274308965,7.454605632503061,6238.384515091185
2023-03-19,2,7,S02_D07,global_gbm,0.04086770082531865,4.204022275512624,3181.25434007087
2023-03-19,2,8,S02_D08,seasonal_naive,0.08079062454907546,8.085280776958435,1409.300851459688
2023-03-19,2,8,S02_D08,holt_winters,0.13191732927182467,13.053884868662946,2281.731114975525
2023-03-19,2,8,S02_D08,global_gbm,0.06794423125417458,6.739240730740831,1295.4270324161544
2023-03-19,2,9,S02_D09,seasonal_naive,0.09605188395431771,9.430695018761542,5011.70722814342
2023-03-19,2,9,S02_D09,holt_winters,0.15038087961970745,14.575829868576806,8015.64656547334
2023-03-19,2,9,S02_D09,global_gbm,0.05609673560167693,5.796955553532595,3415.6937582169353
2023-03-19,2,10,S02_D10,seasonal_naive,0.08822908332499495,8.754315858925033,1674.4315729748405
2023-03-19,2,10,S02_D10,holt_winters,0.07530051806195644,7.399873942302347,1405.4515606799341
2023-03-19,2,10,S02_D10,global_gbm,0.10057733411065625,9.94444321759974,1676.389549713276
2023-03-19,2,11,S02_D11,seasonal_naive,0.053932008531653024,5.390337164337675,3514.614414884298
2023-03-19,2,11,S02_D11,holt_winters,0.19013099114720838,18.8693995341203,10259.153373258985
2023-03-19,2,11,S02_D11,global_gbm,0.04438637468621959,4.459764787161508,2800.193253879965
2023-03-19,2,12,S02_D12,seasonal_naive,0.08466995209641141,8.380781977619229,2225.074475233919
2023-03-19,2,12,S02_D12,holt_winters,0.06460317748111458,6.685258628071492,1760.430567482112
2023-03-19,2,12,S02_D12,global_gbm,0.1068197958494744,10.961072601517582,2725.7742084910624
2023-03-19,3,1,S03_D01,seasonal_naive,0.055308800266860865,5.483039668611981,2088.905432397551
2023-03-19,3,1,S03_D01,holt_winters,0.08871663888569511,8.876799539297807,2798.541958511856
2023-03-19,3,1,S03_D01,global_gbm,0.030338982667345877,3.09755100408108,1129.4913844628643
2023-03-19,3,2,S03_D02,seasonal_naive,0.04501888835308614,4.46253554122152,2479.2557144937673
2023-03-19,3,2,S03_D02,holt_winters,0.14286647360994573,13.948050737068234,13062.478060532087
2023-03-19,3,2,S03_D02,global_gbm,0.09279880656012728,9.283294215405924,5745.044879010469
2023-03-19,3,3,S03_D03,seasonal_naive,0.08042134560032133,7.961341545411933,5011.358878093844
2023-03-19,3,3,S03_D03,holt_winters,0.046403902780075855,4.734468272385743,3155.318529043811
2023-03-19,3,3,S03_D03,global_gbm,0.04234009249075014,4.240985627723829,3092.8190120711242
2023-03-19,3,4,S03_D04,seasonal_naive,0.04274846394449628,4.237461256148254,909.7168990268349
2023-03-19,3,4,S03_D04,holt_winters,0.08101179269371121,8.245476938665822,1643.4337051304046
2023-03-19,3,4,S03_D04,global_gbm,0.048210763942786714,4.688713589066573,1060.0362098964226
2023-03-19,3,5,S03_D05,seasonal_naive,0.08027187333673462,7.8729599001712804,3558.9217766235042
2023-03-19,3,5,S03_D05,holt_winters,0.08909517459644609,8.637919445655431,3975.3401015855425
2023-03-19,3,5,S03_D05,global_gbm,0.06296249346597081,6.0259895097559735,2917.6501546460113
2023-03-19,3,6,S03_D06,seasonal_naive,0.08067393179101166,8.268543958464823,5031.779265190395
2023-03-19,3,6,S03_D06,holt_winters,0.11654227373895469,11.652499787633776,6631.1853171810135
2023-03-19,3,6,S03_D06,global_gbm,0.06086975498121379,6.8786479254364705,4927.42965818269
2023-03-19,3,7,S03_D07,seasonal_naive,0.10566330929541545,10.374065408209464,6997.125858570431
2023-03-19,3,7,S03_D07,holt_winters,0.10807585757382165,10.620179271695376,11403.811423190251
2023-03-19,3,7,S03_D07,global_gbm,0.0401969770939071,3.855191967973744,3406.972874735385
2023-03-19,3,8,S03_D08,seasonal_naive,0.06915589449245145,6.915821839006762,1010.668382562995
2023-03-19,3,8,S03_D08,holt_winters,0.12363058172472242,12.082579849838856,1807.4074623489435
2023-03-19,3,8,S03_D08,global_gbm,0.0507235529995713,4.914876760444279,836.2240517652556
2023-03-19,3,9,S03_D09,seasonal_naive,0.05091549284250931,5.167651007458436,2400.531202963212
2023-03-19,3,9,S03_D09,holt_winters,0.2012619615467584,19.69331330448807,7992.598988531596
2023-03-19,3,9,S03_D09,global_gbm,0.0542110056788236,5.233295075405398,2680.3552825771535
2023-03-19,3,10,S03_D10,seasonal_naive,0.06821395244358275,6.710610653289682,925.6641247774481
2023-03-19,3,10,S03_D10,holt_winters,0.05870518936829358,6.014009923914491,894.4474265798938
2023-03-19,3,10,S03_D10,global_gbm,0.059996885484579106,6.139939393230248,868.9556331063623
2023-03-19,3,11,S03_D11,seasonal_naive,0.054151610601642024,5.191025333748174,3652.5880236398816
2023-03-19,3,11,S03_D11,holt_winters,0.17044063435427287,16.669185286132883,7759.771472818887
2023-03-19,3,11,S03_D11,global_gbm,0.04144494082156269,4.209989514709733,2208.7787401699875
2023-03-19,3,12,S03_D12,seasonal_naive,0.023976622473751524,2.4127395186027774,483.9337207846742
2023-03-19,3,12,S03_D12,holt_winters,0.11101856239603083,10.977419990603048,2114.4978250496233
2023-03-19,3,12,S03_D12,global_gbm,0.13143019371289547,12.888884633696868,2740.655149764447
2023-03-19,4,1,S04_D01,seasonal_naive,0.07078354613954593,6.953654618164476,2882.3690678914622
2023-03-19,4,1,S04_D01,holt_winters,0.04870343576540075,4.851907260433565,2217.0945219491473
2023-03-19,4,1,S04_D01,global_gbm,0.04202157155430801,4.149096691782035,1740.4198387440372
2023-03-19,4,2,S04_D02,seasonal_naive,0.06661015154702168,6.539975594153619,4773.866842753105
2023-03-19,4,2,S04_D02,holt_winters,0.04690134285245345,4.604867702687177,3583.002049361878
2023-03-19,4,2,S04_D02,global_gbm,0.045329998959419915,4.618042770262387,2802.200026427121
2023-03-19,4,3,S04_D03,seasonal_naive,0.048947550102842616,4.840562276184149,3337.6442514631462
2023-03-19,4,3,S04_D03,holt_winters,0.024256842929859912,2.445472605619571,1805.6565416756484
2023-03-19,4,3,S04_D03,global_gbm,0.02794260828311479,2.83076773883959,2081.391343535582
2023-03-19,4,4,S04_D04,seasonal_naive,0.07657410241734006,7.644075705476169,1464.0722039785126
2023-03-19,4,4,S04_D04,holt_winters,0.045058802227679495,4.630454913980797,915.197445868441
2023-03-19,4,4,S04_D04,global_gbm,0.04974060954926985,5.19552058693858,970.8013483187462
2023-03-19,4,5,S04_D05,seasonal_naive,0.0941065836956364,9.775727977871107,4851.626872499834
2023-03-19,4,5,S04_D05,holt_winters,0.059927769215396325,5.834796958163162,2725.667148433421
2023-03-19,4,5,S04_D05,global_gbm,0.04940222093467637,5.194529548216517,2579.7371789908475
2023-03-19,4,6,S04_D06,seasonal_naive,0.0385948099265999,3.8989388689601037,2623.7245920137093
2023-03-19,4,6,S04_D06,holt_winters,0.08829110831412854,8.700734226777529,5341.291933723638
2023-03-19,4,6,S04_D06,global_gbm,0.06402266914586453,6.42967604571328,4123.507479519729
2023-03-19,4,7,S04_D07,seasonal_naive,0.06154225911574769,6.239803660383869,5276.702680620023
2023-03-19,4,7,S04_D07,holt_winters,0.05489363761115136,5.4961594163293395,3768.055409945332
2023-03-19,4,7,S04_D07,global_gbm,0.06601715102292612,6.745467103225902,4669.872585005221
2023-03-19,4,8,S04_D08,seasonal_naive,0.09584843208029835,9.31627191696848,1585.4365585817363
2023-03-19,4,8,S04_D08,holt_winters,0.06218846110480616,6.599876580391076,1151.2902696743158
2023-03-19,4,8,S04_D08,global_gbm,0.07752803911264633,7.632279376781355,1183.8411635413534
2023-03-19,4,9,S04_D09,seasonal_naive,0.07718605424842956,7.580481751772821,3571.1528725556536
2023-03-19,4,9,S04_D09,holt_winters,0.1616819817793172,15.708415666906037,7378.179078666932
2023-03-19,4,9,S04_D09,global_gbm,0.08982108223935091,9.149940764881054,4128.951078083653
2023-03-19,4,10,S04_D10,seasonal_naive,0.05477488963970964,5.651594268839717,848.9613695495809
2023-03-19,4,10,S04_D10,holt_winters,0.056345130076400435,5.781204707980543,813.7060201854381
2023-03-19,4,10,S04_D10,global_gbm,0.0417791992177574,4.401123971301929,703.1458890788535
2023-03-19,4,11,S04_D11,seasonal_naive,0.09630620747410215,9.721218617617726,5318.961189318362
2023-03-19,4,11,S04_D11,holt_winters,0.15331195889150254,14.645096059782617,8146.811300269925
2023-03-19,4,11,S04_D11,global_gbm,0.061214344276538796,6.4323443714912125,3468.5566209807935
2023-03-19,4,12,S04_D12,seasonal_naive,0.06081988940352816,6.045442690674374,1342.5342227341919
2023-03-19,4,12,S04_D12,holt_winters,0.09758640817695871,9.712447661332819,2211.7995491411657
2023-03-19,4,12,S04_D12,global_gbm,0.032188361327510434,3.1705584269350733,822.8622236371845
2023-03-19,5,1,S05_D01,seasonal_naive,0.298705164254906,15.573348893695277,22720.02569436872
2023-03-19,5,1,S05_D01,holt_winters,0.2589128997643707,10.962859610155416,22176.958069952405
2023-03-19,5,1,S05_D01,global_gbm,0.2759248001911462,12.816161424891856,22459.014350077414
2023-03-19,5,2,S05_D02,seasonal_naive,0.09553080646559778,9.594907878513,4290.995394410251
2023-03-19,5,2,S05_D02,holt_winters,0.11387558805461502,11.408211502613012,4727.687635042083
2023-03-19,5,2,S05_D02,global_gbm,0.03135381147803316,3.1567524404448246,1653.0014495755488
2023-03-19,5,3,S05_D03,seasonal_naive,0.08000236409296875,7.8573223795636995,4957.99862788404
2023-03-19,5,3,S05_D03,holt_winters,0.0485305598417503,4.897749639222448,2846.0559837407236
2023-03-19,5,3,S05_D03,global_gbm,0.055808212847656496,5.598534848260024,3230.904008549883
2023-03-19,5,4,S05_D04,seasonal_naive,0.058102256335887906,5.855335073740463,911.7359353453172
2023-03-19,5,4,S05_D04,holt_winters,0.07173538192268314,7.432143188334433,1147.3360021514502
2023-03-19,5,4,S05_D04,global_gbm,0.039667856111665095,4.107710696092061,617.2763363200487
2023-03-19,5,5,S05_D05,seasonal_naive,0.5395290247652884,55.369444253774105,39438.05519830355
2023-03-19,5,5,S05_D05,holt_winters,0.22018593303536413,22.38035762377549,12571.55440628846
2023-03-19,5,5,S05_D05,global_gbm,0.0331344279293336,3.257736634824081,1220.5556186625302
2023-03-19,5,6,S05_D06,seasonal_naive,0.0736719883271898,7.50026031038398,3527.3609214202206
2023-03-19,5,6,S05_D06,holt_winters,0.14081462522092697,14.0418995863894,6172.647537040517
2023-03-19,5,6,S05_D06,global_gbm,0.026786526963591774,2.710439303208097,1255.5789835552123
2023-03-19,5,7,S05_D07,seasonal_naive,0.058555809368161876,5.764994713760137,3380.6106575291983
2023-03-19,5,7,S05_D07,holt_winters,0.04523194107082811,4.550841582639991,2260.0748042783052
2023-03-19,5,7,S05_D07,global_gbm,0.08318790502210852,8.533540569169165,4341.088009897719
2023-03-19,5,8,S05_D08,seasonal_naive,0.09408727945597717,9.406200238367338,1128.993100980914
2023-03-19,5,8,S05_D08,holt_winters,0.038151116404938464,3.8940985576044347,459.3489168833285
2023-03-19,5,8,S05_D08,global_gbm,0.12525519400463295,12.481729796871797,1461.146907629292
2023-03-19,5,9,S05_D09,seasonal_naive,0.13665533373934416,13.145130735701205,5704.912960645192
2023-03-19,5,9,S05_D09,holt_winters,0.2410974865851437,23.410177374968804,8870.42548938181
2023-03-19,5,9,S05_D09,global_gbm,0.2020491152512569,20.993948648495643,7882.6054310758245
2023-03-19,5,10,S05_D10,seasonal_naive,0.0813088462793602,8.029230686619476,985.7458746933714
2023-03-19,5,10,S05_D10,holt_winters,0.036205077341997204,3.5270732580608635,449.8759473210871
2023-03-19,5,10,S05_D10,global_gbm,0.067826013348363,6.946928450200635,719.9131359927698
2023-03-19,5,11,S05_D11,seasonal_naive,0.059952037932084125,5.867126019713502,2532.9705117090275
2023-03-19,5,11,S05_D11,holt_winters,0.1778512018601398,17.506044768286515,6446.416373684253
2023-03-19,5,11,S05_D11,global_gbm,0.04017760080756379,4.077403892358113,1687.3649811889186
2023-03-19,5,12,S05_D12,seasonal_naive,0.07438690336935304,7.272714833444638,1321.4356860059445
2023-03-19,5,12,S05_D12,holt_winters,0.30212468867925457,29.552159313285497,5925.03920148861
2023-03-19,5,12,S05_D12,global_gbm,0.039831239555696875,4.022552138113442,730.2545501360963
2023-03-19,6,1,S06_D01,seasonal_naive,0.05269962660653153,5.42806042868649,1379.0277476677188
2023-03-19,6,1,S06_D01,holt_winters,0.08019808043343696,8.130248647548232,1734.6574569289523
2023-03-19,6,1,S06_D01,global_gbm,0.046190676861311245,4.3778996435929844,1256.3471858509715
2023-03-19,6,2,S06_D02,seasonal_naive,0.07548447818497193,7.677883771814617,2811.9680422881756
2023-03-19,6,2,S06_D02,holt_winters,0.08676239333138729,8.392492590087542,3529.2092064550666
2023-03-19,6,2,S06_D02,global_gbm,0.058768096406052385,5.907077292018144,2186.037790730707
2023-03-19,6,3,S06_D03,seasonal_naive,0.05675224195240852,5.771395632330525,2794.870368950499
2023-03-19,6,3,S06_D03,holt_winters,0.07903855217685919,8.012589325264704,3731.5316021635113
2023-03-19,6,3,S06_D03,global_gbm,0.03016003777568881,3.0044329390755284,1349.143140242888
2023-03-19,6,4,S06_D04,seasonal_naive,0.060280084326856456,6.147009327718017,758.890577677375
2023-03-19,6,4,S06_D04,holt_winters,0.05138563492848564,5.142779330719835,648.9732848349796
2023-03-19,6,4,S06_D04,global_gbm,0.03584864781428265,3.5600393535238797,462.00617978556636
2023-03-19,6,5,S06_D05,seasonal_naive,0.08654766595504576,8.4889950194854,2519.446003663306
2023-03-19,6,5,S06_D05,holt_winters,0.07654158820139999,7.396656398778538,2299.4365728476228
2023-03-19,6,5,S06_D05,global_gbm,0.05149570170873945,4.9663365797838,1637.1958050456276
2023-03-19,6,6,S06_D06,seasonal_naive,0.1912061996174965,67.85336124776184,14714.739855541959
2023-03-19,6,6,S06_D06,holt_winters,0.33109149546179695,82.26695249853255,20015.08034877711
2023-03-19,6,6,S06_D06,global_gbm,0.19410678982455856,67.77662822673526,14649.632516051799
2023-03-19,6,7,S06_D07,seasonal_naive,0.07652001058560715,7.956363787176812,3365.8461327688474
2023-03-19,6,7,S06_D07,holt_winters,0.048162062746320386,4.870448689758655,1983.8835670083395
2023-03-19,6,7,S06_D07,global_gbm,0.05764020990062549,6.043871637623252,2555.567075333019
2023-03-19,6,8,S06_D08,seasonal_naive,0.075280608709988,7.889021730705317,832.9577557415506
2023-03-19,6,8,S06_D08,holt_winters,0.0786996262328047,8.119523447457896,777.0671078475212
2023-03-19,6,8,S06_D08,global_gbm,0.07820448873282362,8.227330005671869,805.9451995109806
2023-03-19,6,9,S06_D09,seasonal_naive,0.0704224555905367,7.233002659605795,2084.6036627468307
2023-03-19,6,9,S06_D09,holt_winters,0.11956949446830409,11.61798624910405,3292.1477099051085
2023-03-19,6,9,S06_D09,global_gbm,0.07727235276007809,8.109779526292824,2243.9179434156176
2023-03-19,6,10,S06_D10,seasonal_naive,0.06032064937393107,6.191745275975124,533.5269745757943
2023-03-19,6,10,S06_D10,holt_winters,0.0528567573658279,5.423426243389132,465.2828960256311
2023-03-19,6,10,S06_D10,global_gbm,0.12934899871401934,13.334796317906662,1099.5437173960838
2023-03-19,6,11,S06_D11,seasonal_naive,0.09733783514254796,10.04601441895146,3601.8679875482662
2023-03-19,6,11,S06_D11,holt_winters,0.1870656654274242,18.077762017094205,5748.89000423752
2023-03-19,6,11,S06_D11,global_gbm,0.06394475933028945,6.246632846768994,2180.611139616558
2023-03-19,6,12,S06_D12,seasonal_naive,0.05478029284669254,5.4939651308783075,710.7578265221565
2023-03-19,6,12,S06_D12,holt_winters,0.12475214286447592,12.574808157159318,1525.5065969987138
2023-03-19,6,12,S06_D12,global_gbm,0.029525044731839704,2.971653950201646,398.7301436109036
2023-03-19,7,1,S07_D01,seasonal_naive,0.07007636387146858,7.086336389241975,2351.918473579071
2023-03-19,7,1,S07_D01,holt_winters,0.041602387017867296,4.113192755149106,1485.021678212065
2023-03-19,7,1,S07_D01,global_gbm,0.0406487674400703,4.175308905728879,1279.92899067414
2023-03-19,7,2,S07_D02,seasonal_naive,0.10541511434761418,10.774794986418229,5115.367692618733
2023-03-19,7,2,S07_D02,holt_winters,0.07041680080296772,6.877766214649575,3757.6396843202433
2023-03-19,7,2,S07_D02,global_gbm,0.07535446792730763,7.737798240039484,3937.2362332935236
2023-03-19,7,3,S07_D03,seasonal_naive,0.05373882583296959,5.247431447509196,4354.929138840837
2023-03-19,7,3,S07_D03,holt_winters,0.1553974636315286,15.697862847377458,8644.18024879218
2023-03-19,7,3,S07_D03,global_gbm,0.04158374919811415,4.15155705257905,2434.1164947751545
2023-03-19,7,4,S07_D04,seasonal_naive,0.08141455346110393,7.732658347335086,1553.5754872189184
2023-03-19,7,4,S07_D04,holt_winters,0.2059714676590055,21.37616474831362,3307.728083376895
2023-03-19,7,4,S07_D04,global_gbm,0.11081064389889184,11.278273977812887,1848.7756461822964
2023-03-19,7,5,S07_D05,seasonal_naive,0.09308543772588064,8.941256936255554,3879.7133055549352
2023-03-19,7,5,S07_D05,holt_winters,0.10783878460566304,10.09668657536397,4921.053101712688
2023-03-19,7,5,S07_D05,global_gbm,0.1490414880651341,15.137005010689835,5805.568648821737
2023-03-19,7,6,S07_D06,seasonal_naive,0.09254076705886348,9.31416249509197,5474.221059308348
2023-03-19,7,6,S07_D06,holt_winters,0.06839086842797737,6.689822590064182,4231.847084315925
2023-03-19,7,6,S07_D06,global_gbm,0.05207604308449433,5.366487123892895,3358.9296164343245
2023-03-19,7,7,S07_D07,seasonal_naive,0.0837533043209195,7.79642693598587,6131.968062424982
2023-03-19,7,7,S07_D07,holt_winters,0.07873232318278292,7.432782667002556,6355.7406235465305
2023-03-19,7,7,S07_D07,global_gbm,0.10385719469929391,10.727457509002578,6430.435646332792
2023-03-19,7,8,S07_D08,seasonal_naive,0.050150972822735077,4.893257165546237,738.3412330775659
2023-03-19,7,8,S07_D08,holt_winters,0.10731226494709774,10.694415770054833,1278.9393078506273
2023-03-19,7,8,S07_D08,global_gbm,0.017727760634064067,1.7116907136104975,295.3278056492908
2023-03-19,7,9,S07_D09,seasonal_naive,0.055975644650458845,5.522118360165456,2450.7456201506307
2023-03-19,7,9,S07_D09,holt_winters,0.17128870249153164,16.928884327515945,6301.596008348192
2023-03-19,7,9,S07_D09,global_gbm,0.02297553508255142,2.2858135419417143,994.3971144675756
2023-03-19,7,10,S07_D10,seasonal_naive,0.09163327562616928,8.925395251288709,1168.49800370497
2023-03-19,7,10,S07_D10,holt_winters,0.07469774417123624,7.4124321881204684,943.3383336424259
2023-03-19,7,10,S07_D10,global_gbm,0.0513551676024435,5.016633363767723,731.4284070046812
2023-03-19,7,11,S07_D11,seasonal_naive,0.041000322982512785,4.105639698125046,1693.2358167721338
2023-03-19,7,11,S07_D11,holt_winters,0.1716611891932809,17.01821322073952,6727.275975417985
2023-03-19,7,11,S07_D11,global_gbm,0.030325499713448684,3.032654953354117,1312.344291941497
2023-03-19,7,12,S07_D12,seasonal_naive,0.07652813379144138,7.515057641242979,1595.6156495691564
2023-03-19,7,12,S07_D12,holt_winters,0.09707138384831557,9.64522890980517,1813.3461178867983
2023-03-19,7,12,S07_D12,global_gbm,0.05294241680564902,5.305967328310806,1017.4280866442318
2023-03-19,8,1,S08_D01,seasonal_naive,0.0867769153919332,8.614434830636476,2599.580655519271
2023-03-19,8,1,S08_D01,holt_winters,0.05140953071574313,5.0769245528629,1526.10028620561
2023-03-19,8,1,S08_D01,global_gbm,0.021706818648631648,2.1500555831846917,751.6877773131556
2023-03-19,8,2,S08_D02,seasonal_naive,0.04862637326329914,4.934884561241236,2543.012785587698
2023-03-19,8,2,S08_D02,holt_winters,0.07318937339926893,7.044494573478882,4010.4482756468965
2023-03-19,8,2,S08_D02,global_gbm,0.034207937653549896,3.4164528066017525,1720.892889466431
2023-03-19,8,3,S08_D03,seasonal_naive,0.07413742362408896,7.425072405604078,4563.675760156226
2023-03-19,8,3,S08_D03,holt_winters,0.06356520414989816,6.559927827555298,3948.806975299471
2023-03-19,8,3,S08_D03,global_gbm,0.03752404602210061,3.9119675844960677,2396.2940383828177
2023-03-19,8,4,S08_D04,seasonal_naive,0.0579100023666375,5.94448529814399,1088.7226392888133
2023-03-19,8,4,S08_D04,holt_winters,0.0536686001332497,5.422079210247004,929.7334438978298
2023-03-19,8,4,S08_D04,global_gbm,0.038641481062636825,3.8532064426274335,703.9389868424134
2023-03-19,8,5,S08_D05,seasonal_naive,0.10939442727709135,11.39370597205735,4529.138893258297
2023-03-19,8,5,S08_D05,holt_winters,0.07854343045941585,7.836237996075416,2937.1889433456167
2023-03-19,8,5,S08_D05,global_gbm,0.054198312120574625,5.3905925550340585,1935.798937980791
2023-03-19,8,6,S08_D06,seasonal_naive,0.0527667022571325,5.34252008536188,2706.758698649088
2023-03-19,8,6,S08_D06,holt_winters,0.1327675952160834,13.666029623173278,6490.830318364355
2023-03-19,8,6,S08_D06,global_gbm,0.028233579406281264,2.8527511146209044,1441.6229435888406
2023-03-19,8,7,S08_D07,seasonal_naive,0.080056869052384,7.538372809494081,5525.85506575679
2023-03-19,8,7,S08_D07,holt_winters,0.07632584780838654,7.500115367338855,4514.385481196918
2023-03-19,8,7,S08_D07,global_gbm,0.05689671056809203,5.168973217773082,4687.452970574726
2023-03-19,8,8,S08_D08,seasonal_naive,0.05804163337253843,5.699525145309077,726.5253645778654
2023-03-19,8,8,S08_D08,holt_winters,0.16836547549220282,17.947370431677676,2947.3509725769336
2023-03-19,8,8,S08_D08,global_gbm,0.054035394055896364,5.535230040944684,674.4386808612933
2023-03-19,8,9,S08_D09,seasonal_naive,0.03255725567564927,3.2498328006938575,1229.474831315183
2023-03-19,8,9,S08_D09,holt_winters,0.1995213875640281,19.921101027852945,7011.786283428405
2023-03-19,8,9,S08_D09,global_gbm,0.04379492145299629,4.406289995632933,1828.2451646616003
2023-03-19,8,10,S08_D10,seasonal_naive,0.03878599406148812,3.9026760089680574,460.45976879093405
2023-03-19,8,10,S08_D10,holt_winters,0.055165744958543365,5.495175263771042,689.2563981666785
2023-03-19,8,10,S08_D10,global_gbm,0.04673047397025462,4.6136077537551685,657.2586079688598
2023-03-19,8,11,S08_D11,seasonal_naive,0.038294585942910735,4.040422089482616,1828.8431588404449
2023-03-19,8,11,S08_D11,holt_winters,0.14325633131130364,13.998055663275903,5465.318068144683
2023-03-19,8,11,S08_D11,global_gbm,0.028865183813284363,2.9657845400221152,1231.8404959924985
2023-03-19,8,12,S08_D12,seasonal_naive,0.059198156142670676,5.882572766016896,1117.4199963308333
2023-03-19,8,12,S08_D12,holt_winters,0.04284212090250456,4.3949118858920135,833.669184636586
2023-03-19,8,12,S08_D12,global_gbm,0.02825142813123756,2.7323451766179456,552.5995492140521
2023-03-19,9,1,S09_D01,seasonal_naive,0.1456996429428874,14.453894052566458,1763.471666075188
2023-03-19,9,1,S09_D01,holt_winters,0.12680517249427492,12.383775743402158,1505.4288439105146
2023-03-19,9,1,S09_D01,global_gbm,0.06479515344098653,6.493084910487826,847.3673410469993
2023-03-19,9,2,S09_D02,seasonal_naive,0.07162488369199527,7.444657159182853,1338.0118050768463
2023-03-19,9,2,S09_D02,holt_winters,0.07386219764762436,7.2451928302126785,1368.4857418473985
2023-03-19,9,2,S09_D02,global_gbm,0.05809136637386959,6.137948234892562,1175.1874606815043
2023-03-19,9,3,S09_D03,seasonal_naive,0.05569590135163357,5.540761509394591,1381.4802199271617
2023-03-19,9,3,S09_D03,holt_winters,0.07052926132661556,7.06175366495304,1650.6957957531565
2023-03-19,9,3,S09_D03,global_gbm,0.038911151732271165,3.838181680774999,1003.6485562319524
2023-03-19,9,4,S09_D04,seasonal_naive,0.1046946096922612,9.960254689110723,822.1619131290382
2023-03-19,9,4,S09_D04,holt_winters,0.08763760559238226,8.232940955525342,759.5129432278418
2023-03-19,9,4,S09_D04,global_gbm,0.16806733019407086,18.431418813639596,1305.4137745585736
2023-03-19,9,5,S09_D05,seasonal_naive,0.05291370618534333,5.404683980517307,805.4971498009787
2023-03-19,9,5,S09_D05,holt_winters,0.09343492857776818,9.412206317594835,1255.9160235733734
2023-03-19,9,5,S09_D05,global_gbm,0.04252359104813756,4.302856453001304,622.080162814883
2023-03-19,9,6,S09_D06,seasonal_naive,0.05737385160279478,5.624673098154924,1278.2821387266192
2023-03-19,9,6,S09_D06,holt_winters,0.12807574270273778,12.783382725640008,2502.0187134270755
2023-03-19,9,6,S09_D06,global_gbm,0.04112710961835903,3.944039299540857,981.4120108778918
2023-03-19,9,7,S09_D07,seasonal_naive,0.055864426241673794,5.539035188815293,1269.5673115918266
2023-03-19,9,7,S09_D07,holt_winters,0.0717580863070792,7.297973395711146,1590.4037827667644
2023-03-19,9,7,S09_D07,global_gbm,0.022741234172082944,2.2439052774817125,616.416755326326
2023-03-19,9,8,S09_D08,seasonal_naive,0.07052694009150007,7.075882713437505,367.4243705852948
2023-03-19,9,8,S09_D08,holt_winters,0.05589860649702551,5.775418741006629,316.96404888185447
2023-03-19,9,8,S09_D08,global_gbm,0.04882449340521174,4.881666027416192,236.28872615405277
2023-03-19,9,9,S09_D09,seasonal_naive,0.04971676687552223,5.249862636451974,848.4308880589508
2023-03-19,9,9,S09_D09,holt_winters,0.12771912005296254,12.430672821946658,1795.5103636867382
2023-03-19,9,9,S09_D09,global_gbm,0.044983819238669676,4.719847897720964,704.0323937138642
2023-03-19,9,10,S09_D10,seasonal_naive,0.0352575866641409,3.545695453449756,168.04948631281195
2023-03-19,9,10,S09_D10,holt_winters,0.03667988430696981,3.6800231430858505,185.96849769555212
2023-03-19,9,10,S09_D10,global_gbm,0.09708335464810207,9.843269436460902,460.15037559541616
2023-03-19,9,11,S09_D11,seasonal_naive,0.13511586742398474,13.614153166525773,2167.3803479546464
2023-03-19,9,11,S09_D11,holt_winters,0.13509393839099448,13.296931245685851,2201.940166462171
2023-03-19,9,11,S09_D11,global_gbm,0.039674763186236375,4.058888751533076,773.6854630211967
2023-03-19,9,12,S09_D12,seasonal_naive,0.4836967422409524,50.118348741746075,7496.6524290645875
2023-03-19,9,12,S09_D12,holt_winters,0.2434927717299228,25.138104229749615,2469.5621515529424
2023-03-19,9,12,S09_D12,global_gbm,0.0943645692249307,9.794782935053114,705.9432216579582
2023-03-19,10,1,S10_D01,seasonal_naive,0.10729317132267124,10.58125767488235,6279.2308330260485
2023-03-19,10,1,S10_D01,holt_winters,0.04865147412444633,4.905868025649627,2816.3084715866876
2023-03-19,10,1,S10_D01,global_gbm,0.030439345614942125,3.127320644423955,1921.3414613655707
2023-03-19,10,2,S10_D02,seasonal_naive,0.16163457440863993,15.821748854201218,17367.89847024641
2023-03-19,10,2,S10_D02,holt_winters,0.14930124681564175,14.492287849047097,16049.004487577722
2023-03-19,10,2,S10_D02,global_gbm,0.0749214410931131,7.400041582656821,7720.606224028184
2023-03-19,10,3,S10_D03,seasonal_naive,0.18156337992827745,18.057445458884295,19965.357208869314
2023-03-19,10,3,S10_D03,holt_winters,0.08326724982413797,8.243170636617053,9970.888099267966
2023-03-19,10,3,S10_D03,global_gbm,0.03546954606939818,3.5073593808838317,4116.577762471874
2023-03-19,10,4,S10_D04,seasonal_naive,0.1490959511238473,14.801098896299846,4538.392861605857
2023-03-19,10,4,S10_D04,holt_winters,0.034409688538425576,3.4840924938792686,1182.1140889553208
2023-03-19,10,4,S10_D04,global_gbm,0.038651720756636476,3.782526706438274,1267.8709538305452
2023-03-19,10,5,S10_D05,seasonal_naive,0.12441870834539447,12.042894066107008,9775.406804625192
2023-03-19,10,5,S10_D05,holt_winters,0.11695666619822556,11.323069986616852,8954.247511618856
2023-03-19,10,5,S10_D05,global_gbm,0.048428707238049325,4.652967864065594,4399.09558036405
2023-03-19,10,6,S10_D06,seasonal_naive,0.13542452002262073,13.16773799599249,14797.422941731695
2023-03-19,10,6,S10_D06,holt_winters,0.12271005841555332,11.984797608891881,12803.76151402371
2023-03-19,10,6,S10_D06,global_gbm,0.09053408392022576,9.319761719319391,9382.784384351431
2023-03-19,10,7,S10_D07,seasonal_naive,0.17657681221469362,17.11160843172872,21307.112913308727
2023-03-19,10,7,S10_D07,holt_winters,0.07252574287331989,6.8001635446476305,9939.949630686857
2023-03-19,10,7,S10_D07,global_gbm,0.0797449704652672,7.868588524686874,10043.075535116735
2023-03-19,10,8,S10_D08,seasonal_naive,0.1270130586675716,12.667236302586307,3168.8374252653766
2023-03-19,10,8,S10_D08,holt_winters,0.1568445602758248,15.588126664874308,3753.6414339754742
2023-03-19,10,8,S10_D08,global_gbm,0.02288468634644381,2.2659388229460293,666.804015368792
2023-03-19,10,9,S10_D09,seasonal_naive,0.22028442408944018,21.744807207607984,17340.756059986255
2023-03-19,10,9,S10_D09,holt_winters,0.2828843677485415,28.005405910480118,21789.094661996518
2023-03-19,10,9,S10_D09,global_gbm,0.06368847836725253,6.497436983267938,5110.846274751875
2023-03-19,10,10,S10_D10,seasonal_naive,0.10389305006047811,10.330293992297577,2437.903384944735
2023-03-19,10,10,S10_D10,holt_winters,0.14428362895034313,14.38221024139812,3237.673561147639
2023-03-19,10,10,S10_D10,global_gbm,0.10200810438899499,10.081173708138937,2337.5572761039853
2023-03-19,10,11,S10_D11,seasonal_naive,0.09950319596249303,9.586631890381907,8506.234832985008
2023-03-19,10,11,S10_D11,holt_winters,0.1770150680455774,17.335056692974245,13755.7629187202
2023-03-19,10,11,S10_D11,global_gbm,0.05971559620433338,5.858665791082698,5028.306373896501
2023-03-19,10,12,S10_D12,seasonal_naive,0.13596546012562769,13.29808047939673,4808.936954164089
2023-03-19,10,12,S10_D12,holt_winters,0.044223048718860736,4.5096816634824215,1670.4616030326854
2023-03-19,10,12,S10_D12,global_gbm,0.05720518190789907,5.4677262683915195,2288.8627752073853
2023-03-19,11,1,S11_D01,seasonal_naive,0.1427061589010123,14.398752825213851,3187.066046328896
2023-03-19,11,1,S11_D01,holt_winters,0.07862135869185177,7.8918484670661995,1763.6147891325165
2023-03-19,11,1,S11_D01,global_gbm,0.0717315642202629,7.1067874052313655,1656.740258455743
2023-03-19,11,2,S11_D02,seasonal_naive,0.07140411267295142,7.086232886623946,2565.2176722429426
2023-03-19,11,2,S11_D02,holt_winters,0.0731336919279907,7.134131243332778,2807.8161540760902
2023-03-19,11,2,S11_D02,global_gbm,0.03397003035928161,3.4750150814484284,1467.8004687855894
2023-03-19,11,3,S11_D03,seasonal_naive,0.06290261452876565,6.000110606874031,3027.1186632258077
2023-03-19,11,3,S11_D03,holt_winters,0.05855335327228965,5.638121737795585,2794.478127663351
2023-03-19,11,3,S11_D03,global_gbm,0.10982768547123543,11.239684903507957,4853.474171055378
2023-03-19,11,4,S11_D04,seasonal_naive,0.10031890360445468,10.631136710603222,1316.0135832980598
2023-03-19,11,4,S11_D04,holt_winters,0.039828213064345974,4.106614930434335,529.2194463869643
2023-03-19,11,4,S11_D04,global_gbm,0.05434122506183331,5.43019815029043,681.5054736329383
2023-03-19,11,5,S11_D05,seasonal_naive,0.08068800625657316,8.234427095738365,2287.6005367906787
2023-03-19,11,5,S11_D05,holt_winters,0.1581622924115016,15.740521344667757,3811.2593579727104
2023-03-19,11,5,S11_D05,global_gbm,0.10716675639732676,10.569377526365994,2607.781370009057
2023-03-19,11,6,S11_D06,seasonal_naive,0.06372725708227558,6.194637012939642,2700.576555830254
2023-03-19,11,6,S11_D06,holt_winters,0.08175874118880345,8.061743083251539,3350.2321633078222
2023-03-19,11,6,S11_D06,global_gbm,0.0558110939868422,5.259833773443607,2601.2856834872687
2023-03-19,11,7,S11_D07,seasonal_naive,0.05032078814159324,4.921307276276049,2345.6713421054956
2023-03-19,11,7,S11_D07,holt_winters,0.11706671734308816,11.820755688453936,4572.56481389001
2023-03-19,11,7,S11_D07,global_gbm,0.050454170135421486,5.083828897488817,2255.0728414847895
2023-03-19,11,8,S11_D08,seasonal_naive,0.050481856446600214,5.0170602651778164,457.5286295686861
2023-03-19,11,8,S11_D08,holt_winters,0.04458850216368764,4.59909900572926,459.3823615584511
2023-03-19,11,8,S11_D08,global_gbm,0.09777365135183544,9.99753348532632,862.5242210667236
2023-03-19,11,9,S11_D09,seasonal_naive,0.039491294145281984,3.9352722362382657,1179.9038031127802
2023-03-19,11,9,S11_D09,holt_winters,0.18314120923092628,18.19326233253123,4734.568089408838
2023-03-19,11,9,S11_D09,global_gbm,0.026728363300171674,2.7249408670414272,854.9166199754737
2023-03-19,11,10,S11_D10,seasonal_naive,0.0635273981237063,6.593475133172598,606.3613059987421
2023-03-19,11,10,S11_D10,holt_winters,0.059691511639266275,5.809754541938168,566.7564903152112
2023-03-19,11,10,S11_D10,global_gbm,0.05548083868431083,5.463196267817858,469.5316121939977
2023-03-19,11,11,S11_D11,seasonal_naive,0.04375775026699258,4.506125909427154,1373.8540568279072
2023-03-19,11,11,S11_D11,holt_winters,0.20248891426057877,20.107567612184233,5537.640413839113
2023-03-19,11,11,S11_D11,global_gbm,0.04478623569972176,4.379275673036691,1554.7306014810774
2023-03-19,11,12,S11_D12,seasonal_naive,0.0687554154585058,6.991441685017727,930.3155238412395
2023-03-19,11,12,S11_D12,holt_winters,0.09054615424416057,9.29841485688038,1149.0105023511412
2023-03-19,11,12,S11_D12,global_gbm,0.06677996930212347,6.390367469855056,965.7506097458077
2023-03-19,12,1,S12_D01,seasonal_naive,0.0711188836526594,6.854355548456917,2491.8057244897727
2023-03-19,12,1,S12_D01,holt_winters,0.11652350681362825,12.19867096610262,3323.9721383283063
2023-03-19,12,1,S12_D01,global_gbm,0.10479552126411111,10.893263793415253,2974.273788752176
2023-03-19,12,2,S12_D02,seasonal_naive,0.1494046226698922,15.533663157700438,15396.767718522126
2023-03-19,12,2,S12_D02,holt_winters,0.07067789140697389,7.207076468346302,4436.705346070037
2023-03-19,12,2,S12_D02,global_gbm,0.04188181692819841,4.2687968400319285,2954.4137060108674
2023-03-19,12,3,S12_D03,seasonal_naive,0.062466152757457497,6.191982119482176,3584.4522223137546
2023-03-19,12,3,S12_D03,holt_winters,0.06572485865773975,6.725919285814315,3890.552695441282
2023-03-19,12,3,S12_D03,global_gbm,0.04025602590880507,4.035728025320938,2616.563976856167
2023-03-19,12,4,S12_D04,seasonal_naive,0.06682089612033831,6.871293689194655,1140.614353654424
2023-03-19,12,4,S12_D04,holt_winters,0.12863935160710735,12.92906414721266,1932.5099834720922
2023-03-19,12,4,S12_D04,global_gbm,0.041702998307822585,4.068748411964817,702.1622762600607
2023-03-19,12,5,S12_D05,seasonal_naive,0.061280975251222766,6.074048601426235,2194.2545275218185
2023-03-19,12,5,S12_D05,holt_winters,0.07749116550372649,7.850647276376842,2699.424114784166
2023-03-19,12,5,S12_D05,global_gbm,0.04662463630473797,4.619033518518256,1748.9595975191005
2023-03-19,12,6,S12_D06,seasonal_naive,0.0712717882938657,7.373982757882783,3590.4271430639023
2023-03-19,12,6,S12_D06,holt_winters,0.0981526002631107,10.595551268783481,5450.031459943083
2023-03-19,12,6,S12_D06,global_gbm,0.06543616185400927,6.802768192757804,3348.416110703929
2023-03-19,12,7,S12_D07,seasonal_naive,0.0951773487749463,9.039199859501718,6285.506987512026
2023-03-19,12,7,S12_D07,holt_winters,0.13082430259102568,12.444914714667751,8506.064080970273
2023-03-19,12,7,S12_D07,global_gbm,0.07079498744554175,7.089341292501677,4228.946384757805
2023-03-19,12,8,S12_D08,seasonal_naive,0.07083329044886473,7.219438100490988,860.1582608305289
2023-03-19,12,8,S12_D08,holt_winters,0.08018785314406,8.416837169415341,1088.4921186835697
2023-03-19,12,8,S12_D08,global_gbm,0.08828846053567349,9.135092525580859,1054.4541920089803
2023-03-19,12,9,S12_D09,seasonal_naive,0.0773678061320535,7.480634456880993,3037.3737369189525
2023-03-19,12,9,S12_D09,holt_winters,0.2158294637095274,21.090259137169458,7908.0809360968715
2023-03-19,12,9,S12_D09,global_gbm,0.12919361355154904,13.230846305078748,4782.328923300484
2023-03-19,12,10,S12_D10,seasonal_naive,0.38006454301643267,17.775634604862244,14432.093606009228
2023-03-19,12,10,S12_D10,holt_winters,0.3863695762695941,19.684292402408047,14262.953021638326
2023-03-19,12,10,S12_D10,global_gbm,0.36101449433066723,17.450419652349098,13732.541122566603
2023-03-19,12,11,S12_D11,seasonal_naive,0.06388429909465275,6.4774023628822714,3125.770430671854
2023-03-19,12,11,S12_D11,holt_winters,0.19778937165909816,19.64190688961481,7409.796435159188
2023-03-19,12,11,S12_D11,global_gbm,0.044396019195015825,4.439155620049667,1848.932942273442
2023-03-19,12,12,S12_D12,seasonal_naive,0.0795297581354803,8.07864007680249,1387.8201797963593
2023-03-19,12,12,S12_D12,holt_winters,0.04310962551949022,4.369774095077589,830.8985616884911
2023-03-19,12,12,S12_D12,global_gbm,0.035986472278415234,3.5869213625295493,656.8760163829998
2023-03-19,13,1,S13_D01,seasonal_naive,0.038888087388863624,3.8137922227414327,524.060146595789
2023-03-19,13,1,S13_D01,holt_winters,0.06793673354437935,6.782377663089363,823.1001177464371
2023-03-19,13,1,S13_D01,global_gbm,0.06092487205700313,6.066557242479575,819.265297741405
2023-03-19,13,2,S13_D02,seasonal_naive,0.037448119042712634,3.674398895854969,937.2787089228055
2023-03-19,13,2,S13_D02,holt_winters,0.06757053061723492,6.48670510134867,1631.1300261016252
2023-03-19,13,2,S13_D02,global_gbm,0.04996630305144906,4.811626524279099,1224.3698773862407
2023-03-19,13,3,S13_D03,seasonal_naive,0.05554403069352598,5.682353439977187,1691.479630811438
2023-03-19,13,3,S13_D03,holt_winters,0.08115559971038444,8.487242641404583,2093.8522224636736
2023-03-19,13,3,S13_D03,global_gbm,0.10512889645267993,10.533094541816393,2828.2087868322196
2023-03-19,13,4,S13_D04,seasonal_naive,0.05671242418547237,5.444032429918011,550.5198671256105
2023-03-19,13,4,S13_D04,holt_winters,0.08841281180808899,8.861881339901363,607.684810314172
2023-03-19,13,4,S13_D04,global_gbm,0.07653010847493276,7.88779606455128,608.0193725453302
2023-03-19,13,5,S13_D05,seasonal_naive,0.11415345139514445,10.704170878099374,2179.45375508119
2023-03-19,13,5,S13_D05,holt_winters,0.1090263657153218,11.12724672060861,1938.7127848554126
2023-03-19,13,5,S13_D05,global_gbm,0.07866573387856099,7.977831144597149,1370.8052172835473
2023-03-19,13,6,S13_D06,seasonal_naive,0.05847485735622522,6.10644115900262,1571.9738766078456
2023-03-19,13,6,S13_D06,holt_winters,0.12071941192073696,12.669844920674128,2957.1222861332044
2023-03-19,13,6,S13_D06,global_gbm,0.06059716268672204,6.2395999645474545,1566.597251088556
2023-03-19,13,7,S13_D07,seasonal_naive,0.07035870877243999,6.912894168769151,1866.6139153625209
2023-03-19,13,7,S13_D07,holt_winters,0.05084094617860477,5.23537556950968,1645.7852344329297
2023-03-19,13,7,S13_D07,global_gbm,0.04101168722161757,4.131547359174621,1053.4984914183406
2023-03-19,13,8,S13_D08,seasonal_naive,0.04830527456428701,4.9321485123233915,273.70213805339574
2023-03-19,13,8,S13_D08,holt_winters,0.07935840135883028,8.082922008962289,430.5942907729589
2023-03-19,13,8,S13_D08,global_gbm,0.017635252407493963,1.7847988558268733,102.71678048529645
2023-03-19,13,9,S13_D09,seasonal_naive,0.07964007801784995,8.323456782660763,1448.9017781582015
2023-03-19,13,9,S13_D09,holt_winters,0.1459591902509092,14.245801045078228,2336.2337848191814
2023-03-19,13,9,S13_D09,global_gbm,0.05268408912301338,5.34192558628221,913.2551481216145
2023-03-19,13,10,S13_D10,seasonal_naive,0.07591829949744733,7.616124855751677,466.4038522702188
2023-03-19,13,10,S13_D10,holt_winters,0.04855425526356089,4.916846757049083,304.393374839945
2023-03-19,13,10,S13_D10,global_gbm,0.02982245439602273,2.88447772346091,193.9319369409628
2023-03-19,13,11,S13_D11,seasonal_naive,0.05992757237761815,6.053411468856098,1143.608549214939
2023-03-19,13,11,S13_D11,holt_winters,0.17715530805297525,17.53620457629906,3017.2675626799614
2023-03-19,13,11,S13_D11,global_gbm,0.06095482577212706,6.157504796742551,1068.3664331751093
2023-03-19,13,12,S13_D12,seasonal_naive,0.055789776917598836,5.37123316695649,515.4236904600915
2023-03-19,13,12,S13_D12,holt_winters,0.11954846240284377,12.525619021890952,946.0577395634398
2023-03-19,13,12,S13_D12,global_gbm,0.20926364758020588,21.744468508086932,1607.945313074984
2023-03-19,14,1,S14_D01,seasonal_naive,0.2175918503481789,138.69364958746158,3939.395372961757
2023-03-19,14,1,S14_D01,holt_winters,0.22672042539196202,147.0557332870434,4169.279252907789
2023-03-19,14,1,S14_D01,global_gbm,0.21064200817347187,140.44407100427168,3977.785339757009
2023-03-19,14,2,S14_D02,seasonal_naive,0.05030972229671971,5.06558795357228,1025.773353914011
2023-03-19,14,2,S14_D02,holt_winters,0.040557705533465,4.010993180222368,838.273068883662
2023-03-19,14,2,S14_D02,global_gbm,0.044853693021503806,4.32398401941745,925.5457892049171
2023-03-19,14,3,S14_D03,seasonal_naive,0.06756517734582418,6.960198176039774,1480.3681260120738
2023-03-19,14,3,S14_D03,holt_winters,0.13485358004169412,13.94411523694528,2844.9345936644268
2023-03-19,14,3,S14_D03,global_gbm,0.053144434691889536,5.4674915193646,1485.8274291456892
2023-03-19,14,4,S14_D04,seasonal_naive,0.07293150698512178,7.3137252289556,454.12806142651016
2023-03-19,14,4,S14_D04,holt_winters,0.04370004933693313,4.269506672135013,321.2001577499689
2023-03-19,14,4,S14_D04,global_gbm,0.1262781354644326,12.497291717938314,765.2610921923798
2023-03-19,14,5,S14_D05,seasonal_naive,0.03202242478677159,3.1485609882399874,511.42989245839
2023-03-19,14,5,S14_D05,holt_winters,0.05223649195480953,5.367730273254869,790.9008722296434
2023-03-19,14,5,S14_D05,global_gbm,0.01464971604125043,1.4859321432092367,234.09618675338268
2023-03-19,14,6,S14_D06,seasonal_naive,0.10265102537501877,10.071494724922617,2329.8446722689478
2023-03-19,14,6,S14_D06,holt_winters,0.14455889729057111,14.915336449065736,2898.6256645872004
2023-03-19,14,6,S14_D06,global_gbm,0.09471527515329327,9.604591921859258,1908.7146376066219
2023-03-19,14,7,S14_D07,seasonal_naive,0.05574970952129722,5.66509914857746,1363.235730284752
2023-03-19,14,7,S14_D07,holt_winters,0.03901302646647475,4.070233569917455,1031.391463703455
2023-03-19,14,7,S14_D07,global_gbm,0.05409103792211786,5.290068829828612,1278.5989982525816
2023-03-19,14,8,S14_D08,seasonal_naive,0.09687982862761625,9.172136733328848,579.9019064462541
2023-03-19,14,8,S14_D08,holt_winters,0.082421175379925,8.360856222704907,449.95956806385374
2023-03-19,14,8,S14_D08,global_gbm,0.25122068728753755,27.16591330949915,1417.7728943370682
2023-03-19,14,9,S14_D09,seasonal_naive,0.04207858590236356,4.272589686904103,617.9514071409662
2023-03-19,14,9,S14_D09,holt_winters,0.1443071314985001,14.235726673772575,2003.2613198303484
2023-03-19,14,9,S14_D09,global_gbm,0.032170708044164276,3.0928162569685282,559.5065531088799
2023-03-19,14,10,S14_D10,seasonal_naive,0.06764907191208692,6.585953883376703,417.15060334967734
2023-03-19,14,10,S14_D10,holt_winters,0.045384244705228165,4.385737058092984,264.6163522587954
2023-03-19,14,10,S14_D10,global_gbm,0.13039913130163477,13.04373053437795,602.3828317578483
2023-03-19,14,11,S14_D11,seasonal_naive,0.05101006951481672,5.48582461825245,948.5578505091294
2023-03-19,14,11,S14_D11,holt_winters,0.19224042621029871,18.71194996551353,2982.0646310005727
2023-03-19,14,11,S14_D11,global_gbm,0.0302993611004122,3.0748347546381045,570.7402108161353
2023-03-19,14,12,S14_D12,seasonal_naive,0.03178923518037418,3.199007793555231,242.674758370128
2023-03-19,14,12,S14_D12,holt_winters,0.05599135480481717,5.619738116687659,423.45443490903267
2023-03-19,14,12,S14_D12,global_gbm,0.13532758585450355,13.856227962708346,906.4264385018627
2023-03-19,15,1,S15_D01,seasonal_naive,0.13190729238873056,12.600989822208225,8043.072043129728
2023-03-19,15,1,S15_D01,holt_winters,0.08113800467305049,8.132953756778488,5158.554501583324
2023-03-19,15,1,S15_D01,global_gbm,0.07480047015163999,7.624247496066429,4324.2286597547
2023-03-19,15,2,S15_D02,seasonal_naive,0.16637307547978117,15.687370377701393,18098.75619873642
2023-03-19,15,2,S15_D02,holt_winters,0.10123250325896138,10.61227622994548,10246.944397797715
2023-03-19,15,2,S15_D02,global_gbm,0.12814480671116696,13.363004577994644,12701.267522456768
2023-03-19,15,3,S15_D03,seasonal_naive,0.08423803401649815,8.421813134362768,8820.722010732028
2023-03-19,15,3,S15_D03,holt_winters,0.04836099222561711,4.832725547316806,5174.467882094342
2023-03-19,15,3,S15_D03,global_gbm,0.051104710982246775,5.174495444281902,5415.1755399646045
2023-03-19,15,4,S15_D04,seasonal_naive,0.101013458655749,9.937913393501265,3202.407027577069
2023-03-19,15,4,S15_D04,holt_winters,0.12776813131773815,13.100711135468824,4757.214414984103
2023-03-19,15,4,S15_D04,global_gbm,0.05512079495853581,5.4324765236301396,1642.7776685499477
2023-03-19,15,5,S15_D05,seasonal_naive,0.09772987848027265,9.80880100400362,6652.48636542665
2023-03-19,15,5,S15_D05,holt_winters,0.11077673486045707,11.045198567051514,7454.191070010481
2023-03-19,15,5,S15_D05,global_gbm,0.053807586780830946,5.486629374733543,4064.621412762977
2023-03-19,15,6,S15_D06,seasonal_naive,0.09497817657983441,9.236511575311068,9617.248006588865
2023-03-19,15,6,S15_D06,holt_winters,0.10595699758384391,10.270317680586993,10363.488661096178
2023-03-19,15,6,S15_D06,global_gbm,0.044296301570312877,4.527486125098769,4128.381148890257
2023-03-19,15,7,S15_D07,seasonal_naive,0.11614444188578121,11.424476697559916,13204.67121474537
2023-03-19,15,7,S15_D07,holt_winters,0.08042116737012134,8.102503017214062,9862.956117919277
2023-03-19,15,7,S15_D07,global_gbm,0.04572226122160637,4.4901624943071425,5437.4875906611305
2023-03-19,15,8,S15_D08,seasonal_naive,0.08447590187276006,8.357337464943203,1962.2634820787955
2023-03-19,15,8,S15_D08,holt_winters,0.14706693323736372,14.488685646450616,3205.1424850012118
2023-03-19,15,8,S15_D08,global_gbm,0.050109443480173356,5.258275356226028,1387.3264348504804
2023-03-19,15,9,S15_D09,seasonal_naive,0.14116198615423853,14.084264603083273,9455.575964088595
2023-03-19,15,9,S15_D09,holt_winters,0.21945374074297347,21.83162314023282,14384.33006086386
2023-03-19,15,9,S15_D09,global_gbm,0.047088930422873355,4.68335980011502,3303.6003559879077
2023-03-19,15,10,S15_D10,seasonal_naive,0.24327886398495766,60.942676293583986,8451.14867009435
2023-03-19,15,10,S15_D10,holt_winters,0.20949328700212316,60.58654228944872,8907.469334660665
2023-03-19,15,10,S15_D10,global_gbm,0.2131491738218965,58.888606112246165,8486.380262121695
2023-03-19,15,11,S15_D11,seasonal_naive,0.10478067226829382,10.455929389788421,8422.329027490705
2023-03-19,15,11,S15_D11,holt_winters,0.2185840101364904,21.675607527325003,15923.268482086158
2023-03-19,15,11,S15_D11,global_gbm,0.05043612414087572,5.093008271845472,3708.66650920177
2023-03-19,15,12,S15_D12,seasonal_naive,0.14053774961092325,13.664076420878823,4692.616058094621
2023-03-19,15,12,S15_D12,holt_winters,0.1168731619598446,11.39450378206891,3935.8050366267485
2023-03-19,15,12,S15_D12,global_gbm,0.034426980609394614,3.3064226462080097,1553.3191883009677
2023-03-19,16,1,S16_D01,seasonal_naive,0.047191047455992285,4.715009427069608,1373.0059922666032
2023-03-19,16,1,S16_D01,holt_winters,0.03900981681275663,3.8519603267632867,1119.1081893755947
2023-03-19,16,1,S16_D01,global_gbm,0.051138878988050286,5.123610882912739,1422.380100289574
2023-03-19,16,2,S16_D02,seasonal_naive,0.0799866187573254,7.902615602478412,3654.180959313935
2023-03-19,16,2,S16_D02,holt_winters,0.06354423451779996,6.054947148606758,3356.188334327366
2023-03-19,16,2,S16_D02,global_gbm,0.0373214865584376,3.7857643135634294,1686.6298346118965
2023-03-19,16,3,S16_D03,seasonal_naive,0.13174393754152158,13.143393879500852,7022.1474096586
2023-03-19,16,3,S16_D03,holt_winters,0.03203242836482036,3.2079761014755364,1971.5824064375406
2023-03-19,16,3,S16_D03,global_gbm,0.03598012256785075,3.576312664517417,2085.7075295384293
2023-03-19,16,4,S16_D04,seasonal_naive,0.06652101779937282,6.5687517785980365,992.7160120724353
2023-03-19,16,4,S16_D04,holt_winters,0.04253511390625362,4.346953094059317,685.2009473092387
2023-03-19,16,4,S16_D04,global_gbm,0.03243590700757423,3.293852148286484,506.96843904418506
2023-03-19,16,5,S16_D05,seasonal_naive,0.09269743498054123,9.298370345828257,3329.69497835012
2023-03-19,16,5,S16_D05,holt_winters,0.10045499114655036,10.063284828053918,3247.653642427036
2023-03-19,16,5,S16_D05,global_gbm,0.05189742409456906,5.220728423271832,1750.401280742708
2023-03-19,16,6,S16_D06,seasonal_naive,0.07153183345820302,7.152157346510438,3420.266115715632
2023-03-19,16,6,S16_D06,holt_winters,0.11152682169564213,10.896042227387367,5249.004603153822
2023-03-19,16,6,S16_D06,global_gbm,0.057636960212675524,6.04278858046016,3015.0965086520623
2023-03-19,16,7,S16_D07,seasonal_naive,0.06198800912227812,6.364803034371961,3348.3465078975937
2023-03-19,16,7,S16_D07,holt_winters,0.06738708500635761,6.813496719150278,3490.787570221912
2023-03-19,16,7,S16_D07,global_gbm,0.08291612692335606,8.499993776030648,4624.369174907564
2023-03-19,16,8,S16_D08,seasonal_naive,0.25037977472458456,58.891499686735784,4857.714903662266
2023-03-19,16,8,S16_D08,holt_winters,0.3031402358125251,60.78692337642584,4597.335294007956
2023-03-19,16,8,S16_D08,global_gbm,0.2342073470996306,59.17896019227206,4995.124029153264
2023-03-19,16,9,S16_D09,seasonal_naive,0.09276593737519805,9.082013708055365,3434.5975463964464
2023-03-19,16,9,S16_D09,holt_winters,0.20013233348197093,19.77180357192122,6435.279821964257
2023-03-19,16,9,S16_D09,global_gbm,0.05217493386486778,5.2143485016445155,1774.631399125691
2023-03-19,16,10,S16_D10,seasonal_naive,0.06984575392739566,6.862511554397307,878.2162319725132
2023-03-19,16,10,S16_D10,holt_winters,0.03638966154876482,3.5494534635578376,436.2990635096129
2023-03-19,16,10,S16_D10,global_gbm,0.036391318140208295,3.6254157129524067,466.6364372962019
2023-03-19,16,11,S16_D11,seasonal_naive,0.059929786628385856,5.946465438718653,3023.9906207092477
2023-03-19,16,11,S16_D11,holt_winters,0.22562896568911353,22.508757553179095,7840.554661696596
2023-03-19,16,11,S16_D11,global_gbm,0.028951470963590135,2.933781749151942,1276.8767186395062
2023-03-19,16,12,S16_D12,seasonal_naive,0.08701839665815524,8.330747008809418,1689.2780508178632
2023-03-19,16,12,S16_D12,holt_winters,0.16257418355530887,16.713937359802106,2590.8694709757915
2023-03-19,16,12,S16_D12,global_gbm,0.07508649807684095,7.268882392590941,1329.560456941819
2023-03-19,17,1,S17_D01,seasonal_naive,0.055871799495540116,5.735680496346355,1541.4127011973471
2023-03-19,17,1,S17_D01,holt_winters,0.04280951711830043,4.053255942185569,1357.9914734476579
2023-03-19,17,1,S17_D01,global_gbm,0.03778049818635795,3.6274317796578996,1116.8095430040003
2023-03-19,17,2,S17_D02,seasonal_naive,0.04440047261994447,4.371120458504345,2219.0714659373857
2023-03-19,17,2,S17_D02,holt_winters,0.06479826364493581,6.274604609112294,3130.5500383443396
2023-03-19,17,2,S17_D02,global_gbm,0.04551869355302865,4.543974367256173,2095.195579993083
2023-03-19,17,3,S17_D03,seasonal_naive,0.08671814884266466,8.707062121810564,4688.034412323036
2023-03-19,17,3,S17_D03,holt_winters,0.10964739264256344,10.990631732864706,5476.147081277297
2023-03-19,17,3,S17_D03,global_gbm,0.05504905269009298,5.485713509552526,2619.2863634736937
2023-03-19,17,4,S17_D04,seasonal_naive,0.0617055927891987,6.070763821409662,992.8906854042388
2023-03-19,17,4,S17_D04,holt_winters,0.04704047088299481,4.780156027914112,621.7880289607169
2023-03-19,17,4,S17_D04,global_gbm,0.03537869091534118,3.5162886923705137,475.4414827310861
2023-03-19,17,5,S17_D05,seasonal_naive,0.047477530282995034,4.806305962250972,1532.9023412305178
2023-03-19,17,5,S17_D05,holt_winters,0.06442925083559611,6.248778726633647,2044.0980349241472
2023-03-19,17,5,S17_D05,global_gbm,0.04936141523728229,4.827665716778509,1649.2432765310587
2023-03-19,17,6,S17_D06,seasonal_naive,0.09605428334440966,9.65837738570243,4564.141541590817
2023-03-19,17,6,S17_D06,holt_winters,0.08059239752470297,8.661125930010222,4628.945260316328
2023-03-19,17,6,S17_D06,global_gbm,0.07160639111316455,7.609825234680939,3884.6669854666816
2023-03-19,17,7,S17_D07,seasonal_naive,0.11848181349507482,11.198341669329226,7143.089243187256
2023-03-19,17,7,S17_D07,holt_winters,0.09642669996809865,9.733286985071352,4961.485302850214
2023-03-19,17,7,S17_D07,global_gbm,0.04902552575982926,4.559087338363903,3650.1057397053887
2023-03-19,17,8,S17_D08,seasonal_naive,0.046842277857463296,4.849132662659901,496.3229229795863
2023-03-19,17,8,S17_D08,holt_winters,0.05736072803433325,5.863648486753462,657.2899943427765
2023-03-19,17,8,S17_D08,global_gbm,0.03608958245180805,3.562926144011342,422.99984711962384
2023-03-19,17,9,S17_D09,seasonal_naive,0.0864624063647677,8.667503154540896,2734.67003220224
2023-03-19,17,9,S17_D09,holt_winters,0.1748534814693031,17.20240709103754,5218.078805753845
2023-03-19,17,9,S17_D09,global_gbm,0.036756254511961635,3.810388405188335,1289.9468417686103
2023-03-19,17,10,S17_D10,seasonal_naive,0.12087631271360069,11.057235964261332,1682.3493210165955
2023-03-19,17,10,S17_D10,holt_winters,0.09870953217302886,9.011846091221917,1418.7305287198008
2023-03-19,17,10,S17_D10,global_gbm,0.08508743227119653,8.498517875463172,1068.1623837283112
2023-03-19,17,11,S17_D11,seasonal_naive,0.08948622562359171,8.60615794141384,3668.8715604511835
2023-03-19,17,11,S17_D11,holt_winters,0.25524493749964006,24.909395535729008,9277.355839264754
2023-03-19,17,11,S17_D11,global_gbm,0.12333548377388481,12.620087353033302,5021.068422263389
2023-03-19,17,12,S17_D12,seasonal_naive,0.1243094084962224,12.753211210653493,2093.5052204168255
2023-03-19,17,12,S17_D12,holt_winters,0.13958668812948033,14.095646118459438,2007.4468358343497
2023-03-19,17,12,S17_D12,global_gbm,0.07911471932123333,8.074874233865133,1155.9254068390292
2023-03-19,18,1,S18_D01,seasonal_naive,0.04796988378473208,4.822408749104475,1218.1820034430402
2023-03-19,18,1,S18_D01,holt_winters,0.06718988727470779,6.759607838532148,1571.6996576045926
2023-03-19,18,1,S18_D01,global_gbm,0.04900694319497534,4.941799447395423,1341.825997143758
2023-03-19,18,2,S18_D02,seasonal_naive,0.08884488271582174,8.896332377398753,3740.315058317279
2023-03-19,18,2,S18_D02,holt_winters,0.06978032494602417,6.7830778484019225,3505.038917479069
2023-03-19,18,2,S18_D02,global_gbm,0.07861982253034674,7.9017775629269815,3565.35941294208
2023-03-19,18,3,S18_D03,seasonal_naive,0.06779726826778737,6.724365905705386,3001.8061929653295
2023-03-19,18,3,S18_D03,holt_winters,0.0983531506481171,9.915348400911908,4470.2088392150035
2023-03-19,18,3,S18_D03,global_gbm,0.03986574501642122,4.014842490122635,2038.6223765711502
2023-03-19,18,4,S18_D04,seasonal_naive,0.057564939106667615,5.588072360245687,954.393364407465
2023-03-19,18,4,S18_D04,holt_winters,0.09876663014242411,10.084529249235107,1343.0947304426873
2023-03-19,18,4,S18_D04,global_gbm,0.09230734408147785,8.812820876422863,1448.8865852301312
2023-03-19,18,5,S18_D05,seasonal_naive,0.05576046882910082,5.5657421174375905,1721.5476928225078
2023-03-19,18,5,S18_D05,holt_winters,0.061969434467093486,6.114079817611957,1953.4334438525489
2023-03-19,18,5,S18_D05,global_gbm,0.0289000425471365,2.929828180621313,1012.038786042267
2023-03-19,18,6,S18_D06,seasonal_naive,0.03138163289361373,3.2164448392368388,1568.392838043135
2023-03-19,18,6,S18_D06,holt_winters,0.05077186337915997,5.323942580692485,2440.576512120745
2023-03-19,18,6,S18_D06,global_gbm,0.038546643669956616,3.971182557494488,1845.4155990330905
2023-03-19,18,7,S18_D07,seasonal_naive,0.11559921641668952,11.48441116641657,6061.557196341959
2023-03-19,18,7,S18_D07,holt_winters,0.08326966173699045,8.269351170757275,3857.06617131122
2023-03-19,18,7,S18_D07,global_gbm,0.047577562790975615,4.784457004975705,2198.205850137108
2023-03-19,18,8,S18_D08,seasonal_naive,0.042048382321704304,4.181051291092737,444.54318866393635
2023-03-19,18,8,S18_D08,holt_winters,0.18724996468134325,19.493242223095148,1849.036418018646
2023-03-19,18,8,S18_D08,global_gbm,0.13230115571701595,13.887718819754516,1338.2622598725623
2023-03-19,18,9,S18_D09,seasonal_naive,0.031846478873489736,3.2064559298648736,1186.136410683864
2023-03-19,18,9,S18_D09,holt_winters,0.20748754254569413,20.619926490203145,5924.223732271207
2023-03-19,18,9,S18_D09,global_gbm,0.03705527383761563,3.716770819509372,1253.035736647771
2023-03-19,18,10,S18_D10,seasonal_naive,0.04882277156191882,4.895020332572326,542.5154583281475
2023-03-19,18,10,S18_D10,holt_winters,0.05041821876970871,5.0373020991028605,501.2354010513548
2023-03-19,18,10,S18_D10,global_gbm,0.03025093297914103,3.003148045761391,365.3902520830739
2023-03-19,18,11,S18_D11,seasonal_naive,0.07339236321995557,7.431499847191721,2328.6962980227795
2023-03-19,18,11,S18_D11,holt_winters,0.18107344734683095,17.801154770053866,5754.693751944111
2023-03-19,18,11,S18_D11,global_gbm,0.03966934366027553,3.9809333780135763,1352.879875010381
2023-03-19,18,12,S18_D12,seasonal_naive,0.06078021012882954,6.060621202958301,859.5869278249293
2023-03-19,18,12,S18_D12,holt_winters,0.05208666222767683,5.387982055872375,891.8141140208083
2023-03-19,18,12,S18_D12,global_gbm,0.08523146263812154,8.449758030696827,1185.5599933414605
2023-03-19,19,1,S19_D01,seasonal_naive,0.0650457933970387,6.405681907256591,2031.551953313648
2023-03-19,19,1,S19_D01,holt_winters,0.059578017268070924,5.914480549456122,1796.551833661532
2023-03-19,19,1,S19_D01,global_gbm,0.049433879203234915,4.719882010881768,1776.4289378574078
2023-03-19,19,2,S19_D02,seasonal_naive,0.07517214205139616,7.1975815088153485,5081.113885512703
2023-03-19,19,2,S19_D02,holt_winters,0.11889620375116354,11.377883856947504,7107.882862175997
2023-03-19,19,2,S19_D02,global_gbm,0.09459801060489817,9.835887682982202,5201.241094052026
2023-03-19,19,3,S19_D03,seasonal_naive,0.05948666498058943,5.912515892046007,3833.7475479907375
2023-03-19,19,3,S19_D03,holt_winters,0.09678140994711816,9.585964013311246,5822.352517528228
2023-03-19,19,3,S19_D03,global_gbm,0.03875072178680553,3.8558587197997403,2752.747053463991
2023-03-19,19,4,S19_D04,seasonal_naive,0.0928315716168119,9.13844907533241,1685.634758251324
2023-03-19,19,4,S19_D04,holt_winters,0.20688780618746783,20.784972216850502,3465.381578257525
2023-03-19,19,4,S19_D04,global_gbm,0.04133123688074605,4.267346260739825,911.202316850331
2023-03-19,19,5,S19_D05,seasonal_naive,0.05050299288657584,4.941611917287725,2152.980430487582
2023-03-19,19,5,S19_D05,holt_winters,0.030495305871141118,3.0407364463116893,1234.7895448111494
2023-03-19,19,5,S19_D05,global_gbm,0.04084586175468622,4.103912295672082,1680.833550067554
2023-03-19,19,6,S19_D06,seasonal_naive,0.06537744966760008,6.877053766927335,3656.424217905727
2023-03-19,19,6,S19_D06,holt_winters,0.08397495935746718,8.19916250404073,4552.127850942483
2023-03-19,19,6,S19_D06,global_gbm,0.0914891240500317,9.644193006523473,4957.393062801665
2023-03-19,19,7,S19_D07,seasonal_naive,0.0380126830589171,3.791562230059414,2593.5654186009083
2023-03-19,19,7,S19_D07,holt_winters,0.09292690359634119,9.229449014913635,5539.190405809753
2023-03-19,19,7,S19_D07,global_gbm,0.03208095373977227,3.2292180201505887,2115.7591305228448
2023-03-19,19,8,S19_D08,seasonal_naive,0.047915678263741386,4.9288111631402485,657.3357913578112
2023-03-19,19,8,S19_D08,holt_winters,0.1269950963378603,13.260618095714637,1708.2364392345885
2023-03-19,19,8,S19_D08,global_gbm,0.04979938759898977,5.164687130492336,683.7212147066813
2023-03-19,19,9,S19_D09,seasonal_naive,0.08698932055759953,8.39190483859545,3891.661257684501
2023-03-19,19,9,S19_D09,holt_winters,0.22620530898911098,22.2331142078545,9221.136008675472
2023-03-19,19,9,S19_D09,global_gbm,0.060566693619875094,6.020125213479443,2640.328783152442
2023-03-19,19,10,S19_D10,seasonal_naive,0.08713357972567443,8.895819601495102,1207.1095602771522
2023-03-19,19,10,S19_D10,holt_winters,0.04694218877036801,4.6389490347283,641.8619991657262
2023-03-19,19,10,S19_D10,global_gbm,0.04122012762469508,4.071552934971229,571.304124983767
2023-03-19,19,11,S19_D11,seasonal_naive,0.08566773273687178,7.839270387446947,4974.7362431967185
2023-03-19,19,11,S19_D11,holt_winters,0.22504825121640867,21.707057219002284,10437.419556700628
2023-03-19,19,11,S19_D11,global_gbm,0.06321750391194683,6.836082288104317,3287.853434821227
2023-03-19,19,12,S19_D12,seasonal_naive,0.05480423998001359,5.578579109693279,1027.1150657971582
2023-03-19,19,12,S19_D12,holt_winters,0.059236196266363526,6.123145325720086,1262.4777920125066
2023-03-19,19,12,S19_D12,global_gbm,0.050045387185397534,5.196415690693508,1068.6482732509082
2023-03-19,20,1,S20_D01,seasonal_naive,0.05306746155200081,5.299837689836358,1474.0810796942271
2023-03-19,20,1,S20_D01,holt_winters,0.043402338110206336,4.377674741765968,1211.9659078830578
2023-03-19,20,1,S20_D01,global_gbm,0.043340859707618334,4.348344541171039,1233.075929598369
2023-03-19,20,2,S20_D02,seasonal_naive,0.34536341897689615,17.44454240699722,45108.86174493198
2023-03-19,20,2,S20_D02,holt_winters,0.35510387989394726,18.323312788818136,45432.90938698839
2023-03-19,20,2,S20_D02,global_gbm,0.3382648482136636,14.978294050899052,46421.666985876705
2023-03-19,20,3,S20_D03,seasonal_naive,0.0819456833548066,7.91304471451025,5008.471866960768
2023-03-19,20,3,S20_D03,holt_winters,0.0540174313601932,5.5050720180615835,2830.9421117622105
2023-03-19,20,3,S20_D03,global_gbm,0.041456749887582744,4.017288847593779,2422.515479659409
2023-03-19,20,4,S20_D04,seasonal_naive,0.06349460303824667,6.199912493903005,964.8409786591778
2023-03-19,20,4,S20_D04,holt_winters,0.07312775926739602,7.352432900237371,1092.602987234417
2023-03-19,20,4,S20_D04,global_gbm,0.0558489700264856,5.378574515353117,949.6346572784909
2023-03-19,20,5,S20_D05,seasonal_naive,0.058282138048647944,5.795416670847665,2079.9379455016197
2023-03-19,20,5,S20_D05,holt_winters,0.07735473381396096,7.510110109467039,2518.000066501401
2023-03-19,20,5,S20_D05,global_gbm,0.09026667627969635,8.692303773466922,2978.9620205044266
2023-03-19,20,6,S20_D06,seasonal_naive,0.06154023991827722,6.125737618135049,2583.7306477286866
2023-03-19,20,6,S20_D06,holt_winters,0.03569306424301311,3.622478339045558,1929.8641393106448
2023-03-19,20,6,S20_D06,global_gbm,0.034281873576831524,3.3698352467725186,1748.2136823640233
2023-03-19,20,7,S20_D07,seasonal_naive,0.06646211036642212,6.397208427912646,3905.083519289312
2023-03-19,20,7,S20_D07,holt_winters,0.0957272461093313,9.813948626983166,5331.447717688992
2023-03-19,20,7,S20_D07,global_gbm,0.058806916054008014,5.884747588337811,3166.6302945952148
2023-03-19,20,8,S20_D08,seasonal_naive,0.03071278660706474,2.9589076290139107,407.7184375429935
2023-03-19,20,8,S20_D08,holt_winters,0.06773746240454243,7.042698909895407,743.6913420145347
2023-03-19,20,8,S20_D08,global_gbm,0.0635018060460208,6.7257385560089356,782.4698651687806
2023-03-19,20,9,S20_D09,seasonal_naive,0.04521170723289668,4.50154321184788,1541.3437830996684
2023-03-19,20,9,S20_D09,holt_winters,0.14311903249394092,14.142554502982293,4385.1106545222665
2023-03-19,20,9,S20_D09,global_gbm,0.03447414890465712,3.488325503354586,1278.9391630179432
2023-03-19,20,10,S20_D10,seasonal_naive,0.07645163043207188,7.531830096738901,892.4767778771609
2023-03-19,20,10,S20_D10,holt_winters,0.05770263506238436,5.713615691263834,630.3027698630068
2023-03-19,20,10,S20_D10,global_gbm,0.06564578454122771,6.292119962199852,836.1616827789372
2023-03-19,20,11,S20_D11,seasonal_naive,0.04728758912366283,4.795844428620985,1706.9886347856855
2023-03-19,20,11,S20_D11,holt_winters,0.20189378700909882,20.03312947980302,6781.127374589597
2023-03-19,20,11,S20_D11,global_gbm,0.05310817498271553,5.246111782542748,1908.7015642039364
2023-03-19,20,12,S20_D12,seasonal_naive,0.04580211910400029,4.511549869245167,695.6868666379293
2023-03-19,20,12,S20_D12,holt_winters,0.0692203738922735,6.9707134734081935,1033.9262693746489
2023-03-19,20,12,S20_D12,global_gbm,0.07231104455219595,7.071949910148306,1291.479620501456
2023-05-14,1,1,S01_D01,seasonal_naive,0.05994009331884937,5.835280670324665,1429.4643882675077
2023-05-14,1,1,S01_D01,holt_winters,0.06167941658040457,6.225432904925142,1322.513111215677
2023-05-14,1,1,S01_D01,global_gbm,0.07382107627756755,7.454460809176197,1570.061961515803
2023-05-14,1,2,S01_D02,seasonal_naive,0.057504061521547675,5.8420925704019355,2089.043020802228
2023-05-14,1,2,S01_D02,holt_winters,0.1294994036616992,13.109679864643908,4086.3441456588885
2023-05-14,1,2,S01_D02,global_gbm,0.041855624278126086,4.271241013704348,1548.3362025794895
2023-05-14,1,3,S01_D03,seasonal_naive,0.040083415752253444,4.009199839675736,1570.1930803089144
2023-05-14,1,3,S01_D03,holt_winters,0.14790266903122726,15.074990310616233,11825.651449736106
2023-05-14,1,3,S01_D03,global_gbm,0.02670156735627135,2.6335528493095133,1391.838835420456
2023-05-14,1,4,S01_D04,seasonal_naive,0.04105810839352949,3.9954786372351143,584.8739172249007
2023-05-14,1,4,S01_D04,holt_winters,0.06477284694091474,6.455786254961057,745.4200374680458
2023-05-14,1,4,S01_D04,global_gbm,0.02440784051351092,2.4280336656483383,346.1321880653366
2023-05-14,1,5,S01_D05,seasonal_naive,0.1038909090598164,10.58624064707722,2840.5848511860195
2023-05-14,1,5,S01_D05,holt_winters,0.053434616071944975,5.509773439682109,1549.1294567855796
2023-05-14,1,5,S01_D05,global_gbm,0.05273775983455747,5.353497246580448,1432.1239113212068
2023-05-14,1,6,S01_D06,seasonal_naive,0.07102973076432309,7.18564640152651,2576.1953377995233
2023-05-14,1,6,S01_D06,holt_winters,0.09059925598463116,9.189171885383407,4643.643435213042
2023-05-14,1,6,S01_D06,global_gbm,0.053343048237603774,5.364243808456821,2264.828198331484
2023-05-14,1,7,S01_D07,seasonal_naive,0.05672025643673248,5.701985521503103,2448.9013614680366
2023-05-14,1,7,S01_D07,holt_winters,0.07756788580959847,7.717120641264885,3068.2931279249965
2023-05-14,1,7,S01_D07,global_gbm,0.05083453479620452,4.991649326663761,2074.1921223331383
2023-05-14,1,8,S01_D08,seasonal_naive,0.06110607279798824,6.1132407654607075,638.2840344039632
2023-05-14,1,8,S01_D08,holt_winters,0.0917768832002821,9.525274345155651,863.5059058722508
2023-05-14,1,8,S01_D08,global_gbm,0.05371655611803665,5.5368890565738775,525.8157112937744
2023-05-14,1,9,S01_D09,seasonal_naive,0.061376048419127666,6.1336557942935706,2069.1690675033065
2023-05-14,1,9,S01_D09,holt_winters,0.09299616197837489,9.72214101309834,2753.7182143175673
2023-05-14,1,9,S01_D09,global_gbm,0.0415114090508609,4.296515428064699,1197.2741798644822
2023-05-14,1,10,S01_D10,seasonal_naive,0.07633633363951355,7.516155544810401,670.2153977920082
2023-05-14,1,10,S01_D10,holt_winters,0.026865826560166114,2.7282633016369116,262.56648389090134
2023-05-14,1,10,S01_D10,global_gbm,0.024082510845215007,2.4252355375407313,230.36895800582133
2023-05-14,1,11,S01_D11,seasonal_naive,0.11278222708391426,10.635182841011986,3959.211088165167
2023-05-14,1,11,S01_D11,holt_winters,0.1341546169914955,14.660124152062238,4887.023080456456
2023-05-14,1,11,S01_D11,global_gbm,0.07584644914957017,8.177303787325437,2653.352142556569
2023-05-14,1,12,S01_D12,seasonal_naive,0.0863229562842027,8.892864250468415,1288.771226086112
2023-05-14,1,12,S01_D12,holt_winters,0.04121949980074151,3.9307814484753316,686.1058155469632
2023-05-14,1,12,S01_D12,global_gbm,0.03869485433301877,3.63596512756919,739.8951176677364
2023-05-14,2,1,S02_D01,seasonal_naive,0.08611240625422682,8.581683461044443,2823.764260214103
2023-05-14,2,1,S02_D01,holt_winters,0.06996423611775393,6.899984526819039,2596.3436971990745
2023-05-14,2,1,S02_D01,global_gbm,0.05343299205396647,5.411769338502842,1841.9682232170903
2023-05-14,2,2,S02_D02,seasonal_naive,0.05137894582903633,5.150624709190366,3118.6641989319724
2023-05-14,2,2,S02_D02,holt_winters,0.022872508836282675,2.3298908979556643,1568.5588458000225
2023-05-14,2,2,S02_D02,global_gbm,0.04514225383711997,4.5275397516669145,2713.6709363866285
2023-05-14,2,3,S02_D03,seasonal_naive,0.30844152408821524,15.146246069839805,62148.45996892169
2023-05-14,2,3,S02_D03,holt_winters,0.2903019604476709,12.858109176931817,61842.00082003561
2023-05-14,2,3,S02_D03,global_gbm,0.28872974241610694,12.826954907480308,61342.37188033958
2023-05-14,2,4,S02_D04,seasonal_naive,0.02673397521034791,2.6527021060163634,576.5310391145468
2023-05-14,2,4,S02_D04,holt_winters,0.03325094622340416,3.3734526106700877,624.4807863298392
2023-05-14,2,4,S02_D04,global_gbm,0.02927272435029572,2.94265402518406,658.4305815942682
2023-05-14,2,5,S02_D05,seasonal_naive,0.09028695560780833,8.942347277745055,4058.48087177949
2023-05-14,2,5,S02_D05,holt_winters,0.04653476094835366,4.725377646373061,2226.606672097095
2023-05-14,2,5,S02_D05,global_gbm,0.036761700413450546,3.6702700135191924,1836.5610521195524
2023-05-14,2,6,S02_D06,seasonal_naive,0.05276923697236674,5.136363546799873,4054.4783269167324
2023-05-14,2,6,S02_D06,holt_winters,0.048429007504497065,5.047691614285271,3502.6261193929486
2023-05-14,2,6,S02_D06,global_gbm,0.042062996219873756,4.239124163399353,2876.0358468136847
2023-05-14,2,7,S02_D07,seasonal_naive,0.08512965819416753,8.40447833581394,6173.863434031807
2023-05-14,2,7,S02_D07,holt_winters,0.13436891695635853,13.318719629720539,9672.860812296478
2023-05-14,2,7,S02_D07,global_gbm,0.0524116633709398,5.106893482807841,4568.221674225463
2023-05-14,2,8,S02_D08,seasonal_naive,0.07284746704545421,7.291073273167373,1058.9451628920635
2023-05-14,2,8,S02_D08,holt_winters,0.07953280212102587,8.301350934951794,1345.7001379888095
2023-05-14,2,8,S02_D08,global_gbm,0.05948872140082016,6.076020510893629,909.453630284482
2023-05-14,2,9,S02_D09,seasonal_naive,0.05777717347508795,5.744907272874136,3166.4432607659346
2023-05-14,2,9,S02_D09,holt_winters,0.08496146909608561,8.755237548831529,4321.935171170866
2023-05-14,2,9,S02_D09,global_gbm,0.03337841247649034,3.299515959426221,1766.250376768314
2023-05-14,2,10,S02_D10,seasonal_naive,0.12092132486395546,12.098025080316873,1894.874363658446
2023-05-14,2,10,S02_D10,holt_winters,0.08053704844494015,8.059095950595552,1090.8769898131309
2023-05-14,2,10,S02_D10,global_gbm,0.0719732438951743,7.2962285339563975,1038.8850883355262
2023-05-14,2,11,S02_D11,seasonal_naive,0.07060365221754916,6.999153188577743,3772.541296016518
2023-05-14,2,11,S02_D11,holt_winters,0.14024983715119638,14.67296417006243,7403.237658569387
2023-05-14,2,11,S02_D11,global_gbm,0.04757677248770322,4.781161277541653,2328.2125633743944
2023-05-14,2,12,S02_D12,seasonal_naive,0.08125819177705756,8.16577711422488,1813.5253600756446
2023-05-14,2,12,S02_D12,holt_winters,0.08842799926300053,8.964904724692493,1899.95131329879
2023-05-14,2,12,S02_D12,global_gbm,0.055507765942998284,5.591781236469965,1189.2450823134218
2023-05-14,3,1,S03_D01,seasonal_naive,0.07804555633260679,7.708518526640405,2514.125041846069
2023-05-14,3,1,S03_D01,holt_winters,0.06958236358059633,6.78178738377796,2184.241438599276
2023-05-14,3,1,S03_D01,global_gbm,0.12177053299560858,12.557511227501234,3315.3290589323265
2023-05-14,3,2,S03_D02,seasonal_naive,0.06414578373038483,6.382030426765889,3173.778289724252
2023-05-14,3,2,S03_D02,holt_winters,0.03686891581172685,3.7291723262672773,1846.8519157598116
2023-05-14,3,2,S03_D02,global_gbm,0.03859444694151895,3.912460243011149,1950.6944634657323
2023-05-14,3,3,S03_D03,seasonal_naive,0.04654349722256056,4.516101797346286,3230.796483550921
2023-05-14,3,3,S03_D03,holt_winters,0.03387610443536881,3.3040596199596024,2503.3420854542114
2023-05-14,3,3,S03_D03,global_gbm,0.0818189941913766,8.281961130864888,4166.361828137996
2023-05-14,3,4,S03_D04,seasonal_naive,0.06576039823519363,6.415163701008658,1128.092119116387
2023-05-14,3,4,S03_D04,holt_winters,0.057122204263001346,5.738140091150607,875.2317017168789
2023-05-14,3,4,S03_D04,global_gbm,0.029630891854500338,2.9768403016134615,443.8686814828928
2023-05-14,3,5,S03_D05,seasonal_naive,0.07381901126421471,7.4789843221526375,2650.6324633967088
2023-05-14,3,5,S03_D05,holt_winters,0.03766770552998294,3.9218867306350518,1562.2585340662602
2023-05-14,3,5,S03_D05,global_gbm,0.04447626335798136,4.597092319099345,1788.5167619200001
2023-05-14,3,6,S03_D06,seasonal_naive,0.07144033154714285,7.012048538583534,4381.809438911911
2023-05-14,3,6,S03_D06,holt_winters,0.1660594875963913,16.233744394721345,14702.892591183374
2023-05-14,3,6,S03_D06,global_gbm,0.06312178374392044,6.560992105037246,3312.719449211994
2023-05-14,3,7,S03_D07,seasonal_naive,0.07708145285227934,7.393012245629346,5464.394556501663
2023-05-14,3,7,S03_D07,holt_winters,0.06274797168009112,5.999635285256569,4258.264153215276
2023-05-14,3,7,S03_D07,global_gbm,0.06074507920080235,6.354543364755452,3741.990764597927
2023-05-14,3,8,S03_D08,seasonal_naive,0.07575904468351131,7.8060939681565715,966.0115078765886
2023-05-14,3,8,S03_D08,holt_winters,0.12924523350301992,13.485212321783871,1534.1712343377653
2023-05-14,3,8,S03_D08,global_gbm,0.11403872247565373,11.953865614348079,1382.400226281201
2023-05-14,3,9,S03_D09,seasonal_naive,0.1162746794192511,11.093336297980436,5276.4716778378515
2023-05-14,3,9,S03_D09,holt_winters,0.08710471765396652,8.656306744644764,3597.291396345032
2023-05-14,3,9,S03_D09,global_gbm,0.06681007326607794,6.685064416767869,2701.7075579877564
2023-05-14,3,10,S03_D10,seasonal_naive,0.0656844527033006,6.453018058820215,744.24736136583
2023-05-14,3,10,S03_D10,holt_winters,0.07341841530478085,7.4208201049898515,865.3696541076413
2023-05-14,3,10,S03_D10,global_gbm,0.0532300437618278,5.307230084201953,617.5667150636401
2023-05-14,3,11,S03_D11,seasonal_naive,0.04195390951057613,4.098204362479554,2236.7137765620587
2023-05-14,3,11,S03_D11,holt_winters,0.14844592982890148,15.140510399747528,5714.55094507198
2023-05-14,3,11,S03_D11,global_gbm,0.038429311085500774,3.7476817693067503,1700.7604842327294
2023-05-14,3,12,S03_D12,seasonal_naive,0.06281308210260743,6.37224765874993,1096.3127610255663
2023-05-14,3,12,S03_D12,holt_winters,0.11318893387946166,11.39556151537788,1849.853713372254
2023-05-14,3,12,S03_D12,global_gbm,0.06294570646863924,6.376466686413003,1180.6376096685847
2023-05-14,4,1,S04_D01,seasonal_naive,0.041639291838226046,4.151871338561356,1490.5577019734924
2023-05-14,4,1,S04_D01,holt_winters,0.028643462558505615,2.7801228450842985,1282.5645761895153
2023-05-14,4,1,S04_D01,global_gbm,0.07598959194577172,7.8924374013955845,2514.8559802632826
2023-05-14,4,2,S04_D02,seasonal_naive,0.0544164302697848,5.511442930473356,2631.8172849549233
2023-05-14,4,2,S04_D02,holt_winters,0.045010674715286955,4.556473518602056,2536.4941214946925
2023-05-14,4,2,S04_D02,global_gbm,0.05769702709843129,5.826611372055054,2918.866454910036
2023-05-14,4,3,S04_D03,seasonal_naive,0.07389686080384128,7.269111656564281,5370.662670689482
2023-05-14,4,3,S04_D03,holt_winters,0.06300467275298724,6.206245952407522,3624.0206973045333
2023-05-14,4,3,S04_D03,global_gbm,0.02533013782874664,2.545568572583207,1681.4041446988708
2023-05-14,4,4,S04_D04,seasonal_naive,0.38142944953626107,15.036154537251209,23204.138198886798
2023-05-14,4,4,S04_D04,holt_winters,0.436395604345593,22.5497931608723,23739.474800378575
2023-05-14,4,4,S04_D04,global_gbm,0.371466312341018,13.673775270512786,23083.464148159197
2023-05-14,4,5,S04_D05,seasonal_naive,0.0620166338171593,6.0120717743302015,3486.4893275041013
2023-05-14,4,5,S04_D05,holt_winters,0.05482517569998961,5.348102677054534,2430.1705878915645
2023-05-14,4,5,S04_D05,global_gbm,0.0429439152808802,4.277732372631131,1699.5211020055451
2023-05-14,4,6,S04_D06,seasonal_naive,0.10299572364892597,10.2245385283495,5695.6750730532385
2023-05-14,4,6,S04_D06,holt_winters,0.07143114722545811,7.235102387424424,4328.38480437592
2023-05-14,4,6,S04_D06,global_gbm,0.042462561487486825,4.1550475611517745,2689.8849119049596
2023-05-14,4,7,S04_D07,seasonal_naive,0.05499882117633495,5.516476552400257,3514.162392887883
2023-05-14,4,7,S04_D07,holt_winters,0.12993494329168126,12.94314404497596,7542.439398391347
2023-05-14,4,7,S04_D07,global_gbm,0.05059152701353357,4.975872397735449,3134.4428415098964
2023-05-14,4,8,S04_D08,seasonal_naive,0.08201851189750947,7.9377402590529655,1450.6060583382039
2023-05-14,4,8,S04_D08,holt_winters,0.06981309733903167,7.0548580248513,1064.2502077613358
2023-05-14,4,8,S04_D08,global_gbm,0.07674694331501983,7.877458208755696,1247.779028619416
2023-05-14,4,9,S04_D09,seasonal_naive,0.0852191678617182,8.533763361259531,3509.6431485854105
2023-05-14,4,9,S04_D09,holt_winters,0.16454722233317148,17.272623987556713,6537.799550475462
2023-05-14,4,9,S04_D09,global_gbm,0.057218482876726644,5.810638476229086,2362.1054419280094
2023-05-14,4,10,S04_D10,seasonal_naive,0.03646430573009239,3.6525955974733777,559.1976613081457
2023-05-14,4,10,S04_D10,holt_winters,0.062196860007631666,6.167368653831801,796.1299303172113
2023-05-14,4,10,S04_D10,global_gbm,0.05153501151442396,5.367020445465897,757.5915846730745
2023-05-14,4,11,S04_D11,seasonal_naive,0.0795763605060197,8.11995373262623,4059.537887446365
2023-05-14,4,11,S04_D11,holt_winters,0.16397086447585224,16.834356365045576,7134.9791917458215
2023-05-14,4,11,S04_D11,global_gbm,0.038848801585142756,4.078214105424795,2003.8315204699647
2023-05-14,4,12,S04_D12,seasonal_naive,0.1545490710279542,14.625118369189217,3483.1330391258393
2023-05-14,4,12,S04_D12,holt_winters,0.20013030534082324,19.37306840338917,4238.695119680574
2023-05-14,4,12,S04_D12,global_gbm,0.06888466014841373,6.934465473365211,1501.919721500001
2023-05-14,5,1,S05_D01,seasonal_naive,0.0955682777223812,9.18830187641644,2512.998960054998
2023-05-14,5,1,S05_D01,holt_winters,0.23021638351460924,23.09414745175788,5239.836035452385
2023-05-14,5,1,S05_D01,global_gbm,0.3993816683339813,40.71621524924005,8519.168979634938
2023-05-14,5,2,S05_D02,seasonal_naive,0.081558927968465,8.140737184133858,3475.5845192355782
2023-05-14,5,2,S05_D02,holt_winters,0.046892368854050064,4.747797926310657,2023.1011764725781
2023-05-14,5,2,S05_D02,global_gbm,0.04512213583021946,4.517402227772448,1860.8789592259009
2023-05-14,5,3,S05_D03,seasonal_naive,0.11948715109433991,11.742700281563625,5815.340277848106
2023-05-14,5,3,S05_D03,holt_winters,0.08775456816287612,8.615834281375603,4194.45431008606
2023-05-14,5,3,S05_D03,global_gbm,0.05936354310566612,5.856684062510202,2864.2610151772515
2023-05-14,5,4,S05_D04,seasonal_naive,0.0981544071833106,9.454613599995188,1485.795330033716
2023-05-14,5,4,S05_D04,holt_winters,0.10981555218443009,10.77624867199902,1574.5096337341101
2023-05-14,5,4,S05_D04,global_gbm,0.08214194282306195,8.476199892422082,1067.887808245339
2023-05-14,5,5,S05_D05,seasonal_naive,0.10188803021526495,9.713764248218,3389.713388420547
2023-05-14,5,5,S05_D05,holt_winters,0.07301012311421938,7.2181836300719295,2401.66434486226
2023-05-14,5,5,S05_D05,global_gbm,0.05387087654962815,5.613622862698458,1609.6580323751646
2023-05-14,5,6,S05_D06,seasonal_naive,0.06293063522858829,6.192357834505624,2776.882123821608
2023-05-14,5,6,S05_D06,holt_winters,0.05269840863110053,5.369363852279931,2462.208204336876
2023-05-14,5,6,S05_D06,global_gbm,0.04049391589952082,4.028034576023963,1597.1865758089662
2023-05-14,5,7,S05_D07,seasonal_naive,0.08977496819355062,8.937405508317628,4596.770193771927
2023-05-14,5,7,S05_D07,holt_winters,0.1214086324760066,12.091374974607357,6043.11635759721
2023-05-14,5,7,S05_D07,global_gbm,0.0716554931053917,6.983522622924871,3466.8300497190626
2023-05-14,5,8,S05_D08,seasonal_naive,0.10422065567805391,10.385452038405736,1045.932568243527
2023-05-14,5,8,S05_D08,holt_winters,0.10585710925004276,10.81478205859051,1092.0874455428595
2023-05-14,5,8,S05_D08,global_gbm,0.11757799476063613,12.07093363424316,1191.162171724105
2023-05-14,5,9,S05_D09,seasonal_naive,0.10320838670145857,9.275097870117653,4089.318233445217
2023-05-14,5,9,S05_D09,holt_winters,0.19822142460711417,20.959047498598316,5986.103400829636
2023-05-14,5,9,S05_D09,global_gbm,0.11825845684794398,12.535301039133062,3547.711655896025
2023-05-14,5,10,S05_D10,seasonal_naive,0.049635618829338916,4.958437247829018,443.31392397205394
2023-05-14,5,10,S05_D10,holt_winters,0.020867627822202105,2.1099371960558964,275.1615543875498
2023-05-14,5,10,S05_D10,global_gbm,0.0783285973767861,7.925839046363213,699.6967354553824
2023-05-14,5,11,S05_D11,seasonal_naive,0.10986291437654662,10.498211835723371,4681.17069843378
2023-05-14,5,11,S05_D11,holt_winters,0.10661280823432985,10.961771439598131,3683.7358323625613
2023-05-14,5,11,S05_D11,global_gbm,0.05123769399959262,5.003325665345354,1841.098156135758
2023-05-14,5,12,S05_D12,seasonal_naive,0.08395561340043392,8.35284368714038,1246.5201648238585
2023-05-14,5,12,S05_D12,holt_winters,0.08653407822715072,8.626618874169097,1258.3623633402212
2023-05-14,5,12,S05_D12,global_gbm,0.03431765222385142,3.4294674202708,534.6859153482453
2023-05-14,6,1,S06_D01,seasonal_naive,0.05278039853420805,5.307989078286059,1074.3654474793484
2023-05-14,6,1,S06_D01,holt_winters,0.03771601295908867,3.7062376030052913,739.4076658650165
2023-05-14,6,1,S06_D01,global_gbm,0.07314467476587112,7.548192247047937,1331.6922554118948
2023-05-14,6,2,S06_D02,seasonal_naive,0.05247215172259315,5.421025616458739,1925.60174397836
2023-05-14,6,2,S06_D02,holt_winters,0.09627619199105367,9.847848489924838,2996.427855519668
2023-05-14,6,2,S06_D02,global_gbm,0.028695130155065817,2.956917941195935,1066.6852387329468
2023-05-14,6,3,S06_D03,seasonal_naive,0.07377788111655274,7.5856936359308085,2777.6227873264224
2023-05-14,6,3,S06_D03,holt_winters,0.038552136521827825,3.9768819193632594,1632.9252572139364
2023-05-14,6,3,S06_D03,global_gbm,0.04404752949285826,4.532372744191208,1742.128535350556
2023-05-14,6,4,S06_D04,seasonal_naive,0.05854691538294268,5.840813873530918,700.8015478810674
2023-05-14,6,4,S06_D04,holt_winters,0.05906976692948017,5.83599760693582,719.9500729706391
2023-05-14,6,4,S06_D04,global_gbm,0.03535176814054335,3.554218780711213,349.1397151744233
2023-05-14,6,5,S06_D05,seasonal_naive,0.10525509447200398,10.27237555738456,2859.784856247931
2023-05-14,6,5,S06_D05,holt_winters,0.10653870705868239,10.641138571932164,2651.93148650585
2023-05-14,6,5,S06_D05,global_gbm,0.08698020279140474,9.319671513288661,2191.205451797417
2023-05-14,6,6,S06_D06,seasonal_naive,0.0504968818191875,5.138675070978365,1670.7058500226776
2023-05-14,6,6,S06_D06,holt_winters,0.1467398076353931,14.549453181178073,4509.599076355857
2023-05-14,6,6,S06_D06,global_gbm,0.07857949569297158,7.759084530900799,2672.1985304921823
2023-05-14,6,7,S06_D07,seasonal_naive,0.08011910677330529,7.8918163062821485,3477.649653932955
2023-05-14,6,7,S06_D07,holt_winters,0.18103562341612,17.591598471361312,7322.552367745939
2023-05-14,6,7,S06_D07,global_gbm,0.061000943097932685,5.9256721133778685,2752.205350275935
2023-05-14,6,8,S06_D08,seasonal_naive,0.07788435647568671,7.855444519953882,684.8735006554131
2023-05-14,6,8,S06_D08,holt_winters,0.07862901211389672,8.095549751977488,664.1388494729047
2023-05-14,6,8,S06_D08,global_gbm,0.05664335174310097,5.848341851534167,472.9515994426539
2023-05-14,6,9,S06_D09,seasonal_naive,0.1158233354562475,11.787977410300515,2938.9241169303777
2023-05-14,6,9,S06_D09,holt_winters,0.15904684770939329,16.649094382293804,3976.2675410160523
2023-05-14,6,9,S06_D09,global_gbm,0.05604223918639536,5.55122858334299,1465.1527200696141
2023-05-14,6,10,S06_D10,seasonal_naive,0.069231118536167,7.006602454436882,632.0411466036053
2023-05-14,6,10,S06_D10,holt_winters,0.10517100780873619,10.255722613895312,1430.9663592828988
2023-05-14,6,10,S06_D10,global_gbm,0.04529884384710341,4.649982491072113,369.50737422090333
2023-05-14,6,11,S06_D11,seasonal_naive,0.046303709296528536,4.835506512747355,1451.1755150480594
2023-05-14,6,11,S06_D11,holt_winters,0.2141903389035668,21.95947290716504,5207.869922832053
2023-05-14,6,11,S06_D11,global_gbm,0.04049009976272641,4.231348835241885,1131.3808862627538
2023-05-14,6,12,S06_D12,seasonal_naive,0.08124261172257234,7.725629101868031,1171.3368339689907
2023-05-14,6,12,S06_D12,holt_winters,0.0872541158322004,8.268388879195305,1223.6436827835453
2023-05-14,6,12,S06_D12,global_gbm,0.04580691127730743,4.758882223220651,555.4173097390442
2023-05-14,7,1,S07_D01,seasonal_naive,0.05037404519269802,5.0302124726602395,1466.217089340797
2023-05-14,7,1,S07_D01,holt_winters,0.03940668999510394,3.8685049489211227,1058.8802163845717
2023-05-14,7,1,S07_D01,global_gbm,0.058031201521328304,5.8911676679661795,1493.382978140638
2023-05-14,7,2,S07_D02,seasonal_naive,0.04083766203358008,4.010393114749772,2060.0781786287857
2023-05-14,7,2,S07_D02,holt_winters,0.03377066387046953,3.3426838254752353,1611.1837820892426
2023-05-14,7,2,S07_D02,global_gbm,0.031885518921039316,3.1720567134903455,1558.2924728140094
2023-05-14,7,3,S07_D03,seasonal_naive,0.2107098620258354,83.35785170909166,17855.468408942328
2023-05-14,7,3,S07_D03,holt_winters,0.21910492096265433,88.74886133927309,19072.66736323522
2023-05-14,7,3,S07_D03,global_gbm,0.20802276495997124,86.80336301801006,18766.20514461679
2023-05-14,7,4,S07_D04,seasonal_naive,0.0688981283670517,6.803777811802683,936.9173949180367
2023-05-14,7,4,S07_D04,holt_winters,0.08091270322969302,8.122592734015651,1215.9235938507204
2023-05-14,7,4,S07_D04,global_gbm,0.04810508922853513,4.715188255104789,777.5982835872153
2023-05-14,7,5,S07_D05,seasonal_naive,0.07380959782182406,7.199043715585733,2756.1956294387924
2023-05-14,7,5,S07_D05,holt_winters,0.07101171967936987,7.4778944068048,2599.0323325795816
2023-05-14,7,5,S07_D05,global_gbm,0.042709300150584405,4.633096726423873,1747.0647259952257
2023-05-14,7,6,S07_D06,seasonal_naive,0.05665096463342554,5.493072140608032,3225.3655225435305
2023-05-14,7,6,S07_D06,holt_winters,0.08043491438606458,8.393235715199435,4388.158650310418
2023-05-14,7,6,S07_D06,global_gbm,0.05289726209802876,5.2948703955895775,2433.667096024239
2023-05-14,7,7,S07_D07,seasonal_naive,0.0532163858706434,5.469453582805374,2855.1633329001515
2023-05-14,7,7,S07_D07,holt_winters,0.07020072963293925,6.792998723668604,3954.4934218706553
2023-05-14,7,7,S07_D07,global_gbm,0.05232272857042188,5.38154492431588,2631.9746885716118
2023-05-14,7,8,S07_D08,seasonal_naive,0.24453387652207212,12.71178968522982,7256.378406980993
2023-05-14,7,8,S07_D08,holt_winters,0.28797417660625985,18.78437682127871,7210.287113535882
2023-05-14,7,8,S07_D08,global_gbm,0.2587189290007092,14.71640332663634,7284.332903638227
2023-05-14,7,9,S07_D09,seasonal_naive,0.10986638294328871,10.897358124902954,3646.525174883961
2023-05-14,7,9,S07_D09,holt_winters,0.12669689592896122,13.060361670119796,4455.899903657031
2023-05-14,7,9,S07_D09,global_gbm,0.05632339730307791,5.38728091099553,2202.008454146909
2023-05-14,7,10,S07_D10,seasonal_naive,0.055004934957350454,5.269163443299865,818.6055915320275
2023-05-14,7,10,S07_D10,holt_winters,0.06922807190770998,6.627063849730688,826.208934590292
2023-05-14,7,10,S07_D10,global_gbm,0.07736209983893454,8.036011675153368,863.2251794869776
2023-05-14,7,11,S07_D11,seasonal_naive,0.03341300677620685,3.2446009212732414,1449.3266727346183
2023-05-14,7,11,S07_D11,holt_winters,0.11756032037406147,12.148090953785383,4550.200897238866
2023-05-14,7,11,S07_D11,global_gbm,0.03206901703324139,3.09239772567247,1369.2610889929604
2023-05-14,7,12,S07_D12,seasonal_naive,0.061636603824500945,6.150918951332626,1084.3346449263252
2023-05-14,7,12,S07_D12,holt_winters,0.07288328167407927,7.2241196858097325,1153.171964532238
2023-05-14,7,12,S07_D12,global_gbm,0.047085749437557334,4.6541243254666815,753.2324487963959
2023-05-14,8,1,S08_D01,seasonal_naive,0.0778512917172739,7.618428069291205,2038.2671683013002
2023-05-14,8,1,S08_D01,holt_winters,0.05618405473687981,5.431620235091026,1427.8942878959801
2023-05-14,8,1,S08_D01,global_gbm,0.11842502397038694,12.352988104610008,2738.7171600015668
2023-05-14,8,2,S08_D02,seasonal_naive,0.062157347088723336,6.254047195031653,2785.034060705092
2023-05-14,8,2,S08_D02,holt_winters,0.03009023564242248,3.0673807041206276,1414.9713197971976
2023-05-14,8,2,S08_D02,global_gbm,0.063979731416848,6.329882675153568,2654.780294940315
2023-05-14,8,3,S08_D03,seasonal_naive,0.0894444609733149,8.671699397285785,4904.205744061672
2023-05-14,8,3,S08_D03,holt_winters,0.07642399522649389,7.376777758987177,4038.062853233914
2023-05-14,8,3,S08_D03,global_gbm,0.03250480869271855,3.4492627526692523,1840.920021624427
2023-05-14,8,4,S08_D04,seasonal_naive,0.054783801191409985,5.670430164242846,838.7225953719737
2023-05-14,8,4,S08_D04,holt_winters,0.05466047184392315,5.556730899271855,812.6419841413434
2023-05-14,8,4,S08_D04,global_gbm,0.03362561385644732,3.4712522438051687,510.5194249267627
2023-05-14,8,5,S08_D05,seasonal_naive,0.08760690516885047,8.60980094218324,3009.457634749159
2023-05-14,8,5,S08_D05,holt_winters,0.09808090894906862,9.429297284275108,3459.7749806928837
2023-05-14,8,5,S08_D05,global_gbm,0.05880042016239911,6.424956699809941,2474.8982617840466
2023-05-14,8,6,S08_D06,seasonal_naive,0.11185060536555849,11.25376807840527,5025.868845861381
2023-05-14,8,6,S08_D06,holt_winters,0.06572620025845193,6.659499476890324,2934.7861293090255
2023-05-14,8,6,S08_D06,global_gbm,0.051215727024427914,5.183283659406709,2350.781241626064
2023-05-14,8,7,S08_D07,seasonal_naive,0.05454851094909744,5.477457015528016,3176.064387408183
2023-05-14,8,7,S08_D07,holt_winters,0.07455722681206885,7.467325631254321,3810.2415517990125
2023-05-14,8,7,S08_D07,global_gbm,0.04136849184166257,4.050465011315035,2149.9364731739497
2023-05-14,8,8,S08_D08,seasonal_naive,0.0740683925566957,7.207012958862613,1006.0224754820343
2023-05-14,8,8,S08_D08,holt_winters,0.11361100695368466,11.214758463858951,1220.603300726923
2023-05-14,8,8,S08_D08,global_gbm,0.06728482582886698,6.87984205702237,846.0086913829114
2023-05-14,8,9,S08_D09,seasonal_naive,0.0556436161536711,5.538394131032344,1832.3250540297167
2023-05-14,8,9,S08_D09,holt_winters,0.1759791086746941,18.23352938249266,5425.663608491503
2023-05-14,8,9,S08_D09,global_gbm,0.18467342946864448,19.036071674196954,5494.37538929996
2023-05-14,8,10,S08_D10,seasonal_naive,0.08992784793287727,8.165134193418078,1250.505929314212
2023-05-14,8,10,S08_D10,holt_winters,0.09878559911116443,9.255069080090719,1240.317612616637
2023-05-14,8,10,S08_D10,global_gbm,0.1263818483642124,13.749073498126634,1343.993687050759
2023-05-14,8,11,S08_D11,seasonal_naive,0.05267411160341564,5.28926774928952,2047.646079300571
2023-05-14,8,11,S08_D11,holt_winters,0.23899950621526558,23.861657346110857,8743.543845526254
2023-05-14,8,11,S08_D11,global_gbm,0.051965026285241786,5.1962400595323865,1775.8529273173826
2023-05-14,8,12,S08_D12,seasonal_naive,0.06605410647355904,6.6379938256228135,935.5829531567473
2023-05-14,8,12,S08_D12,holt_winters,0.0953670450839679,9.480624565215193,1410.6214802823001
2023-05-14,8,12,S08_D12,global_gbm,0.058416535113588804,5.618924387041492,1024.4671763414729
2023-05-14,9,1,S09_D01,seasonal_naive,0.07024403655625132,7.001614226218611,703.7975003596563
2023-05-14,9,1,S09_D01,holt_winters,0.05322836536504898,5.371935449215092,534.9839731881793
2023-05-14,9,1,S09_D01,global_gbm,0.18584235282704312,18.989298593023687,1707.3979114224871
2023-05-14,9,2,S09_D02,seasonal_naive,0.19837693089191497,94.91652425015398,5506.49026808252
2023-05-14,9,2,S09_D02,holt_winters,0.19602971089058113,97.30270802074284,5674.5362408924975
2023-05-14,9,2,S09_D02,global_gbm,0.20896126807357487,96.91985897742819,5594.863226884733
2023-05-14,9,3,S09_D03,seasonal_naive,0.059819709000834546,6.239561278424108,1355.8897039167668
2023-05-14,9,3,S09_D03,holt_winters,0.0394942734565658,3.957926846793812,904.4762887317423
2023-05-14,9,3,S09_D03,global_gbm,0.039673179750990085,4.009144650307142,798.6735255411155
2023-05-14,9,4,S09_D04,seasonal_naive,0.0783166650851544,8.140603848279875,483.1407312833394
2023-05-14,9,4,S09_D04,holt_winters,0.06994680239283306,6.874064383409601,365.0366708425855
2023-05-14,9,4,S09_D04,global_gbm,0.07314042495186578,6.9387090749468,478.05646369052926
2023-05-14,9,5,S09_D05,seasonal_naive,0.0650013906327992,6.6641431401388544,794.7411100320656
2023-05-14,9,5,S09_D05,holt_winters,0.06821155303286451,6.895342199729804,813.5561586833138
2023-05-14,9,5,S09_D05,global_gbm,0.03877315861741551,3.7757709219635394,506.6730135659436
2023-05-14,9,6,S09_D06,seasonal_naive,0.0324458663815655,3.2202065086512826,554.2392957356057
2023-05-14,9,6,S09_D06,holt_winters,0.05251228234933397,5.314436240523499,968.9207725227496
2023-05-14,9,6,S09_D06,global_gbm,0.025316594379245657,2.519132100956904,520.3653601802649
2023-05-14,9,7,S09_D07,seasonal_naive,0.04337734821427617,4.30451470851287,957.4263223676804
2023-05-14,9,7,S09_D07,holt_winters,0.04742073803049508,4.610038811821269,1082.6425030955243
2023-05-14,9,7,S09_D07,global_gbm,0.03677410345666903,3.580860382667557,822.2746473394666
2023-05-14,9,8,S09_D08,seasonal_naive,0.06385757867023277,6.398082757532965,311.5926808752093
2023-05-14,9,8,S09_D08,holt_winters,0.06672431105259427,6.9034003398188934,310.8530934698718
2023-05-14,9,8,S09_D08,global_gbm,0.11109859274062658,11.452815229960414,466.46496039494855
2023-05-14,9,9,S09_D09,seasonal_naive,0.10006964023850613,9.68991265248262,1461.431043138882
2023-05-14,9,9,S09_D09,holt_winters,0.11889447464921625,12.639254950562407,1665.7112847278963
2023-05-14,9,9,S09_D09,global_gbm,0.04937675700077186,4.685910949478076,784.3150410718833
2023-05-14,9,10,S09_D10,seasonal_naive,0.03729277624804074,3.8481281930463616,161.37635626850673
2023-05-14,9,10,S09_D10,holt_winters,0.041461837793434965,4.307173187803779,168.73833526944762
2023-05-14,9,10,S09_D10,global_gbm,0.12534168398596549,13.101328783687777,486.81317787895966
2023-05-14,9,11,S09_D11,seasonal_naive,0.054892150386247736,5.584024583236,827.2777930054696
2023-05-14,9,11,S09_D11,holt_winters,0.13327619247896966,13.859422840886415,1940.5300616558711
2023-05-14,9,11,S09_D11,global_gbm,0.04545437428815329,4.725843589470687,726.544259958452
2023-05-14,9,12,S09_D12,seasonal_naive,0.09908926458503507,9.187055771054448,717.2319770740149
2023-05-14,9,12,S09_D12,holt_winters,0.09823485519884113,10.27509343684782,628.1486586936318
2023-05-14,9,12,S09_D12,global_gbm,0.43718997879208343,45.5830273454632,2501.5860819424347
2023-05-14,10,1,S10_D01,seasonal_naive,0.12706120153127026,12.56137047103652,6516.05547717329
2023-05-14,10,1,S10_D01,holt_winters,0.08266206378151204,8.052973021104554,4474.064714899612
2023-05-14,10,1,S10_D01,global_gbm,0.05579229688682184,5.720041939171412,2881.7208434600584
2023-05-14,10,2,S10_D02,seasonal_naive,0.11439231713614982,10.966444196333871,11632.423513256492
2023-05-14,10,2,S10_D02,holt_winters,0.07331421551325112,7.490650112692777,6445.650743725285
2023-05-14,10,2,S10_D02,global_gbm,0.07049355342446781,7.198883708842767,6312.075629365651
2023-05-14,10,3,S10_D03,seasonal_naive,0.11173927014956285,11.112911058422894,10382.858635067707
2023-05-14,10,3,S10_D03,holt_winters,0.044541528472668845,4.619572148809736,5444.957455881641
2023-05-14,10,3,S10_D03,global_gbm,0.05066079391864711,5.25032488808236,5804.638295347051
2023-05-14,10,4,S10_D04,seasonal_naive,0.12188688107134847,12.230849922320234,3377.4356247695523
2023-05-14,10,4,S10_D04,holt_winters,0.11397336204074422,11.383119208569722,3310.7774502335055
2023-05-14,10,4,S10_D04,global_gbm,0.04921821590059147,4.878519405516749,1609.6986943572651
2023-05-14,10,5,S10_D05,seasonal_naive,0.12647673364953477,12.727975301821992,7673.587441786926
2023-05-14,10,5,S10_D05,holt_winters,0.04471057312538061,4.426760484231854,2837.6437912291867
2023-05-14,10,5,S10_D05,global_gbm,0.030197370881123706,2.983268547414046,2049.1557917896967
2023-05-14,10,6,S10_D06,seasonal_naive,0.17370904254284772,16.74632235295226,17194.658160543273
2023-05-14,10,6,S10_D06,holt_winters,0.08153146847551625,7.528391566208812,10463.692240591592
2023-05-14,10,6,S10_D06,global_gbm,0.06177794250207638,6.031078865595738,7163.368276312705
2023-05-14,10,7,S10_D07,seasonal_naive,0.1098164404722352,10.843122954724423,11219.585444174172
2023-05-14,10,7,S10_D07,holt_winters,0.08120997372499046,8.138607597183864,8937.861854838751
2023-05-14,10,7,S10_D07,global_gbm,0.027748300198600608,2.9056175113740266,3821.657428317638
2023-05-14,10,8,S10_D08,seasonal_naive,0.10445073561529727,10.297919278230545,2249.752319467634
2023-05-14,10,8,S10_D08,holt_winters,0.06659500428081719,6.848240959929694,1709.169069890075
2023-05-14,10,8,S10_D08,global_gbm,0.03819621223987371,3.766977115414244,934.6191435287077
2023-05-14,10,9,S10_D09,seasonal_naive,0.09727591972618112,9.725718453165562,6059.3156313130785
2023-05-14,10,9,S10_D09,holt_winters,0.04121203805196043,4.271965908895502,3826.519469382006
2023-05-14,10,9,S10_D09,global_gbm,0.09953656883575433,10.134705975505048,6290.218749063533
2023-05-14,10,10,S10_D10,seasonal_naive,0.15795247594965747,15.677569688033572,3112.288595334629
2023-05-14,10,10,S10_D10,holt_winters,0.08678982429478688,8.523018884814691,1808.7000142763934
2023-05-14,10,10,S10_D10,global_gbm,0.07828902274757175,7.6467921512461485,1760.0914516201722
2023-05-14,10,11,S10_D11,seasonal_naive,0.11183464295793868,11.058724388426464,7868.24021219167
2023-05-14,10,11,S10_D11,holt_winters,0.09741958037323874,9.918448233222406,7225.684662262424
2023-05-14,10,11,S10_D11,global_gbm,0.03882407758509841,3.83017689793925,3421.683952165603
2023-05-14,10,12,S10_D12,seasonal_naive,0.11500219670517856,11.413688842606334,3551.6449821244805
2023-05-14,10,12,S10_D12,holt_winters,0.11347732869553749,11.34687102719045,3500.5452962979757
2023-05-14,10,12,S10_D12,global_gbm,0.04570618555811339,4.49378455612469,1538.8306024479682
2023-05-14,11,1,S11_D01,seasonal_naive,0.05391760544412726,5.40250085791656,1111.1696787901028
2023-05-14,11,1,S11_D01,holt_winters,0.05496758151736791,5.575312217367076,1078.6344914026554
2023-05-14,11,1,S11_D01,global_gbm,0.07432779747565413,7.544119384905272,1363.167400529967
2023-05-14,11,2,S11_D02,seasonal_naive,0.05880005910157622,5.9053292064185525,1716.0752467440054
2023-05-14,11,2,S11_D02,holt_winters,0.07251933672077365,7.440193488061557,2299.466285557004
2023-05-14,11,2,S11_D02,global_gbm,0.03805558133606524,3.866789118135535,1198.556714387766
2023-05-14,11,3,S11_D03,seasonal_naive,0.05090949100964655,5.172593272279882,2155.206013032744
2023-05-14,11,3,S11_D03,holt_winters,0.0675641146360446,6.816039789651052,2552.3289646341755
2023-05-14,11,3,S11_D03,global_gbm,0.03378881278795908,3.4355928389063815,1470.4469777615127
2023-05-14,11,4,S11_D04,seasonal_naive,0.09827268969435957,10.12583057039836,1292.6849054197237
2023-05-14,11,4,S11_D04,holt_winters,0.11242496969519362,11.246489718158136,1080.112684936878
2023-05-14,11,4,S11_D04,global_gbm,0.05591773802513633,5.7513141780689585,700.5787007161949
2023-05-14,11,5,S11_D05,seasonal_naive,0.06556996023592668,6.505221964453918,1613.7112227409211
2023-05-14,11,5,S11_D05,holt_winters,0.05719461686167664,5.6303883985240715,1437.6722282857388
2023-05-14,11,5,S11_D05,global_gbm,0.04322617820845068,4.311610203359026,989.4144289410748
2023-05-14,11,6,S11_D06,seasonal_naive,0.04638465840520168,4.520835364485645,1693.1848033550566
2023-05-14,11,6,S11_D06,holt_winters,0.044779885318792394,4.406137475503433,1601.9009115567023
2023-05-14,11,6,S11_D06,global_gbm,0.023104697283570824,2.3267590947268246,1018.1585196356414
2023-05-14,11,7,S11_D07,seasonal_naive,0.04126322519732072,4.1127985083250715,1564.8190900108884
2023-05-14,11,7,S11_D07,holt_winters,0.07683739164929226,7.72244641929474,2677.3428071825238
2023-05-14,11,7,S11_D07,global_gbm,0.031124960563620664,3.149604623299043,1209.5128332140298
2023-05-14,11,8,S11_D08,seasonal_naive,0.054305950964701206,5.467476777629999,455.9305395698998
2023-05-14,11,8,S11_D08,holt_winters,0.07342288110286985,7.280677587978588,700.3975955507678
2023-05-14,11,8,S11_D08,global_gbm,0.060675238358980144,6.229208408063876,524.2883782224073
2023-05-14,11,9,S11_D09,seasonal_naive,0.20338173397628967,248.22429896446016,7552.606989107305
2023-05-14,11,9,S11_D09,holt_winters,0.41481856457475413,335.4114912002988,10672.14526480667
2023-05-14,11,9,S11_D09,global_gbm,0.24771930884260515,264.58277015969753,8092.040000008667
2023-05-14,11,10,S11_D10,seasonal_naive,0.09272804296077135,9.489672144409425,663.3199170554885
2023-05-14,11,10,S11_D10,holt_winters,0.04259906235622212,4.307517919721307,301.14991126806046
2023-05-14,11,10,S11_D10,global_gbm,0.09589762346021918,10.01745665738128,718.304597963287
2023-05-14,11,11,S11_D11,seasonal_naive,0.05381582194194152,5.336584726779645,1389.800953563136
2023-05-14,11,11,S11_D11,holt_winters,0.1732356433142734,18.14496749400488,4765.003843563586
2023-05-14,11,11,S11_D11,global_gbm,0.048772360701690394,4.916707908713279,1298.9824985963096
2023-05-14,11,12,S11_D12,seasonal_naive,0.05834726514631073,5.775179721706595,673.0311694583694
2023-05-14,11,12,S11_D12,holt_winters,0.062189780542517205,6.152774143487871,693.5848272402587
2023-05-14,11,12,S11_D12,global_gbm,0.041598481587172026,4.172386602969146,453.5785456782989
2023-05-14,12,1,S12_D01,seasonal_naive,0.06191264464631622,6.278274294782579,1608.3855904407685
2023-05-14,12,1,S12_D01,holt_winters,0.06515743658391755,6.662809111116888,1702.437733227135
2023-05-14,12,1,S12_D01,global_gbm,0.07810839239283424,8.40732317914285,2213.3904484112986
2023-05-14,12,2,S12_D02,seasonal_naive,0.10147304565095337,9.476629055535913,5067.43573241684
2023-05-14,12,2,S12_D02,holt_winters,0.08743860093119556,8.325788337905523,4316.57216240619
2023-05-14,12,2,S12_D02,global_gbm,0.052444135869133664,5.071138729345683,2646.4513684422936
2023-05-14,12,3,S12_D03,seasonal_naive,0.03587447740627162,3.5721144119886215,2006.2991418716697
2023-05-14,12,3,S12_D03,holt_winters,0.04427410163803559,4.429882945315816,3443.710928960901
2023-05-14,12,3,S12_D03,global_gbm,0.02830691573651066,2.799888310979328,1432.4305112735256
2023-05-14,12,4,S12_D04,seasonal_naive,0.07345821681578944,7.730182805159341,1207.9986571546758
2023-05-14,12,4,S12_D04,holt_winters,0.08957046587366321,9.061509994686231,1094.665398978102
2023-05-14,12,4,S12_D04,global_gbm,0.05299965302024138,5.592432313224173,914.2289747842053
2023-05-14,12,5,S12_D05,seasonal_naive,0.07740649906651083,7.718137107161999,2414.6081624199405
2023-05-14,12,5,S12_D05,holt_winters,0.0694661007225156,7.055543967544187,2115.0482825253416
2023-05-14,12,5,S12_D05,global_gbm,0.1095807490708575,11.215197694151842,3481.8477913439165
2023-05-14,12,6,S12_D06,seasonal_naive,0.04635475454928878,4.748350231704338,2159.302743908319
2023-05-14,12,6,S12_D06,holt_winters,0.05465884180340258,5.480696934960738,2221.1688905671886
2023-05-14,12,6,S12_D06,global_gbm,0.03780244963950748,3.7285057898998635,1591.1079370359503
2023-05-14,12,7,S12_D07,seasonal_naive,0.052704008515779534,5.200571207598667,2779.178833138037
2023-05-14,12,7,S12_D07,holt_winters,0.03479455086110992,3.4908602770107664,1812.8896494507865
2023-05-14,12,7,S12_D07,global_gbm,0.036612285434261004,3.676703117878536,1989.4328924214487
2023-05-14,12,8,S12_D08,seasonal_naive,0.07019334885597206,7.200336426287339,750.2716736039686
2023-05-14,12,8,S12_D08,holt_winters,0.10842288802254965,11.218715049034635,1098.9520785136954
2023-05-14,12,8,S12_D08,global_gbm,0.11705427626615592,12.049779827833461,1148.2316923927303
2023-05-14,12,9,S12_D09,seasonal_naive,0.08942580934824865,8.768354014666304,2799.4692120627974
2023-05-14,12,9,S12_D09,holt_winters,0.18421912638770824,19.84000199802348,6064.84689585225
2023-05-14,12,9,S12_D09,global_gbm,0.09333958562582464,9.508646718598582,2671.0629947220077
2023-05-14,12,10,S12_D10,seasonal_naive,0.05646633750499424,5.6679494753192365,567.1865176906092
2023-05-14,12,10,S12_D10,holt_winters,0.08505671491510042,8.488477859296689,796.714943554817
2023-05-14,12,10,S12_D10,global_gbm,0.07058195711309194,7.237373269561129,686.7501339235372
2023-05-14,12,11,S12_D11,seasonal_naive,0.08962287511043583,8.951721199365636,3166.940074892877
2023-05-14,12,11,S12_D11,holt_winters,0.1532307879137704,15.962030666858551,5616.473668863758
2023-05-14,12,11,S12_D11,global_gbm,0.04064449845060327,4.289038275185003,1661.552231354702
2023-05-14,12,12,S12_D12,seasonal_naive,0.051297081293618575,5.202694321729931,1037.3019765960148
2023-05-14,12,12,S12_D12,holt_winters,0.1132148035259339,11.388795677480976,1694.1850078655382
2023-05-14,12,12,S12_D12,global_gbm,0.045754660610447716,4.570498597365773,694.59220116621
2023-05-14,13,1,S13_D01,seasonal_naive,0.07205268103162633,7.439937039961553,911.9427175267095
2023-05-14,13,1,S13_D01,holt_winters,0.02953096096065567,2.9973464136518126,378.0316655422947
2023-05-14,13,1,S13_D01,global_gbm,0.09568978612710696,9.998875873757234,1124.1911609706758
2023-05-14,13,2,S13_D02,seasonal_naive,0.08240449835025569,8.358645556834093,1627.8534215724098
2023-05-14,13,2,S13_D02,holt_winters,0.05952240302936088,6.1607548476325675,1194.728301858885
2023-05-14,13,2,S13_D02,global_gbm,0.04803956542058929,4.973709188156263,1066.0344469422819
2023-05-14,13,3,S13_D03,seasonal_naive,0.057848742117174626,5.912403767061791,1200.4762049078688
2023-05-14,13,3,S13_D03,holt_winters,0.04365116466606363,4.29757171598665,922.5616655238346
2023-05-14,13,3,S13_D03,global_gbm,0.05485339049271399,5.383746526021691,1163.4578683946206
2023-05-14,13,4,S13_D04,seasonal_naive,0.07890711584366963,7.711326188016697,516.7969736995369
2023-05-14,13,4,S13_D04,holt_winters,0.06158430167011178,5.955778058026111,449.3442167683762
2023-05-14,13,4,S13_D04,global_gbm,0.11585002725890858,11.93414978342977,676.195983625341
2023-05-14,13,5,S13_D05,seasonal_naive,0.10308981373898894,10.44427285620344,1551.5651870127795
2023-05-14,13,5,S13_D05,holt_winters,0.09077681084929944,8.966680240760754,1759.0281175265402
2023-05-14,13,5,S13_D05,global_gbm,0.04093777417254211,4.030845117043386,649.7220051108513
2023-05-14,13,6,S13_D06,seasonal_naive,0.0518329344707629,5.19711117465362,1178.567055845784
2023-05-14,13,6,S13_D06,holt_winters,0.08284623243080116,8.343079816614027,1508.0783331951748
2023-05-14,13,6,S13_D06,global_gbm,0.03664211593847543,3.7239843416956244,753.8221977215759
2023-05-14,13,7,S13_D07,seasonal_naive,0.048552434337508034,4.828609458607229,1243.5136557201529
2023-05-14,13,7,S13_D07,holt_winters,0.04771190600282039,4.7514281285664834,1122.2351811498465
2023-05-14,13,7,S13_D07,global_gbm,0.04289205213922278,4.258364049162924,1057.4193275735684
2023-05-14,13,8,S13_D08,seasonal_naive,0.06848301198205264,7.017388946601108,304.64044817210345
2023-05-14,13,8,S13_D08,holt_winters,0.0752495885708139,7.909930253059281,384.03486184426185
2023-05-14,13,8,S13_D08,global_gbm,0.16458894433184465,17.17686162538543,777.9697492996653
2023-05-14,13,9,S13_D09,seasonal_naive,0.03730314333628444,3.793390332955325,511.24241048156364
2023-05-14,13,9,S13_D09,holt_winters,0.12129058178212349,12.433688913199974,1757.0334173044773
2023-05-14,13,9,S13_D09,global_gbm,0.04089573189124646,4.053077369633641,558.3587294383774
2023-05-14,13,10,S13_D10,seasonal_naive,0.046680040639049715,4.790604388070541,284.01163884601635
2023-05-14,13,10,S13_D10,holt_winters,0.03897784483714973,3.9403694369965,215.9459948398914
2023-05-14,13,10,S13_D10,global_gbm,0.04283511154465261,4.205781883715039,218.25307634340587
2023-05-14,13,11,S13_D11,seasonal_naive,0.06479259363844997,6.538500724746929,1060.8934288784617
2023-05-14,13,11,S13_D11,holt_winters,0.18758455291333254,19.056244974045814,2771.587173117692
2023-05-14,13,11,S13_D11,global_gbm,0.04195141677007171,4.154841290024171,711.6593828974356
2023-05-14,13,12,S13_D12,seasonal_naive,0.06920911686493247,7.191545689309697,527.0159116193743
2023-05-14,13,12,S13_D12,holt_winters,0.05062465486907821,5.183889250666309,382.0837242985225
2023-05-14,13,12,S13_D12,global_gbm,0.0786966825326136,7.751923344638883,501.8760421939068
2023-05-14,14,1,S14_D01,seasonal_naive,0.08366504652933389,8.659421346608529,878.8400004195873
2023-05-14,14,1,S14_D01,holt_winters,0.0920390902574226,8.932479247884965,915.876974390599
2023-05-14,14,1,S14_D01,global_gbm,0.15222799994699796,15.827700736933767,1508.9798439604106
2023-05-14,14,2,S14_D02,seasonal_naive,0.06567606984022317,6.654238601390258,1071.6606777450593
2023-05-14,14,2,S14_D02,holt_winters,0.0549962199588831,5.460101251833885,954.4958433836143
2023-05-14,14,2,S14_D02,global_gbm,0.06979507480598351,6.752885334880665,1222.1456722904802
2023-05-14,14,3,S14_D03,seasonal_naive,0.09961722820195532,9.615320981498462,2102.523111276069
2023-05-14,14,3,S14_D03,holt_winters,0.10468352468944073,9.968036062485226,2323.7599309938173
2023-05-14,14,3,S14_D03,global_gbm,0.07638639647866406,7.697073334085708,1633.2390726246958
2023-05-14,14,4,S14_D04,seasonal_naive,0.064907863951892,6.5768250781590405,372.46804411586766
2023-05-14,14,4,S14_D04,holt_winters,0.09007452783832713,9.039624635824724,540.0850789057266
2023-05-14,14,4,S14_D04,global_gbm,0.036194983361866925,3.684548073064792,203.01281632030697
2023-05-14,14,5,S14_D05,seasonal_naive,0.13697695951748567,14.710335842743284,1932.4568720769678
2023-05-14,14,5,S14_D05,holt_winters,0.07679184406432775,7.876082556287231,972.9622433509469
2023-05-14,14,5,S14_D05,global_gbm,0.088319541861113,8.762651947717384,1050.1631304452521
2023-05-14,14,6,S14_D06,seasonal_naive,0.05066555866242777,5.051359345682585,902.4619077071899
2023-05-14,14,6,S14_D06,holt_winters,0.04410414284329016,4.528117256763867,757.0404859860629
2023-05-14,14,6,S14_D06,global_gbm,0.040319792110584514,3.9781160794748893,712.8195759301186
2023-05-14,14,7,S14_D07,seasonal_naive,0.04711450348526632,4.709961816494491,863.9380252150612
2023-05-14,14,7,S14_D07,holt_winters,0.06553816854481347,6.518041193375545,1425.7069147707982
2023-05-14,14,7,S14_D07,global_gbm,0.02963429810644053,2.9365818816915152,618.168071265736
2023-05-14,14,8,S14_D08,seasonal_naive,0.14457100806883139,15.429760477335439,738.5653638642958
2023-05-14,14,8,S14_D08,holt_winters,0.12128181930537844,12.848995489292548,570.1531845598344
2023-05-14,14,8,S14_D08,global_gbm,0.09421134469389418,9.984025884102163,443.16500711212905
2023-05-14,14,9,S14_D09,seasonal_naive,0.060328948897240726,6.183713723305725,809.6449166610014
2023-05-14,14,9,S14_D09,holt_winters,0.15995040437548425,16.266297864382796,1896.0724759923926
2023-05-14,14,9,S14_D09,global_gbm,0.05019962689891271,5.106629390955423,617.9739237815087
2023-05-14,14,10,S14_D10,seasonal_naive,0.066190811696629,6.517317993496839,311.3296541850776
2023-05-14,14,10,S14_D10,holt_winters,0.058960540669948124,5.7278660343639975,281.47261655446465
2023-05-14,14,10,S14_D10,global_gbm,0.09444932737999207,9.51359812984244,359.124199125278
2023-05-14,14,11,S14_D11,seasonal_naive,0.05410111796880098,5.473959355608684,834.423682969269
2023-05-14,14,11,S14_D11,holt_winters,0.16903088439502004,17.377003667301885,2350.37365787757
2023-05-14,14,11,S14_D11,global_gbm,0.031675748790682495,3.0917979968508673,461.52092231835013
2023-05-14,14,12,S14_D12,seasonal_naive,0.03436227421878256,3.436991077032662,247.3763023715084
2023-05-14,14,12,S14_D12,holt_winters,0.07337364768598666,7.468742619200055,462.42975127915514
2023-05-14,14,12,S14_D12,global_gbm,0.05384269532535858,5.2982859604927475,321.75671270386687
2023-05-14,15,1,S15_D01,seasonal_naive,0.11658971075773315,11.47999756292529,5211.712091208607
2023-05-14,15,1,S15_D01,holt_winters,0.07535986914544539,7.422013704177606,3397.139491480158
2023-05-14,15,1,S15_D01,global_gbm,0.03058678275756232,3.158579406678731,1642.3579536811162
2023-05-14,15,2,S15_D02,seasonal_naive,0.11694995311655854,11.53783324531731,9512.18901718277
2023-05-14,15,2,S15_D02,holt_winters,0.06555076257268283,6.651720531330121,5224.401762688322
2023-05-14,15,2,S15_D02,global_gbm,0.046868137501848525,4.611855519739548,4875.018667229207
2023-05-14,15,3,S15_D03,seasonal_naive,0.07231206211110029,7.146183363589498,7562.364906427252
2023-05-14,15,3,S15_D03,holt_winters,0.06129119962030258,6.089960884665056,6621.522727488925
2023-05-14,15,3,S15_D03,global_gbm,0.07329383780893924,7.658951570059366,7542.632276560745
2023-05-14,15,4,S15_D04,seasonal_naive,0.07951186291462667,7.789195563278674,2256.0705516478215
2023-05-14,15,4,S15_D04,holt_winters,0.10885974909441426,10.817301128029332,2800.6915934116764
2023-05-14,15,4,S15_D04,global_gbm,0.04563618871570735,4.61395090671662,1323.8226381439533
2023-05-14,15,5,S15_D05,seasonal_naive,0.10776699210590997,10.750622129652688,5883.3751787133215
2023-05-14,15,5,S15_D05,holt_winters,0.04535547342710847,4.487973926680361,3663.7971008357927
2023-05-14,15,5,S15_D05,global_gbm,0.02926270836596158,2.986252072117611,1984.720114695717
2023-05-14,15,6,S15_D06,seasonal_naive,0.06659403913077624,6.742484175735101,6309.767884331206
2023-05-14,15,6,S15_D06,holt_winters,0.04977341748030161,5.070766198513213,4619.28679790926
2023-05-14,15,6,S15_D06,global_gbm,0.04301461874636235,4.123608323595926,4265.2967909927065
2023-05-14,15,7,S15_D07,seasonal_naive,0.06051529588951577,6.204725212270355,6390.576346367358
2023-05-14,15,7,S15_D07,holt_winters,0.07200489900934895,7.233208847701815,6679.579709680308
2023-05-14,15,7,S15_D07,global_gbm,0.06534957737019477,6.697161631629772,6639.055391308898
2023-05-14,15,8,S15_D08,seasonal_naive,0.10688319409708341,10.339917613542111,2379.2348234621563
2023-05-14,15,8,S15_D08,holt_winters,0.06349067724046487,6.449555398906027,1371.017862064224
2023-05-14,15,8,S15_D08,global_gbm,0.05496265458635778,5.464571606464225,1184.099815654065
2023-05-14,15,9,S15_D09,seasonal_naive,0.10229216786636815,10.028157161122165,6491.591311185763
2023-05-14,15,9,S15_D09,holt_winters,0.12619412132496816,12.900855613708956,7523.709395348229
2023-05-14,15,9,S15_D09,global_gbm,0.05541049694682048,5.572648019376938,3291.742722029221
2023-05-14,15,10,S15_D10,seasonal_naive,0.08732137389568152,8.507270187192544,1917.70519976025
2023-05-14,15,10,S15_D10,holt_winters,0.089490163124398,8.84699268643743,1814.6015907377862
2023-05-14,15,10,S15_D10,global_gbm,0.04437415256863655,4.401723707365384,851.3029785887547
2023-05-14,15,11,S15_D11,seasonal_naive,0.06714110593188444,6.545754083280741,5032.58147756944
2023-05-14,15,11,S15_D11,holt_winters,0.17506570388615392,17.966143179333837,11196.786439767908
2023-05-14,15,11,S15_D11,global_gbm,0.042985253637542194,4.379258042426981,2815.0567690099015
2023-05-14,15,12,S15_D12,seasonal_naive,0.07071235459503389,6.764003989495731,2231.2895524981736
2023-05-14,15,12,S15_D12,holt_winters,0.05601234695442314,5.4430353042218735,1770.187493138365
2023-05-14,15,12,S15_D12,global_gbm,0.04997542918107598,5.021707886124745,1360.2279880096587
2023-05-14,16,1,S16_D01,seasonal_naive,0.0891985313411989,9.01692767610299,1944.8684632128727
2023-05-14,16,1,S16_D01,holt_winters,0.09302138786088911,9.22999906118905,2096.368541098731
2023-05-14,16,1,S16_D01,global_gbm,0.053878486937156266,5.555745183706767,1431.891005851789
2023-05-14,16,2,S16_D02,seasonal_naive,0.043630139521323136,4.243018313623517,2149.541614260469
2023-05-14,16,2,S16_D02,holt_winters,0.049489529944628685,4.914216627826332,2000.957132963362
2023-05-14,16,2,S16_D02,global_gbm,0.05012973691095934,5.046868930814835,2130.5049417062505
2023-05-14,16,3,S16_D03,seasonal_naive,0.08438384174753698,8.308035233706422,3787.045230418764
2023-05-14,16,3,S16_D03,holt_winters,0.047515581136516376,4.886386834969328,2337.1836047114516
2023-05-14,16,3,S16_D03,global_gbm,0.0370948014450509,3.714684892399715,1770.2031110772823
2023-05-14,16,4,S16_D04,seasonal_naive,0.08422003414569859,8.296018417654553,1192.9374678760412
2023-05-14,16,4,S16_D04,holt_winters,0.08752271605628002,8.772953227011781,1141.2518164591115
2023-05-14,16,4,S16_D04,global_gbm,0.025353698489754523,2.51277516751367,371.1001631979483
2023-05-14,16,5,S16_D05,seasonal_naive,0.3920234595722772,39.58387026514378,23071.069853698536
2023-05-14,16,5,S16_D05,holt_winters,0.17368598587938072,17.840439438404797,7978.959610472374
2023-05-14,16,5,S16_D05,global_gbm,0.05242673312987005,5.500014196981031,1730.1261218991322
2023-05-14,16,6,S16_D06,seasonal_naive,0.055771262567811127,5.381465695611121,2749.0953639970353
2023-05-14,16,6,S16_D06,holt_winters,0.06056729214469391,6.299033266943282,2749.9351731963293
2023-05-14,16,6,S16_D06,global_gbm,0.057793731692572986,6.000361699003852,2738.8332853448746
2023-05-14,16,7,S16_D07,seasonal_naive,0.03267516754504885,3.2863043297223373,1424.9011176525562
2023-05-14,16,7,S16_D07,holt_winters,0.03766903703630291,3.7910151401505146,1928.411688037654
2023-05-14,16,7,S16_D07,global_gbm,0.03127565700069727,3.1138746290353,1449.8825855265306
2023-05-14,16,8,S16_D08,seasonal_naive,0.07533399293583423,7.3836385442493295,835.1333563195157
2023-05-14,16,8,S16_D08,holt_winters,0.07801735258248632,7.702868228808876,785.1803744859686
2023-05-14,16,8,S16_D08,global_gbm,0.0621647145106048,6.430337910508464,681.9901204110198
2023-05-14,16,9,S16_D09,seasonal_naive,0.035647165347269257,3.5008292812544957,1205.8251213018
2023-05-14,16,9,S16_D09,holt_winters,0.17077292294158086,17.605447163234437,5087.681638690709
2023-05-14,16,9,S16_D09,global_gbm,0.05000665081425511,5.093162060397535,1384.0438400210303
2023-05-14,16,10,S16_D10,seasonal_naive,0.0651296750417527,6.481573952036275,688.3627797535248
2023-05-14,16,10,S16_D10,holt_winters,0.05159258859638026,5.250804607400301,472.9470007590577
2023-05-14,16,10,S16_D10,global_gbm,0.07381361116812273,7.6962209935351495,760.7436892694615
2023-05-14,16,11,S16_D11,seasonal_naive,0.12916143943804811,13.002711660379001,4480.630180132311
2023-05-14,16,11,S16_D11,holt_winters,0.161045097645498,17.685188015064384,6194.332660705952
2023-05-14,16,11,S16_D11,global_gbm,0.07759174295600497,8.364943021437831,2821.7579274354384
2023-05-14,16,12,S16_D12,seasonal_naive,0.15476930847789372,15.096164248282335,2227.348134096352
2023-05-14,16,12,S16_D12,holt_winters,0.07427348966718285,6.969792012939996,1270.1244384376494
2023-05-14,16,12,S16_D12,global_gbm,0.04508776895224645,4.6996156523609605,737.0820429011126
2023-05-14,17,1,S17_D01,seasonal_naive,0.031341796516938344,3.1523734694892815,670.6388673869111
2023-05-14,17,1,S17_D01,holt_winters,0.028737029148252338,2.8354400741496537,636.1389208111981
2023-05-14,17,1,S17_D01,global_gbm,0.03260826549339586,3.2453781195505202,705.3926203753024
2023-05-14,17,2,S17_D02,seasonal_naive,0.06673923559077359,6.656506125062769,2513.5407442739024
2023-05-14,17,2,S17_D02,holt_winters,0.07289904425318033,7.417676908624083,2512.440601359582
2023-05-14,17,2,S17_D02,global_gbm,0.06641384969478789,6.721454272313188,2405.9862649230154
2023-05-14,17,3,S17_D03,seasonal_naive,0.06709407342820048,7.0244085154113804,3580.6790592410684
2023-05-14,17,3,S17_D03,holt_winters,0.05137142499352054,5.3516141085555375,2549.1447091775917
2023-05-14,17,3,S17_D03,global_gbm,0.05477648499076237,5.549171725116099,2419.8006839596337
2023-05-14,17,4,S17_D04,seasonal_naive,0.05007563004372487,5.033810155144244,554.4391508880839
2023-05-14,17,4,S17_D04,holt_winters,0.07769931835091386,7.755409251767803,896.9920400618893
2023-05-14,17,4,S17_D04,global_gbm,0.04395437319819428,4.469121319269485,523.7579772259035
2023-05-14,17,5,S17_D05,seasonal_naive,0.05901333918049921,5.7812451356570405,1681.1761312508272
2023-05-14,17,5,S17_D05,holt_winters,0.07542021808746907,7.378731790042304,2595.550936043043
2023-05-14,17,5,S17_D05,global_gbm,0.03686490435477698,3.6063008089893462,1105.331134019865
2023-05-14,17,6,S17_D06,seasonal_naive,0.08161394036420147,8.423484015976499,3295.851596482692
2023-05-14,17,6,S17_D06,holt_winters,0.07517391271315567,7.674622982807783,2691.988875854688
2023-05-14,17,6,S17_D06,global_gbm,0.051245285981725015,5.420570096043814,2261.3238644406542
2023-05-14,17,7,S17_D07,seasonal_naive,0.09919818899418403,9.549224432201179,4732.168161713772
2023-05-14,17,7,S17_D07,holt_winters,0.06479362304120256,6.251565773034878,3369.3213818557306
2023-05-14,17,7,S17_D07,global_gbm,0.08488628467956175,8.813917285103269,4004.059084565235
2023-05-14,17,8,S17_D08,seasonal_naive,0.08331981287199061,8.06277913364927,893.5771420811974
2023-05-14,17,8,S17_D08,holt_winters,0.08234341531715259,7.982665538797505,878.1653556102927
2023-05-14,17,8,S17_D08,global_gbm,0.07826230458569738,8.107245413584838,918.5465626652781
2023-05-14,17,9,S17_D09,seasonal_naive,0.07591513375895742,7.487894942491955,2152.8756715582767
2023-05-14,17,9,S17_D09,holt_winters,0.14458316379533623,14.973217144548595,3886.54070445591
2023-05-14,17,9,S17_D09,global_gbm,0.04192364159786233,4.201767238143226,1133.6325114978572
2023-05-14,17,10,S17_D10,seasonal_naive,0.07975358610703023,8.016641476944905,793.433318307216
2023-05-14,17,10,S17_D10,holt_winters,0.09200988242455939,9.504029207917412,939.168884860305
2023-05-14,17,10,S17_D10,global_gbm,0.08361219391051171,8.575753694472446,738.7163146928463
2023-05-14,17,11,S17_D11,seasonal_naive,0.4053593798449612,41.114758267376125,24794.296949822958
2023-05-14,17,11,S17_D11,holt_winters,0.37967595343421057,38.74406500207534,13411.00735144513
2023-05-14,17,11,S17_D11,global_gbm,0.07654192737066397,8.123113285427412,2733.0875252613637
2023-05-14,17,12,S17_D12,seasonal_naive,0.059844416660479384,5.769405934179074,928.7915679392229
2023-05-14,17,12,S17_D12,holt_winters,0.08643690413004336,8.519392525589176,1201.6255001629606
2023-05-14,17,12,S17_D12,global_gbm,0.0452707481509875,4.3018650745934774,767.2205546152749
2023-05-14,18,1,S18_D01,seasonal_naive,0.05589246757818744,5.490954480234804,1361.802083422
2023-05-14,18,1,S18_D01,holt_winters,0.032206672982804545,3.217245573065697,711.7050234973876
2023-05-14,18,1,S18_D01,global_gbm,0.0476517013146064,4.827094563061523,945.7514828566548
2023-05-14,18,2,S18_D02,seasonal_naive,0.03678783768407191,3.7065410885618197,1458.0729375660535
2023-05-14,18,2,S18_D02,holt_winters,0.08524341693304226,8.680376033049376,3001.7983989359077
2023-05-14,18,2,S18_D02,global_gbm,0.05559079320422716,5.654423384198883,2215.703024196218
2023-05-14,18,3,S18_D03,seasonal_naive,0.05705503130753483,5.829827476864066,2345.408444325315
2023-05-14,18,3,S18_D03,holt_winters,0.035074360115124145,3.608178682848731,2187.4275990060223
2023-05-14,18,3,S18_D03,global_gbm,0.025522195184831592,2.615466351767198,1292.284874622989
2023-05-14,18,4,S18_D04,seasonal_naive,0.10344653498567347,10.302184174939272,1358.9049642129144
2023-05-14,18,4,S18_D04,holt_winters,0.06635140993143673,6.756649842142385,892.2116363949822
2023-05-14,18,4,S18_D04,global_gbm,0.19870585487309414,20.803610562975038,2224.6012467646897
2023-05-14,18,5,S18_D05,seasonal_naive,0.043816103529120666,4.455245166812927,1307.9950858709296
2023-05-14,18,5,S18_D05,holt_winters,0.04148518785398063,4.229037063820855,1055.8398998527066
2023-05-14,18,5,S18_D05,global_gbm,0.05559750267462922,5.683189427287029,1509.7446232357356
2023-05-14,18,6,S18_D06,seasonal_naive,0.06200160095652087,6.20006018969161,2757.675466434547
2023-05-14,18,6,S18_D06,holt_winters,0.08107051837409773,8.248217595630788,3078.496080728181
2023-05-14,18,6,S18_D06,global_gbm,0.03098346379581095,3.0993444598670856,1149.7016498396333
2023-05-14,18,7,S18_D07,seasonal_naive,0.06825252344277613,6.606191058660762,3229.8692262206996
2023-05-14,18,7,S18_D07,holt_winters,0.0633410869777637,6.238291990754688,2738.041411411308
2023-05-14,18,7,S18_D07,global_gbm,0.054246621499660176,5.278453862878386,2500.884861927745
2023-05-14,18,8,S18_D08,seasonal_naive,0.07778416916184354,8.038982801553052,746.1074187491371
2023-05-14,18,8,S18_D08,holt_winters,0.05939593502998527,6.135933258025837,614.0794316062431
2023-05-14,18,8,S18_D08,global_gbm,0.06733829394683193,6.896168354890303,623.9895925000077
2023-05-14,18,9,S18_D09,seasonal_naive,0.041401229371430474,4.092648021414905,1289.4793506053143
2023-05-14,18,9,S18_D09,holt_winters,0.09944056799495964,10.39171856788582,2926.612714661632
2023-05-14,18,9,S18_D09,global_gbm,0.03567471208519451,3.63605618055868,1110.596249019267
2023-05-14,18,10,S18_D10,seasonal_naive,0.061586412276630705,6.093151468595999,543.3506923364503
2023-05-14,18,10,S18_D10,holt_winters,0.03337736375278586,3.330078707523228,285.87226339320233
2023-05-14,18,10,S18_D10,global_gbm,0.14762752826302844,14.819867410761765,1137.4907624239224
2023-05-14,18,11,S18_D11,seasonal_naive,0.09552113018019219,9.088800941899954,3513.3832056349183
2023-05-14,18,11,S18_D11,holt_winters,0.09220049744365326,10.094983922664126,3481.381807300317
2023-05-14,18,11,S18_D11,global_gbm,0.07006640839085206,7.458060426096708,2493.488093646421
2023-05-14,18,12,S18_D12,seasonal_naive,0.04497584543177498,4.514888933504944,597.8325884915444
2023-05-14,18,12,S18_D12,holt_winters,0.06495072030939555,6.5903420380357165,857.0794840615607
2023-05-14,18,12,S18_D12,global_gbm,0.05137105946847057,5.016495883398182,695.5097655598354
2023-05-14,19,1,S19_D01,seasonal_naive,0.04656201884490553,4.483526038594985,1651.425232916253
2023-05-14,19,1,S19_D01,holt_winters,0.06407529176750103,6.317477796768695,1840.6752490464216
2023-05-14,19,1,S19_D01,global_gbm,0.08592080170290216,8.722115601412348,2170.2462422339636
2023-05-14,19,2,S19_D02,seasonal_naive,0.10561968965509003,9.634576230751343,6437.575762030884
2023-05-14,19,2,S19_D02,holt_winters,0.08451962659849868,7.7810075866399515,5186.784276606202
2023-05-14,19,2,S19_D02,global_gbm,0.07692529663226452,7.525692282008042,4041.1997299292807
2023-05-14,19,3,S19_D03,seasonal_naive,0.047791564441214546,4.884253313790212,2825.793740812042
2023-05-14,19,3,S19_D03,holt_winters,0.02892535236968124,2.9351671951192553,1596.3974631941508
2023-05-14,19,3,S19_D03,global_gbm,0.03073035652102547,3.0925076899048656,1820.7282701383979
2023-05-14,19,4,S19_D04,seasonal_naive,0.061300203836288564,6.067530416428228,954.3092347216392
2023-05-14,19,4,S19_D04,holt_winters,0.08996592333563011,8.966329155919459,1350.8394693875207
2023-05-14,19,4,S19_D04,global_gbm,0.05508209786769425,5.435830459827634,883.4087239444572
2023-05-14,19,5,S19_D05,seasonal_naive,0.11565392410841345,10.853526036655893,4644.150279825148
2023-05-14,19,5,S19_D05,holt_winters,0.10282164036421758,9.745563899497112,4000.5576970217535
2023-05-14,19,5,S19_D05,global_gbm,0.0871228125341926,9.349000769278902,3359.2451348325217
2023-05-14,19,6,S19_D06,seasonal_naive,0.06069081527339424,5.995037099631622,3054.5821538796436
2023-05-14,19,6,S19_D06,holt_winters,0.048019086003808976,4.782962713331868,2399.605700610789
2023-05-14,19,6,S19_D06,global_gbm,0.05991568852299521,5.86347485411064,3189.873564014191
2023-05-14,19,7,S19_D07,seasonal_naive,0.04898659367584145,4.804892666297354,2961.915573134217
2023-05-14,19,7,S19_D07,holt_winters,0.048420050938261454,4.766800160737292,2653.6705663711073
2023-05-14,19,7,S19_D07,global_gbm,0.051034836630281695,5.2688888604408,2835.3295598665463
2023-05-14,19,8,S19_D08,seasonal_naive,0.10545634089958662,10.452608112358806,1205.9986745950423
2023-05-14,19,8,S19_D08,holt_winters,0.08444483165912786,8.187942716822565,1104.6521035471546
2023-05-14,19,8,S19_D08,global_gbm,0.049263309041502265,4.873054403863877,601.9263942452466
2023-05-14,19,9,S19_D09,seasonal_naive,0.05397962194198168,5.217662267191359,2277.6086449415543
2023-05-14,19,9,S19_D09,holt_winters,0.12378607369108174,12.807049201916913,4449.139508125213
2023-05-14,19,9,S19_D09,global_gbm,0.03872203567329176,3.817068456666904,1355.405819287692
2023-05-14,19,10,S19_D10,seasonal_naive,0.08274666025183294,8.122894560716357,1166.7139056394672
2023-05-14,19,10,S19_D10,holt_winters,0.03956820132529084,3.9548419885204127,471.6402736242763
2023-05-14,19,10,S19_D10,global_gbm,0.05516197831259835,5.618475119642122,645.2381830358705
2023-05-14,19,11,S19_D11,seasonal_naive,0.05455283282460766,5.530117121034242,2262.788282846519
2023-05-14,19,11,S19_D11,holt_winters,0.12332033962665985,12.491681143222763,4747.615011059516
2023-05-14,19,11,S19_D11,global_gbm,0.04740019871094645,4.78645676953732,1973.271682235014
2023-05-14,19,12,S19_D12,seasonal_naive,0.05774278351268024,5.834167320101299,953.8906078136001
2023-05-14,19,12,S19_D12,holt_winters,0.10646688138288288,10.534667391446767,2132.491514229899
2023-05-14,19,12,S19_D12,global_gbm,0.04727136016758103,4.698452559749417,875.2927599524838
2023-05-14,20,1,S20_D01,seasonal_naive,0.06282108204335733,6.4473832004203455,1362.1732191979097
2023-05-14,20,1,S20_D01,holt_winters,0.03402884892782747,3.6718914743823357,1032.9198464257784
2023-05-14,20,1,S20_D01,global_gbm,0.06688904871762663,7.184657812281397,1749.2032026840918
2023-05-14,20,2,S20_D02,seasonal_naive,0.06942300386143067,6.9484802036865565,2458.1337732337724
2023-05-14,20,2,S20_D02,holt_winters,0.21545465308527986,21.853501926173447,7130.260104205542
2023-05-14,20,2,S20_D02,global_gbm,0.06544948642116735,6.484936267169419,2593.439679114541
2023-05-14,20,3,S20_D03,seasonal_naive,0.07042555582060764,7.225030980578414,4172.056810486287
2023-05-14,20,3,S20_D03,holt_winters,0.03619995458569359,3.686552997273138,2060.691776253521
2023-05-14,20,3,S20_D03,global_gbm,0.026091019874738462,2.658004041295799,1475.5024024332881
2023-05-14,20,4,S20_D04,seasonal_naive,0.05428914326334636,5.518957341570432,705.532325473114
2023-05-14,20,4,S20_D04,holt_winters,0.0798979261444064,7.821975263085995,975.2233345923511
2023-05-14,20,4,S20_D04,global_gbm,0.0591250814643435,6.067066960539778,702.8466814577545
2023-05-14,20,5,S20_D05,seasonal_naive,0.0431835938932405,4.3139477751570965,1355.9166807920026
2023-05-14,20,5,S20_D05,holt_winters,0.022510932158545414,2.2493994824473544,783.2560780367952
2023-05-14,20,5,S20_D05,global_gbm,0.021332473728696438,2.126128026345343,594.9666184587086
2023-05-14,20,6,S20_D06,seasonal_naive,0.06640678415691327,6.643835223969215,2669.886850783662
2023-05-14,20,6,S20_D06,holt_winters,0.101942773669197,10.510083811256822,7355.019323209127
2023-05-14,20,6,S20_D06,global_gbm,0.07295435191355923,7.201003222070989,2787.4750260210126
2023-05-14,20,7,S20_D07,seasonal_naive,0.0694874369364363,6.902250275905283,3055.9361257865808
2023-05-14,20,7,S20_D07,holt_winters,0.18807920511165585,18.378137760535846,8620.362848423854
2023-05-14,20,7,S20_D07,global_gbm,0.08301177187821851,8.188718108737529,3588.7987736109853
2023-05-14,20,8,S20_D08,seasonal_naive,0.058166133949705406,5.793330131061797,521.4440854132879
2023-05-14,20,8,S20_D08,holt_winters,0.034619138904403816,3.410022654800758,353.7875643165712
2023-05-14,20,8,S20_D08,global_gbm,0.0999350782365734,10.18964728135284,905.1242404844794
2023-05-14,20,9,S20_D09,seasonal_naive,0.055114113614581774,5.463676194600227,1802.1152730055876
2023-05-14,20,9,S20_D09,holt_winters,0.13103591368159687,13.612076955532594,3841.9720043735465
2023-05-14,20,9,S20_D09,global_gbm,0.03781919269029931,3.6728416980270997,1210.947980490981
2023-05-14,20,10,S20_D10,seasonal_naive,0.06968666024972897,6.631544761385298,711.85906059416
2023-05-14,20,10,S20_D10,holt_winters,0.045424589991914024,4.649766326120799,469.4219765183101
2023-05-14,20,10,S20_D10,global_gbm,0.11242906808382132,11.904664591026794,1097.4233786090774
2023-05-14,20,11,S20_D11,seasonal_naive,0.08425771057126775,8.392970321351825,2605.7902343746896
2023-05-14,20,11,S20_D11,holt_winters,0.1896485740425885,19.485149647369276,5583.790298163644
2023-05-14,20,11,S20_D11,global_gbm,0.07237901336149419,7.2909615673770745,2106.7210569211197
2023-05-14,20,12,S20_D12,seasonal_naive,0.1401239529592733,14.118706275973846,2011.9863875067595
2023-05-14,20,12,S20_D12,holt_winters,0.074676368330485,7.0876509547346505,1220.65087922714
2023-05-14,20,12,S20_D12,global_gbm,0.14585229845667766,14.963726798775474,1845.9621461841516
2023-07-09,1,1,S01_D01,seasonal_naive,0.07258534382422852,7.3552109245185235,1811.0650182282245
2023-07-09,1,1,S01_D01,holt_winters,0.07153650959120626,7.118301253158306,1842.1292230490515
2023-07-09,1,1,S01_D01,global_gbm,0.07629193509427008,7.784892164126231,1700.3813907588521
2023-07-09,1,2,S01_D02,seasonal_naive,0.09638029263291688,9.502976297519613,4698.5709179201485
2023-07-09,1,2,S01_D02,holt_winters,0.08990734519574148,8.95835249968601,5097.501690753374
2023-07-09,1,2,S01_D02,global_gbm,0.049853994419875924,4.991351363612495,1946.7176931137167
2023-07-09,1,3,S01_D03,seasonal_naive,0.08115791783770729,8.196343752648797,4268.341870341748
2023-07-09,1,3,S01_D03,holt_winters,0.08770598133157981,8.628983771358335,3882.53147601183
2023-07-09,1,3,S01_D03,global_gbm,0.10961527416749224,11.0796770254042,4084.097247567371
2023-07-09,1,4,S01_D04,seasonal_naive,0.06270038288807728,5.947303994351287,962.2841002011832
2023-07-09,1,4,S01_D04,holt_winters,0.0451895297742619,4.4218519574723665,603.9338934186995
2023-07-09,1,4,S01_D04,global_gbm,0.16540853581501697,16.899696883738784,1750.3619700072218
2023-07-09,1,5,S01_D05,seasonal_naive,0.08942935376205884,8.846478235128428,2633.931302290836
2023-07-09,1,5,S01_D05,holt_winters,0.10269795047988478,10.297257261354966,3241.472854935388
2023-07-09,1,5,S01_D05,global_gbm,0.122004725174667,12.291327315866543,2884.707856615479
2023-07-09,1,6,S01_D06,seasonal_naive,0.08720255945764972,8.467594350112781,3663.676260765954
2023-07-09,1,6,S01_D06,holt_winters,0.1172036009870027,11.753323140509137,4738.292125146084
2023-07-09,1,6,S01_D06,global_gbm,0.07464470244926225,7.823550350950076,3072.3967095085577
2023-07-09,1,7,S01_D07,seasonal_naive,0.06407831169614878,6.597790517687144,2748.830857657944
2023-07-09,1,7,S01_D07,holt_winters,0.03848563315120072,3.8683299400219084,1723.8183589195373
2023-07-09,1,7,S01_D07,global_gbm,0.06408003857581372,6.627647439115628,2741.82035160821
2023-07-09,1,8,S01_D08,seasonal_naive,0.09632683273701059,9.472683302288882,905.383362911811
2023-07-09,1,8,S01_D08,holt_winters,0.091532872118555,9.236135987476985,791.2669758865433
2023-07-09,1,8,S01_D08,global_gbm,0.3104047463329866,31.659997921678553,2666.4646605296116
2023-07-09,1,9,S01_D09,seasonal_naive,0.05896071508473404,5.588242368063958,2127.7017127877675
2023-07-09,1,9,S01_D09,holt_winters,0.10266156361627712,10.508701482888355,3014.933000607803
2023-07-09,1,9,S01_D09,global_gbm,0.054789666202104854,5.5693375426853775,1455.542622614626
2023-07-09,1,10,S01_D10,seasonal_naive,0.13015542764431237,12.934322849031716,1184.9997360970167
2023-07-09,1,10,S01_D10,holt_winters,0.11740682149689836,11.679309466222595,1158.157594514469
2023-07-09,1,10,S01_D10,global_gbm,0.38533494886486674,40.271273335801894,3482.1236977003628
2023-07-09,1,11,S01_D11,seasonal_naive,0.12049438973071794,11.70452308094955,6113.720064721233
2023-07-09,1,11,S01_D11,holt_winters,0.26699164229752537,26.919859414511226,9055.872565025087
2023-07-09,1,11,S01_D11,global_gbm,0.11594602284782594,11.744814516940306,3298.24290356671
2023-07-09,1,12,S01_D12,seasonal_naive,0.11657863520177955,11.77999384643299,2142.7862845195264
2023-07-09,1,12,S01_D12,holt_winters,0.10907815450017028,10.76186051967864,1380.6160463620943
2023-07-09,1,12,S01_D12,global_gbm,0.15785145383099347,15.919080797433274,2086.4642474251204
2023-07-09,2,1,S02_D01,seasonal_naive,0.10620532600730385,10.654863078324006,3470.418882253265
2023-07-09,2,1,S02_D01,holt_winters,0.07007959167120346,6.8962244158738555,2457.139673481372
2023-07-09,2,1,S02_D01,global_gbm,0.3975357446426899,39.957675732678894,12583.395512805993
2023-07-09,2,2,S02_D02,seasonal_naive,0.1416768653248513,14.359868698282618,13702.686818983258
2023-07-09,2,2,S02_D02,holt_winters,0.11805478804968929,12.01194266340955,11285.307712611895
2023-07-09,2,2,S02_D02,global_gbm,0.1583949391654875,15.977991460791507,9187.318773039404
2023-07-09,2,3,S02_D03,seasonal_naive,0.08392992768456646,8.173832898431465,9093.26571017599
2023-07-09,2,3,S02_D03,holt_winters,0.32959506408081424,32.97546611857763,21213.490937583774
2023-07-09,2,3,S02_D03,global_gbm,0.3466165810866253,34.79698835153811,21735.795450232334
2023-07-09,2,4,S02_D04,seasonal_naive,0.041052146441072655,3.9785285352573614,927.9883967687849
2023-07-09,2,4,S02_D04,holt_winters,0.062020612899110115,6.045480239862169,1285.8791965732703
2023-07-09,2,4,S02_D04,global_gbm,0.5910856449367119,58.319109364777944,10996.609715289744
2023-07-09,2,5,S02_D05,seasonal_naive,0.052604216664909324,5.2784402394395995,2204.8233531878454
2023-07-09,2,5,S02_D05,holt_winters,0.08748260516679324,8.685358127655862,4909.387779960917
2023-07-09,2,5,S02_D05,global_gbm,0.28781773207851785,28.65417938223993,11679.154792929377
2023-07-09,2,6,S02_D06,seasonal_naive,0.10364037779572988,10.487757416512125,7743.876259003789
2023-07-09,2,6,S02_D06,holt_winters,0.1417785843575892,14.803325352666766,11455.763378360767
2023-07-09,2,6,S02_D06,global_gbm,0.1823936020213782,18.90365018344435,12571.988773691173
2023-07-09,2,7,S02_D07,seasonal_naive,0.03153055837975944,2.9117747423871547,3140.8578884896224
2023-07-09,2,7,S02_D07,holt_winters,0.060703297907420274,5.95980605523787,4517.322827261158
2023-07-09,2,7,S02_D07,global_gbm,0.2049395812981005,20.824646028833836,12733.273649093479
2023-07-09,2,8,S02_D08,seasonal_naive,0.09545336062971183,9.513899574463403,1369.664094385919
2023-07-09,2,8,S02_D08,holt_winters,0.13850271820638732,14.120008597590806,2060.8166523039217
2023-07-09,2,8,S02_D08,global_gbm,0.8937746008193392,90.3772062190106,12939.288292916672
2023-07-09,2,9,S02_D09,seasonal_naive,0.05008547873496172,5.007919356156706,2571.9253085699243
2023-07-09,2,9,S02_D09,holt_winters,0.20353082963923547,20.570238611268575,10524.800867312048
2023-07-09,2,9,S02_D09,global_gbm,0.23251857372201595,23.1814590954833,9665.915378483416
2023-07-09,2,10,S02_D10,seasonal_naive,0.11181142315096473,11.1901401153669,1850.1555520279912
2023-07-09,2,10,S02_D10,holt_winters,0.10337042826786484,10.477936711643258,1899.012741378516
2023-07-09,2,10,S02_D10,global_gbm,1.0311633031650067,103.56745644170337,14093.077680154378
2023-07-09,2,11,S02_D11,seasonal_naive,0.9691963356432269,95.92440811195829,97158.45612217826
2023-07-09,2,11,S02_D11,holt_winters,0.4231287910710602,41.99961281740003,38684.144522588766
2023-07-09,2,11,S02_D11,global_gbm,0.2230579224616795,22.32822498720399,9839.809460561135
2023-07-09,2,12,S02_D12,seasonal_naive,0.10710541928440917,10.636995920244548,2592.310005641687
2023-07-09,2,12,S02_D12,holt_winters,0.07066562903959604,6.990797385496163,2143.845223765214
2023-07-09,2,12,S02_D12,global_gbm,0.5717881717740406,57.04664854749614,11787.639305146276
2023-07-09,3,1,S03_D01,seasonal_naive,0.09176895945028186,8.939346350921918,2785.551775084247
2023-07-09,3,1,S03_D01,holt_winters,0.08794641614147451,8.597018983302954,2587.9820991937568
2023-07-09,3,1,S03_D01,global_gbm,0.04309979893421246,4.241837722458916,1374.687732887582
2023-07-09,3,2,S03_D02,seasonal_naive,0.09009096854226817,8.862918927645602,7171.632894195887
2023-07-09,3,2,S03_D02,holt_winters,0.11426969728157994,11.401955507499997,8034.84963675889
2023-07-09,3,2,S03_D02,global_gbm,0.039295109919252884,3.9726585033602095,1839.9813582051102
2023-07-09,3,3,S03_D03,seasonal_naive,0.15811128219526474,15.472208645289065,9047.853563899147
2023-07-09,3,3,S03_D03,holt_winters,0.09362132824785396,9.197214473383426,5925.402945934946
2023-07-09,3,3,S03_D03,global_gbm,0.054574861163429515,5.380411277898984,3029.9689981802185
2023-07-09,3,4,S03_D04,seasonal_naive,0.06599456043768716,6.570938397904687,1030.5530099296202
2023-07-09,3,4,S03_D04,holt_winters,0.12157824219200378,12.174656501908704,3103.972432500493
2023-07-09,3,4,S03_D04,global_gbm,0.05674757013419995,5.484898042146886,970.6684821471295
2023-07-09,3,5,S03_D05,seasonal_naive,0.0774792069744014,7.641557907590757,2831.0035551726173
2023-07-09,3,5,S03_D05,holt_winters,0.07603545782193649,7.500749499188028,3352.252659369844
2023-07-09,3,5,S03_D05,global_gbm,0.02521134024622956,2.5770965895385607,1054.2256089336456
2023-07-09,3,6,S03_D06,seasonal_naive,0.0724337363714893,7.166974240711708,5037.0021105378255
2023-07-09,3,6,S03_D06,holt_winters,0.07391710675474432,7.354850378368388,5838.270411859029
2023-07-09,3,6,S03_D06,global_gbm,0.03476106473083982,3.6293106392634793,2206.0926118781167
2023-07-09,3,7,S03_D07,seasonal_naive,0.04396781807866815,4.362068631148731,2292.9042717234174
2023-07-09,3,7,S03_D07,holt_winters,0.04043231605637889,3.917845238820801,2565.004970271894
2023-07-09,3,7,S03_D07,global_gbm,0.03459493961436295,3.4110570460033394,2072.744408582302
2023-07-09,3,8,S03_D08,seasonal_naive,0.07744434967504776,7.798519045805471,1090.9787152483775
2023-07-09,3,8,S03_D08,holt_winters,0.10966806794442441,11.25322481764602,1398.6337188466864
2023-07-09,3,8,S03_D08,global_gbm,0.05267615852473815,5.369669193393483,717.0902072089623
2023-07-09,3,9,S03_D09,seasonal_naive,0.027287505896600568,2.688132733785199,1201.7287918817194
2023-07-09,3,9,S03_D09,holt_winters,0.14544319668019579,14.55949551764334,4952.409809976165
2023-07-09,3,9,S03_D09,global_gbm,0.036759308587149354,3.7410158021665474,1371.8871690446413
2023-07-09,3,10,S03_D10,seasonal_naive,0.12631420039413666,12.46470270714827,1645.9693529498045
2023-07-09,3,10,S03_D10,holt_winters,0.14446542501246729,14.204815717025971,2079.769698615564
2023-07-09,3,10,S03_D10,global_gbm,0.03880642179216779,3.8223307388293986,516.7425143018319
2023-07-09,3,11,S03_D11,seasonal_naive,0.12273080103884045,12.131822135276668,5530.583457656163
2023-07-09,3,11,S03_D11,holt_winters,0.25698737313386627,25.66996355312868,11601.499538344
2023-07-09,3,11,S03_D11,global_gbm,0.06251517990645726,6.143598870895473,2549.5844610906147
2023-07-09,3,12,S03_D12,seasonal_naive,0.08267813405539494,8.459178033517144,2599.8958679651955
2023-07-09,3,12,S03_D12,holt_winters,0.07194489596504272,7.282155875402949,1764.6063531663913
2023-07-09,3,12,S03_D12,global_gbm,0.037182072990003825,3.7139305723484526,659.6435573055509
2023-07-09,4,1,S04_D01,seasonal_naive,0.06777525575673243,6.570146526458871,2256.559316719816
2023-07-09,4,1,S04_D01,holt_winters,0.06814830696933072,6.5980814868188995,2155.5969499712755
2023-07-09,4,1,S04_D01,global_gbm,0.14638705843641805,14.941513468790783,4389.764837760871
2023-07-09,4,2,S04_D02,seasonal_naive,0.08507055630820118,8.753323402069512,7048.817482279386
2023-07-09,4,2,S04_D02,holt_winters,0.09453518508262174,9.77389560705538,8863.221348081155
2023-07-09,4,2,S04_D02,global_gbm,0.08556176200339922,8.735505085437088,4681.097729827709
2023-07-09,4,3,S04_D03,seasonal_naive,0.07635622022471689,7.437835624753592,5625.845827371206
2023-07-09,4,3,S04_D03,holt_winters,0.07281634656823847,6.981881920657034,5630.731894458056
2023-07-09,4,3,S04_D03,global_gbm,0.02816847024772758,2.866372639931986,1801.984297455971
2023-07-09,4,4,S04_D04,seasonal_naive,0.10293903133386301,10.314991537276251,1822.5233364486726
2023-07-09,4,4,S04_D04,holt_winters,0.10569947224115446,10.934226269971667,1995.3974480633062
2023-07-09,4,4,S04_D04,global_gbm,0.4755329301216336,47.532156838391835,7967.1026054646845
2023-07-09,4,5,S04_D05,seasonal_naive,0.07264458285107635,7.130068623518901,3499.8235063428547
2023-07-09,4,5,S04_D05,holt_winters,0.13270041217103165,13.250683186851575,5388.004418130334
2023-07-09,4,5,S04_D05,global_gbm,0.17433110020053189,17.62123131676761,5844.303657181433
2023-07-09,4,6,S04_D06,seasonal_naive,0.05867721959876375,5.830358215866608,3476.835062360955
2023-07-09,4,6,S04_D06,holt_winters,0.12829690455519407,12.721261120173319,7223.266859123208
2023-07-09,4,6,S04_D06,global_gbm,0.08099704463726702,8.417655189711528,4497.253115975197
2023-07-09,4,7,S04_D07,seasonal_naive,0.07350516670016179,7.3704524933167646,4333.828361277415
2023-07-09,4,7,S04_D07,holt_winters,0.05715934779601612,5.6383555738846045,3630.115919379656
2023-07-09,4,7,S04_D07,global_gbm,0.051552761292383016,5.19022838297387,3377.2094492071146
2023-07-09,4,8,S04_D08,seasonal_naive,0.10989171194428188,10.71272545037392,1621.060606639986
2023-07-09,4,8,S04_D08,holt_winters,0.08623339033252647,8.863159381872586,1341.7329244429106
2023-07-09,4,8,S04_D08,global_gbm,0.35257700190210434,36.11370651637926,4977.354065875016
2023-07-09,4,9,S04_D09,seasonal_naive,0.053992704229801146,5.295025827404774,2389.5130662909123
2023-07-09,4,9,S04_D09,holt_winters,0.10354791689184602,10.433412861339747,3901.0230794501113
2023-07-09,4,9,S04_D09,global_gbm,0.12009484285726385,12.125518790107186,4522.441910609977
2023-07-09,4,10,S04_D10,seasonal_naive,0.2396037499931274,144.74045975748166,4641.369591674961
2023-07-09,4,10,S04_D10,holt_winters,0.20703601883188705,132.5387114118726,4284.413365192231
2023-07-09,4,10,S04_D10,global_gbm,0.5554342641818928,189.83656685881024,6482.678045929219
2023-07-09,4,11,S04_D11,seasonal_naive,0.09234329358455816,8.927297690771068,5307.128106564556
2023-07-09,4,11,S04_D11,holt_winters,0.1745003467272201,17.041664755624318,8409.711094419537
2023-07-09,4,11,S04_D11,global_gbm,0.11879146226161587,11.94620284149714,4695.809170840725
2023-07-09,4,12,S04_D12,seasonal_naive,0.09109360733709186,9.276964470595331,2319.7499397618267
2023-07-09,4,12,S04_D12,holt_winters,0.08807153739211682,8.90135176561948,1990.011072861978
2023-07-09,4,12,S04_D12,global_gbm,0.2576752755029037,26.012327734075186,4345.927750638609
2023-07-09,5,1,S05_D01,seasonal_naive,0.08724087549965863,8.405530852613404,2133.2606491003394
2023-07-09,5,1,S05_D01,holt_winters,0.10929452554781668,11.082274409721501,2843.855205909546
2023-07-09,5,1,S05_D01,global_gbm,0.05516163816477234,5.675287066722569,1527.2589903478465
2023-07-09,5,2,S05_D02,seasonal_naive,0.14055106797868017,13.633866330966676,6518.204396525742
2023-07-09,5,2,S05_D02,holt_winters,0.147068764802633,14.62245199578679,6517.661783416045
2023-07-09,5,2,S05_D02,global_gbm,0.06970187828383552,7.419804483590308,3357.581199698561
2023-07-09,5,3,S05_D03,seasonal_naive,0.1337436533436707,12.992996994580942,6541.253724197297
2023-07-09,5,3,S05_D03,holt_winters,0.08388137902104675,8.04705887042553,4451.422903153991
2023-07-09,5,3,S05_D03,global_gbm,0.06230743420125401,6.283200838765339,3235.387889904934
2023-07-09,5,4,S05_D04,seasonal_naive,0.07782777493918688,7.664333289664051,1172.9107777181946
2023-07-09,5,4,S05_D04,holt_winters,0.08743851930291092,8.608524339293187,1101.0609604913004
2023-07-09,5,4,S05_D04,global_gbm,0.07178218568779438,7.011747430751389,950.9596596344957
2023-07-09,5,5,S05_D05,seasonal_naive,0.09651173565841341,9.698570985561952,2550.791419030572
2023-07-09,5,5,S05_D05,holt_winters,0.06857137932720257,6.874692567126855,2480.166968841774
2023-07-09,5,5,S05_D05,global_gbm,0.03007016063080866,3.003416279345885,876.2244497098288
2023-07-09,5,6,S05_D06,seasonal_naive,0.13210492928429293,13.14503888766001,5699.105700944446
2023-07-09,5,6,S05_D06,holt_winters,0.09602319760327566,9.590280016881499,5523.585185451288
2023-07-09,5,6,S05_D06,global_gbm,0.03834012773372217,3.7430177037505534,1898.762256589842
2023-07-09,5,7,S05_D07,seasonal_naive,0.09392125084890879,9.071466752834912,4861.949072753645
2023-07-09,5,7,S05_D07,holt_winters,0.08537187801755983,8.46999087956055,3713.619456019587
2023-07-09,5,7,S05_D07,global_gbm,0.09249527492746405,9.129193438049372,4080.1909566785635
2023-07-09,5,8,S05_D08,seasonal_naive,0.08751679499371146,8.694751162983563,877.1602523912036
2023-07-09,5,8,S05_D08,holt_winters,0.0862795280171196,8.916690419561386,1009.113496053562
2023-07-09,5,8,S05_D08,global_gbm,0.09273669099676458,9.512602761491195,1019.7906723428237
2023-07-09,5,9,S05_D09,seasonal_naive,0.07528103004741193,7.5271678195742915,2172.815665872855
2023-07-09,5,9,S05_D09,holt_winters,0.07555611985415168,7.209320750011043,2588.699117574475
2023-07-09,5,9,S05_D09,global_gbm,0.06119946856472431,6.120060327757322,1701.6809337589211
2023-07-09,5,10,S05_D10,seasonal_naive,0.058935660586589195,5.55724156269612,727.6537456699442
2023-07-09,5,10,S05_D10,holt_winters,0.05425781967029547,5.072000168279795,679.1503287672482
2023-07-09,5,10,S05_D10,global_gbm,0.05090363619636547,5.338164462216135,551.4835152839505
2023-07-09,5,11,S05_D11,seasonal_naive,0.126782934194393,12.32233560365687,4617.27493549496
2023-07-09,5,11,S05_D11,holt_winters,0.22854721252141497,22.833377412231055,8524.241079232
2023-07-09,5,11,S05_D11,global_gbm,0.08492912608815718,8.897896420787493,3095.772066517412
2023-07-09,5,12,S05_D12,seasonal_naive,0.059863316054416936,5.656202393165242,1022.8794824721537
2023-07-09,5,12,S05_D12,holt_winters,0.08752992387523852,8.594451720777723,1287.1911107128512
2023-07-09,5,12,S05_D12,global_gbm,0.0652122225014947,6.4010121118824665,925.9596639607331
2023-07-09,6,1,S06_D01,seasonal_naive,0.13649782227346996,13.807979849375998,2830.1525406327482
2023-07-09,6,1,S06_D01,holt_winters,0.08997430002007377,9.033929160544938,2013.2466106920608
2023-07-09,6,1,S06_D01,global_gbm,0.045904804683493276,4.597288443725395,760.234316660898
2023-07-09,6,2,S06_D02,seasonal_naive,0.3682260238894474,20.450344738167068,30437.141760333907
2023-07-09,6,2,S06_D02,holt_winters,0.3761244770779458,21.056535617852028,30939.76052331431
2023-07-09,6,2,S06_D02,global_gbm,0.32704378452595423,13.567715913899525,31478.865807254504
2023-07-09,6,3,S06_D03,seasonal_naive,0.11910678671123899,11.650630259605895,5571.603060739118
2023-07-09,6,3,S06_D03,holt_winters,0.0723651552250236,7.068184057289491,3184.699830260132
2023-07-09,6,3,S06_D03,global_gbm,0.04642088249158428,4.690878394816013,1847.8885008663349
2023-07-09,6,4,S06_D04,seasonal_naive,0.06550564348898102,6.78996930557606,650.852033875596
2023-07-09,6,4,S06_D04,holt_winters,0.087928533275146,8.601261624156804,870.8434958850677
2023-07-09,6,4,S06_D04,global_gbm,0.080180561996473,7.882795187521249,815.7503014241184
2023-07-09,6,5,S06_D05,seasonal_naive,0.08940533583897634,8.795078193101489,2346.0116246888037
2023-07-09,6,5,S06_D05,holt_winters,0.07847766916059484,7.708516084822384,1897.635682215856
2023-07-09,6,5,S06_D05,global_gbm,0.061038013362406635,6.0574223256854065,1457.0903437199647
2023-07-09,6,6,S06_D06,seasonal_naive,0.10995083722648251,11.260435151257663,4512.409020815545
2023-07-09,6,6,S06_D06,holt_winters,0.09264349216845241,9.33682367838344,4570.501125695427
2023-07-09,6,6,S06_D06,global_gbm,0.11480068460105494,11.88224504388823,3728.846963333008
2023-07-09,6,7,S06_D07,seasonal_naive,0.10566625944089383,10.645193133147849,4031.6602168198024
2023-07-09,6,7,S06_D07,holt_winters,0.16649195965044566,16.924217075068736,5470.307468738664
2023-07-09,6,7,S06_D07,global_gbm,0.10799022229591823,11.428897238641303,4093.131408740967
2023-07-09,6,8,S06_D08,seasonal_naive,0.06297868848946202,6.362347253162172,547.5520983888199
2023-07-09,6,8,S06_D08,holt_winters,0.054342605263846995,5.426059886941716,402.6253315067322
2023-07-09,6,8,S06_D08,global_gbm,0.03865118834294344,3.813763828855892,334.96110654824975
2023-07-09,6,9,S06_D09,seasonal_naive,0.04094794300706215,4.121972930810784,1039.6072168372048
2023-07-09,6,9,S06_D09,holt_winters,0.1355597458099388,13.619113626816024,2869.365897084181
2023-07-09,6,9,S06_D09,global_gbm,0.05451016420926936,5.401385999596113,1161.1441525710518
2023-07-09,6,10,S06_D10,seasonal_naive,0.08947888756211965,8.860648219835038,764.7716298755465
2023-07-09,6,10,S06_D10,holt_winters,0.08734966695676195,8.60939586707779,707.5058989252063
2023-07-09,6,10,S06_D10,global_gbm,0.05548391937149329,5.514579657024801,442.89968857292075
2023-07-09,6,11,S06_D11,seasonal_naive,0.14614771951852257,14.443519104585057,4008.3976241432806
2023-07-09,6,11,S06_D11,holt_winters,0.24397558403067987,24.175297613509777,6299.837685687547
2023-07-09,6,11,S06_D11,global_gbm,0.04134915755293663,4.1689143916520415,1128.0790196383052
2023-07-09,6,12,S06_D12,seasonal_naive,0.14770246171628787,14.732416980935314,1663.7419311299457
2023-07-09,6,12,S06_D12,holt_winters,0.07498253332043364,7.264333624932279,955.4235239706686
2023-07-09,6,12,S06_D12,global_gbm,0.06284002986545238,6.189318236950354,683.5837788282582
2023-07-09,7,1,S07_D01,seasonal_naive,0.07604580679462336,7.276148413417315,2503.483089677261
2023-07-09,7,1,S07_D01,holt_winters,0.05844129845483837,5.5333972585417355,1944.9379307988522
2023-07-09,7,1,S07_D01,global_gbm,0.046133959623980675,4.4399085514029055,1420.1577364618188
2023-07-09,7,2,S07_D02,seasonal_naive,0.09531219042126768,9.547535619895353,5809.368553304654
2023-07-09,7,2,S07_D02,holt_winters,0.08511777532359258,8.64427485706286,6521.54017382822
2023-07-09,7,2,S07_D02,global_gbm,0.04240643991682974,4.193085439575235,1813.2596088675036
2023-07-09,7,3,S07_D03,seasonal_naive,0.12845381696558444,12.541774289043788,7404.527336159783
2023-07-09,7,3,S07_D03,holt_winters,0.16097361145067887,15.735599743694717,8035.42043258606
2023-07-09,7,3,S07_D03,global_gbm,0.09489802605711142,9.574769470410269,4886.872292739686
2023-07-09,7,4,S07_D04,seasonal_naive,0.06361597807696481,6.351507378224319,975.1696658658943
2023-07-09,7,4,S07_D04,holt_winters,0.09376880709048348,9.187327239972465,1445.260940988701
2023-07-09,7,4,S07_D04,global_gbm,0.07819585582179303,7.716389532051786,1077.5528797042416
2023-07-09,7,5,S07_D05,seasonal_naive,0.08405847960025332,8.575747141222697,3808.692579178255
2023-07-09,7,5,S07_D05,holt_winters,0.11606747836019647,11.890851560404375,5153.188260973929
2023-07-09,7,5,S07_D05,global_gbm,0.0759751160568002,7.721978093105636,2407.435280907118
2023-07-09,7,6,S07_D06,seasonal_naive,0.07856843035769827,7.988902091539921,4279.900643721185
2023-07-09,7,6,S07_D06,holt_winters,0.137185002337894,13.86435369375314,7534.549430380927
2023-07-09,7,6,S07_D06,global_gbm,0.04779440644886661,4.741053485100714,2196.5941570347013
2023-07-09,7,7,S07_D07,seasonal_naive,0.10172233037286632,10.22992845128408,5600.405651467356
2023-07-09,7,7,S07_D07,holt_winters,0.08086286198385034,7.945440620854289,4195.562963489557
2023-07-09,7,7,S07_D07,global_gbm,0.06900056600706515,6.905089910993476,3597.4192709196236
2023-07-09,7,8,S07_D08,seasonal_naive,0.04273268894196114,4.176317649464752,582.0004230024241
2023-07-09,7,8,S07_D08,holt_winters,0.13821485261081418,13.998266653711728,1505.9535775932932
2023-07-09,7,8,S07_D08,global_gbm,0.19242929267789943,19.565076438071774,2123.512687502569
2023-07-09,7,9,S07_D09,seasonal_naive,0.06027258296550159,6.142425277787502,2250.854234671251
2023-07-09,7,9,S07_D09,holt_winters,0.19952107646168088,20.002072797334886,6030.555047856198
2023-07-09,7,9,S07_D09,global_gbm,0.048596126073045864,5.001866870736174,1723.98193491919
2023-07-09,7,10,S07_D10,seasonal_naive,0.11122174548064002,11.3899775114187,1626.9632793528253
2023-07-09,7,10,S07_D10,holt_winters,0.08979880843913471,9.185770586383846,1412.0669132463029
2023-07-09,7,10,S07_D10,global_gbm,0.04699054911640063,4.671948735296987,498.1966211233328
2023-07-09,7,11,S07_D11,seasonal_naive,0.10938116048164158,10.990415327988089,5472.393071963581
2023-07-09,7,11,S07_D11,holt_winters,0.25076448062859963,25.28224448711524,10042.196537758313
2023-07-09,7,11,S07_D11,global_gbm,0.06340238901008749,6.431149541203153,2361.519990002864
2023-07-09,7,12,S07_D12,seasonal_naive,0.26924954655365646,72.22830683184341,7223.61232416649
2023-07-09,7,12,S07_D12,holt_winters,0.27634571669370944,72.45378447928866,7247.422411667555
2023-07-09,7,12,S07_D12,global_gbm,0.2500585391723471,65.59405247039277,6523.233182892982
2023-07-09,8,1,S08_D01,seasonal_naive,0.08064118384368786,7.980176938674152,2183.7586851687624
2023-07-09,8,1,S08_D01,holt_winters,0.08452815734647993,8.256413302771213,2172.5891431219816
2023-07-09,8,1,S08_D01,global_gbm,0.06236885283204878,6.124198931248532,1546.037363774389
2023-07-09,8,2,S08_D02,seasonal_naive,0.11446056266413877,11.116173405183183,6879.601860007054
2023-07-09,8,2,S08_D02,holt_winters,0.10824664998377748,10.55797879346055,7156.621811759423
2023-07-09,8,2,S08_D02,global_gbm,0.04228118302364227,4.205525983211705,1630.1401401800058
2023-07-09,8,3,S08_D03,seasonal_naive,0.07610084037972925,7.296375204348903,4940.300895107503
2023-07-09,8,3,S08_D03,holt_winters,0.09364063452111851,9.087242549665378,5168.564482524996
2023-07-09,8,3,S08_D03,global_gbm,0.04666125284100754,4.620820067532028,2416.665011938563
2023-07-09,8,4,S08_D04,seasonal_naive,0.10644304425045102,10.079624867300376,1756.7042124956606
2023-07-09,8,4,S08_D04,holt_winters,0.16251689828255617,15.187502005057102,2578.0404923303004
2023-07-09,8,4,S08_D04,global_gbm,0.05646871376295651,5.328159136484888,1133.5572777610532
2023-07-09,8,5,S08_D05,seasonal_naive,0.09189526995296686,9.107947170891508,3736.3008309071556
2023-07-09,8,5,S08_D05,holt_winters,0.06750400034687341,6.774430570253916,3175.0462185597585
2023-07-09,8,5,S08_D05,global_gbm,0.03398292871416162,3.314489307707469,1206.5957356020886
2023-07-09,8,6,S08_D06,seasonal_naive,0.14210634992619858,13.61815284284837,6926.996101580576
2023-07-09,8,6,S08_D06,holt_winters,0.13009407993933483,12.865527588253606,6149.895043500511
2023-07-09,8,6,S08_D06,global_gbm,0.08053154167817139,8.034993128749564,3691.079859883786
2023-07-09,8,7,S08_D07,seasonal_naive,0.08582493896878811,8.713838734612194,4759.538179202631
2023-07-09,8,7,S08_D07,holt_winters,0.07868969656597057,7.791285058192043,4075.6443504939066
2023-07-09,8,7,S08_D07,global_gbm,0.051191234346652494,5.259678887438881,2588.052004092145
2023-07-09,8,8,S08_D08,seasonal_naive,0.06675217553044663,6.692480652975265,752.8884584634699
2023-07-09,8,8,S08_D08,holt_winters,0.10492219167011702,10.690426684241057,1130.8156628906918
2023-07-09,8,8,S08_D08,global_gbm,0.05481684283732537,5.562131152950112,518.6785789606861
2023-07-09,8,9,S08_D09,seasonal_naive,0.07254929730976828,7.220589675431014,2627.355930543576
2023-07-09,8,9,S08_D09,holt_winters,0.149531252420367,14.931890016309984,4667.349294881588
2023-07-09,8,9,S08_D09,global_gbm,0.05638720994282938,5.595872657474272,1788.6919723992564
2023-07-09,8,10,S08_D10,seasonal_naive,0.10133304593910947,10.141709322613696,1164.0574452105013
2023-07-09,8,10,S08_D10,holt_winters,0.08914453448505454,8.973188793992014,1174.4860463940577
2023-07-09,8,10,S08_D10,global_gbm,0.08748350472920152,8.637277458282185,829.9666870629254
2023-07-09,8,11,S08_D11,seasonal_naive,0.12877799519538377,12.398289370007184,6211.392979473283
2023-07-09,8,11,S08_D11,holt_winters,0.20056268844874875,19.789278783892712,7989.622961633212
2023-07-09,8,11,S08_D11,global_gbm,0.06267418385874601,6.249294657458333,2105.873485718195
2023-07-09,8,12,S08_D12,seasonal_naive,0.07808173653057376,7.670650938644822,1770.4640499068319
2023-07-09,8,12,S08_D12,holt_winters,0.10315628862370892,10.151520426421085,1544.2560408734553
2023-07-09,8,12,S08_D12,global_gbm,0.08456203866038371,8.309204102383932,1228.6348240406548
2023-07-09,9,1,S09_D01,seasonal_naive,0.1273399277812582,12.121297778880646,1346.5904046702547
2023-07-09,9,1,S09_D01,holt_winters,0.09869546025778984,9.36536488543698,1105.1276358137202
2023-07-09,9,1,S09_D01,global_gbm,0.04251998422085868,4.217226050811998,538.5801942738939
2023-07-09,9,2,S09_D02,seasonal_naive,0.10120172050807552,9.854166837735708,2202.78271560372
2023-07-09,9,2,S09_D02,holt_winters,0.15916514196444523,15.701949557201921,2660.7679069927935
2023-07-09,9,2,S09_D02,global_gbm,0.10855664811480233,10.76048796202868,1963.452253327696
2023-07-09,9,3,S09_D03,seasonal_naive,0.09029931366472792,8.890118899540559,2223.305551554936
2023-07-09,9,3,S09_D03,holt_winters,0.09627180380231458,9.360373046851358,2002.0998223584363
2023-07-09,9,3,S09_D03,global_gbm,0.07507456814968876,7.334751547765212,1429.4248873346546
2023-07-09,9,4,S09_D04,seasonal_naive,0.05341551318555313,5.302295195402521,300.3077284220302
2023-07-09,9,4,S09_D04,holt_winters,0.15627297815717636,15.49911018042083,777.6481339537225
2023-07-09,9,4,S09_D04,global_gbm,0.05752098921725648,5.8240144692461815,344.8699802793998
2023-07-09,9,5,S09_D05,seasonal_naive,0.05471159259827652,5.323571063023207,928.3914095156742
2023-07-09,9,5,S09_D05,holt_winters,0.06430663969524175,6.317574068923994,1055.6636410673527
2023-07-09,9,5,S09_D05,global_gbm,0.07284669763548546,7.156551230510227,857.6564611672152
2023-07-09,9,6,S09_D06,seasonal_naive,0.06359059291871394,6.258371425693044,1167.8468420077606
2023-07-09,9,6,S09_D06,holt_winters,0.1344073998245448,13.434451795308943,2704.6306098638106
2023-07-09,9,6,S09_D06,global_gbm,0.04782810599835973,4.626264847540338,948.974224747191
2023-07-09,9,7,S09_D07,seasonal_naive,0.06070983287015025,5.98719055939528,1150.7353743747954
2023-07-09,9,7,S09_D07,holt_winters,0.11809764384238304,11.849021407937135,3542.637297112894
2023-07-09,9,7,S09_D07,global_gbm,0.06394745664741784,6.1630496175041936,1333.5753105372692
2023-07-09,9,8,S09_D08,seasonal_naive,0.12615452539244312,12.514849202390732,558.0001215725672
2023-07-09,9,8,S09_D08,holt_winters,0.06348036420233232,6.386634443930704,277.4078842178453
2023-07-09,9,8,S09_D08,global_gbm,0.13195548695600423,13.252220605945803,547.4308180858566
2023-07-09,9,9,S09_D09,seasonal_naive,0.02897192803103024,2.867358343189292,409.08089080889613
2023-07-09,9,9,S09_D09,holt_winters,0.16508651372625735,16.627626610768427,2022.7628422791854
2023-07-09,9,9,S09_D09,global_gbm,0.05629123225623607,5.575589960409955,676.2767022824951
2023-07-09,9,10,S09_D10,seasonal_naive,0.12522480165799788,12.513157031749033,599.0470239680686
2023-07-09,9,10,S09_D10,holt_winters,0.07964182472378287,7.806419487840602,394.56588205650627
2023-07-09,9,10,S09_D10,global_gbm,0.08897049311836092,9.059502606548117,362.8665234128205
2023-07-09,9,11,S09_D11,seasonal_naive,0.11392444369532097,11.671027497354709,2583.2435084550198
2023-07-09,9,11,S09_D11,holt_winters,0.17200277067376815,17.61893729415999,3418.657443676937
2023-07-09,9,11,S09_D11,global_gbm,0.06580226943434292,6.472273021672289,930.3105574557713
2023-07-09,9,12,S09_D12,seasonal_naive,0.09648160089302357,9.443524401313692,699.5066462157456
2023-07-09,9,12,S09_D12,holt_winters,0.09041143327527795,8.813330507664615,617.3041803662396
2023-07-09,9,12,S09_D12,global_gbm,0.057363011284795734,5.806766577652792,398.6338808659209
2023-07-09,10,1,S10_D01,seasonal_naive,0.08705163920780015,8.505814937885567,4596.225656323892
2023-07-09,10,1,S10_D01,holt_winters,0.08343199114330632,8.255770638383602,4456.8899356232005
2023-07-09,10,1,S10_D01,global_gbm,0.052177123494388314,5.258066262916089,2545.849842037778
2023-07-09,10,2,S10_D02,seasonal_naive,0.1291535668187084,12.836101203532351,10144.695328584909
2023-07-09,10,2,S10_D02,holt_winters,0.0701563911301229,6.712312260441997,9190.67246977319
2023-07-09,10,2,S10_D02,global_gbm,0.04474140530542552,4.529265677522691,4287.356918831318
2023-07-09,10,3,S10_D03,seasonal_naive,0.1226287471267118,12.12168234752867,11598.682647230351
2023-07-09,10,3,S10_D03,holt_winters,0.08846922321218824,8.65180338101085,9487.737424975006
2023-07-09,10,3,S10_D03,global_gbm,0.05463498032513556,5.315764864204834,5784.531232327763
2023-07-09,10,4,S10_D04,seasonal_naive,0.11909796537577284,11.82174603147756,3121.294093553185
2023-07-09,10,4,S10_D04,holt_winters,0.07517712991216433,7.415546535439741,2073.124288159635
2023-07-09,10,4,S10_D04,global_gbm,0.03409081162072397,3.3880318916259338,1050.5685972050696
2023-07-09,10,5,S10_D05,seasonal_naive,0.1317823489977114,12.770825687894472,8549.816801658677
2023-07-09,10,5,S10_D05,holt_winters,0.08846446133128867,8.773881208010035,7045.875793397355
2023-07-09,10,5,S10_D05,global_gbm,0.058040515405831106,5.793843318376275,4086.5708029888538
2023-07-09,10,6,S10_D06,seasonal_naive,0.14369469615715957,14.583320489567342,14605.277553369195
2023-07-09,10,6,S10_D06,holt_winters,0.1201862170929057,12.577590377947573,16488.726537468512
2023-07-09,10,6,S10_D06,global_gbm,0.0717891421511277,7.496997775324574,8367.955080044041
2023-07-09,10,7,S10_D07,seasonal_naive,0.14589720813911758,14.464099272937991,15159.511426835707
2023-07-09,10,7,S10_D07,holt_winters,0.11007417618309646,10.86409059899326,11408.343031992657
2023-07-09,10,7,S10_D07,global_gbm,0.048248267173424744,4.7073440576256935,5337.300791849739
2023-07-09,10,8,S10_D08,seasonal_naive,0.331308563335363,20.302408125414377,18441.681964470794
2023-07-09,10,8,S10_D08,holt_winters,0.264967761019319,12.698017440820358,17505.787442724442
2023-07-09,10,8,S10_D08,global_gbm,0.2878852888850438,15.13671327657221,17877.082178823137
2023-07-09,10,9,S10_D09,seasonal_naive,0.23022359191789496,24.87557242988605,23314.82869267298
2023-07-09,10,9,S10_D09,holt_winters,0.2245134058383185,22.411465084711914,18019.17034351246
2023-07-09,10,9,S10_D09,global_gbm,0.05830485361932125,6.136773541791561,4644.138684376677
2023-07-09,10,10,S10_D10,seasonal_naive,0.14812896218360896,14.803089694530271,2845.6022571834424
2023-07-09,10,10,S10_D10,holt_winters,0.09805165052668273,9.654910074576941,2140.6516052019324
2023-07-09,10,10,S10_D10,global_gbm,0.05829181735262606,5.733952443219146,1271.4457767207703
2023-07-09,10,11,S10_D11,seasonal_naive,0.11980889977820668,11.758396255192899,8851.470131289632
2023-07-09,10,11,S10_D11,holt_winters,0.1284648308197648,12.539589902264375,10068.037787707013
2023-07-09,10,11,S10_D11,global_gbm,0.062210954133885804,6.3030881968962795,4493.117828607933
2023-07-09,10,12,S10_D12,seasonal_naive,0.0793362453063315,8.01727832744494,3071.860364483957
2023-07-09,10,12,S10_D12,holt_winters,0.07556134635427303,7.5486054185505855,2130.1895577458686
2023-07-09,10,12,S10_D12,global_gbm,0.057035374864677545,5.715773045092518,1804.8569079483887
2023-07-09,11,1,S11_D01,seasonal_naive,0.11214078831777372,11.320665535266093,2417.689090645238
2023-07-09,11,1,S11_D01,holt_winters,0.0869851709407391,8.829017122781162,1858.2956458863903
2023-07-09,11,1,S11_D01,global_gbm,0.07359526153228708,7.255117122208903,1283.653483466933
2023-07-09,11,2,S11_D02,seasonal_naive,0.3556030350892953,20.598435706186567,27526.332403468685
2023-07-09,11,2,S11_D02,holt_winters,0.35919216708866486,22.43640069595853,26380.689746481257
2023-07-09,11,2,S11_D02,global_gbm,0.298042669666683,13.353779742162658,26559.88378940716
2023-07-09,11,3,S11_D03,seasonal_naive,0.0802757620795212,7.93735619490103,3694.0656936395962
2023-07-09,11,3,S11_D03,holt_winters,0.06237941705756128,6.058092532484102,2740.3464389508486
2023-07-09,11,3,S11_D03,global_gbm,0.05847846781914826,5.994445965231576,2142.8633977136187
2023-07-09,11,4,S11_D04,seasonal_naive,0.0633655244991006,6.289092436923462,628.5297358717402
2023-07-09,11,4,S11_D04,holt_winters,0.04130542781355368,4.103675240551202,373.1795319033026
2023-07-09,11,4,S11_D04,global_gbm,0.09984420957771552,9.92328230896785,873.7295665977233
2023-07-09,11,5,S11_D05,seasonal_naive,0.07395650876226188,7.35274299444113,2108.0387974074374
2023-07-09,11,5,S11_D05,holt_winters,0.11047210563670395,11.122307929149535,3158.2724282235213
2023-07-09,11,5,S11_D05,global_gbm,0.03176275266241402,3.1648421853229665,693.5039060879153
2023-07-09,11,6,S11_D06,seasonal_naive,0.08881110221843921,8.715707896151715,3599.150192340547
2023-07-09,11,6,S11_D06,holt_winters,0.15254784109597955,15.270574742982628,5644.077344623467
2023-07-09,11,6,S11_D06,global_gbm,0.07945944728419911,8.023545961914788,2318.4489893488894
2023-07-09,11,7,S11_D07,seasonal_naive,0.06501326143728592,6.414763210399163,2410.22442055714
2023-07-09,11,7,S11_D07,holt_winters,0.06017865970416755,5.857425562401705,2579.529709715555
2023-07-09,11,7,S11_D07,global_gbm,0.05130072990189873,5.095854256106218,1826.482234937996
2023-07-09,11,8,S11_D08,seasonal_naive,0.09147348239488591,9.265250610537334,641.6670135280448
2023-07-09,11,8,S11_D08,holt_winters,0.11893843497142076,12.326300189094,903.1591994428811
2023-07-09,11,8,S11_D08,global_gbm,0.062497555050144794,6.479702266702396,485.30660228320517
2023-07-09,11,9,S11_D09,seasonal_naive,0.08696627376313631,8.70635969041523,2161.8352119669066
2023-07-09,11,9,S11_D09,holt_winters,0.08490873493913327,8.17781462593294,2395.2625197773123
2023-07-09,11,9,S11_D09,global_gbm,0.1213084136632671,12.124355252894897,2933.2200669438907
2023-07-09,11,10,S11_D10,seasonal_naive,0.07087601447434079,7.0830394935051,783.1682600421826
2023-07-09,11,10,S11_D10,holt_winters,0.07828811247729359,7.78430849977654,744.2222269974764
2023-07-09,11,10,S11_D10,global_gbm,0.04130960532431799,4.070167446490694,360.7905678080965
2023-07-09,11,11,S11_D11,seasonal_naive,0.11863253577768712,11.957703576650767,4464.871284883249
2023-07-09,11,11,S11_D11,holt_winters,0.21252360263237494,21.560413237195547,6360.497565657203
2023-07-09,11,11,S11_D11,global_gbm,0.06757804236496426,6.629970048500403,1704.0467017869094
2023-07-09,11,12,S11_D12,seasonal_naive,0.11515179849256034,11.720038751317762,1671.2897615464526
2023-07-09,11,12,S11_D12,holt_winters,0.13455729550202322,13.285311462558951,1374.915122529469
2023-07-09,11,12,S11_D12,global_gbm,0.06820623490819283,6.657800966882366,754.6438761744643
2023-07-09,12,1,S12_D01,seasonal_naive,0.0828605297862659,8.333879992644592,2180.267182087438
2023-07-09,12,1,S12_D01,holt_winters,0.06357302684522637,6.239761444454096,1490.709385241306
2023-07-09,12,1,S12_D01,global_gbm,0.04264038356377965,4.344841795296595,1003.2118848849949
2023-07-09,12,2,S12_D02,seasonal_naive,0.13758846923737197,13.056759067625567,7450.429105250413
2023-07-09,12,2,S12_D02,holt_winters,0.1699839010776269,16.591092665894088,7481.89439607787
2023-07-09,12,2,S12_D02,global_gbm,0.09348414703887814,9.450919763339352,3782.115118087095
2023-07-09,12,3,S12_D03,seasonal_naive,0.22864918849901122,22.390245563724616,19005.16808387951
2023-07-09,12,3,S12_D03,holt_winters,0.10519404130487285,10.301190301609322,6496.427633759885
2023-07-09,12,3,S12_D03,global_gbm,0.03375430179557342,3.4128155719788644,1693.1268066399896
2023-07-09,12,4,S12_D04,seasonal_naive,0.06483715997335127,6.620096216876653,815.1880818942948
2023-07-09,12,4,S12_D04,holt_winters,0.04418225598629336,4.443002096399602,546.5244916997273
2023-07-09,12,4,S12_D04,global_gbm,0.054665245794384545,5.388880724426072,687.479896300151
2023-07-09,12,5,S12_D05,seasonal_naive,0.07886914761483851,7.963789674923799,2908.0066318614204
2023-07-09,12,5,S12_D05,holt_winters,0.07232471425985623,7.2131659240871056,2311.6752751602753
2023-07-09,12,5,S12_D05,global_gbm,0.041554470439487526,4.313613490188509,1391.5858886495075
2023-07-09,12,6,S12_D06,seasonal_naive,0.0770368890070645,7.551998771205431,3682.767761259866
2023-07-09,12,6,S12_D06,holt_winters,0.06179171806031185,5.980066646109087,3166.668686676424
2023-07-09,12,6,S12_D06,global_gbm,0.05358342875876905,5.4682417732203215,2194.9558493229024
2023-07-09,12,7,S12_D07,seasonal_naive,0.06594743861632327,6.541481108042888,3748.6470692737926
2023-07-09,12,7,S12_D07,holt_winters,0.05577419791177426,5.453856452351278,2850.148023549356
2023-07-09,12,7,S12_D07,global_gbm,0.06090232215854769,6.148093733687028,2707.417142699949
2023-07-09,12,8,S12_D08,seasonal_naive,0.08670469725545875,8.748534342342246,963.0930886147509
2023-07-09,12,8,S12_D08,holt_winters,0.10472413945460052,10.350430145779994,1392.8724921630676
2023-07-09,12,8,S12_D08,global_gbm,0.06186498479299099,6.07773339328757,622.904514941046
2023-07-09,12,9,S12_D09,seasonal_naive,0.04409838502801113,4.432661892756142,1397.2387592856135
2023-07-09,12,9,S12_D09,holt_winters,0.15210909826007796,15.291645608694756,4537.148073098621
2023-07-09,12,9,S12_D09,global_gbm,0.04674451590331666,4.6479349698271015,1375.193273672866
2023-07-09,12,10,S12_D10,seasonal_naive,0.09049980293053883,9.012866546497397,948.8191020948092
2023-07-09,12,10,S12_D10,holt_winters,0.09068385023213592,9.038886942536537,837.9916651781659
2023-07-09,12,10,S12_D10,global_gbm,0.06285221806620184,6.195688704751849,599.8894388308321
2023-07-09,12,11,S12_D11,seasonal_naive,0.10753527566381055,10.58290485294851,5815.467955875305
2023-07-09,12,11,S12_D11,holt_winters,0.2868685666435432,28.49336028508538,10882.11561168344
2023-07-09,12,11,S12_D11,global_gbm,0.06136906766455472,6.308806704222761,2295.5981126812344
2023-07-09,12,12,S12_D12,seasonal_naive,0.08779081224201798,8.57393631805319,1349.37081052615
2023-07-09,12,12,S12_D12,holt_winters,0.0714984775791321,6.850207737392272,1380.0633883551895
2023-07-09,12,12,S12_D12,global_gbm,0.07177014685477971,7.059464070538021,1097.2096578676246
2023-07-09,13,1,S13_D01,seasonal_naive,0.10544564060460108,10.696676493755957,1299.9417577914794
2023-07-09,13,1,S13_D01,holt_winters,0.08044596801253509,8.015943743522302,915.1107163800712
2023-07-09,13,1,S13_D01,global_gbm,0.041269483901212906,4.19576999827015,416.81209795219047
2023-07-09,13,2,S13_D02,seasonal_naive,0.12629150989198445,12.88624626768562,3198.4286533468276
2023-07-09,13,2,S13_D02,holt_winters,0.12355739314613352,12.582662837504452,3390.1826968589144
2023-07-09,13,2,S13_D02,global_gbm,0.033446551516592544,3.3481217410508455,613.0771356902334
2023-07-09,13,3,S13_D03,seasonal_naive,0.0700482367936743,7.0651486740818585,2369.9967914324275
2023-07-09,13,3,S13_D03,holt_winters,0.07423770809003806,7.413690528800599,1963.6100366593755
2023-07-09,13,3,S13_D03,global_gbm,0.04667469175516043,4.607502014746954,1079.246994967419
2023-07-09,13,4,S13_D04,seasonal_naive,0.11713281104162777,11.862403049886188,723.7348102982887
2023-07-09,13,4,S13_D04,holt_winters,0.07458067988104511,7.331089831185668,471.30751648986393
2023-07-09,13,4,S13_D04,global_gbm,0.048055363808962775,4.752293979642378,271.29933599879456
2023-07-09,13,5,S13_D05,seasonal_naive,0.084578689395918,8.58596495752787,1196.2116093891996
2023-07-09,13,5,S13_D05,holt_winters,0.10469907268813083,10.433131559349482,1662.7665906086195
2023-07-09,13,5,S13_D05,global_gbm,0.05986363855329643,5.832642150993331,966.0957512757718
2023-07-09,13,6,S13_D06,seasonal_naive,0.05843922941796484,5.687537090092713,1646.6424935683526
2023-07-09,13,6,S13_D06,holt_winters,0.06323896455439501,6.114424710275579,1721.3348648352314
2023-07-09,13,6,S13_D06,global_gbm,0.012815126532355971,1.293720627628177,288.32262729837106
2023-07-09,13,7,S13_D07,seasonal_naive,0.052334375695984287,5.233463204129831,1214.458374667489
2023-07-09,13,7,S13_D07,holt_winters,0.08448508577881689,8.28603776198126,1877.8116680437736
2023-07-09,13,7,S13_D07,global_gbm,0.048246153309865224,4.739157322689144,1086.404198905179
2023-07-09,13,8,S13_D08,seasonal_naive,0.09775535153563937,9.81348407591392,656.650474415423
2023-07-09,13,8,S13_D08,holt_winters,0.06151316908011265,6.2009122339329386,352.0900031278371
2023-07-09,13,8,S13_D08,global_gbm,0.05359286671713095,5.543091897532045,290.88276526952427
2023-07-09,13,9,S13_D09,seasonal_naive,0.08940262987727456,8.81472361290265,1279.2015452177577
2023-07-09,13,9,S13_D09,holt_winters,0.1392565495887608,14.233895536997185,1984.6106922629529
2023-07-09,13,9,S13_D09,global_gbm,0.04298857237334846,4.395279757535033,760.907249110628
2023-07-09,13,10,S13_D10,seasonal_naive,0.08297241747385388,8.324169591760372,419.30538295495296
2023-07-09,13,10,S13_D10,holt_winters,0.1163274209579939,11.775932443091763,715.0593787866528
2023-07-09,13,10,S13_D10,global_gbm,0.044512447134939966,4.501155494324192,212.08022094562259
2023-07-09,13,11,S13_D11,seasonal_naive,0.11859874625108816,11.92091970780563,2720.748456629168
2023-07-09,13,11,S13_D11,holt_winters,0.264838511883547,26.659893354819804,4417.731574816282
2023-07-09,13,11,S13_D11,global_gbm,0.07256012833754535,7.342745522171929,1184.9686678316882
2023-07-09,13,12,S13_D12,seasonal_naive,0.32213312682370554,17.655208007706978,5608.868712777561
2023-07-09,13,12,S13_D12,holt_winters,0.3352221971396539,18.051660488142645,5917.543371158785
2023-07-09,13,12,S13_D12,global_gbm,0.33971989244021117,18.028200284806008,6036.070039350073
2023-07-09,14,1,S14_D01,seasonal_naive,0.06991080219581061,7.043913234060274,1161.2415362016636
2023-07-09,14,1,S14_D01,holt_winters,0.10531163870049438,10.493999846103963,1005.0497776841578
2023-07-09,14,1,S14_D01,global_gbm,0.03342886233745708,3.313460646848196,315.360906686705
2023-07-09,14,2,S14_D02,seasonal_naive,0.121827326245548,12.048442074667781,2573.9531394918586
2023-07-09,14,2,S14_D02,holt_winters,0.22795915616112208,22.61970198222925,4375.444489952864
2023-07-09,14,2,S14_D02,global_gbm,0.058877188602596005,5.926529990022698,910.9977852227156
2023-07-09,14,3,S14_D03,seasonal_naive,0.10428515599289465,10.049615198567551,2536.0030885430706
2023-07-09,14,3,S14_D03,holt_winters,0.06948357007168356,6.73191779958245,1515.0631580236957
2023-07-09,14,3,S14_D03,global_gbm,0.053859693088849796,5.597050577170364,1067.8318049410425
2023-07-09,14,4,S14_D04,seasonal_naive,0.05637798800903212,5.740842810154824,332.377179458819
2023-07-09,14,4,S14_D04,holt_winters,0.04483474955205164,4.621312858939314,297.3909756632007
2023-07-09,14,4,S14_D04,global_gbm,0.04156054545258975,4.3069804283772415,291.0411673103007
2023-07-09,14,5,S14_D05,seasonal_naive,0.05020035510061564,4.960271980078768,772.6579471942936
2023-07-09,14,5,S14_D05,holt_winters,0.06762828266546539,6.69485328750272,787.4235002388907
2023-07-09,14,5,S14_D05,global_gbm,0.07634467519901927,7.554658144636911,862.6314240968417
2023-07-09,14,6,S14_D06,seasonal_naive,0.10082070833620571,10.13486819541812,2529.325436203298
2023-07-09,14,6,S14_D06,holt_winters,0.0762101072116731,7.660526146147285,1768.4551962145688
2023-07-09,14,6,S14_D06,global_gbm,0.056919412497679456,5.646033229150673,1088.3859866515947
2023-07-09,14,7,S14_D07,seasonal_naive,0.23396633977134415,256.63164920804905,7741.6357391388865
2023-07-09,14,7,S14_D07,holt_winters,0.19875345163384148,223.63577421581553,6687.885909448529
2023-07-09,14,7,S14_D07,global_gbm,0.20718147383402255,230.95942514327365,6898.834811955736
2023-07-09,14,8,S14_D08,seasonal_naive,0.08429410236571175,8.490579336410573,350.90552450054133
2023-07-09,14,8,S14_D08,holt_winters,0.06006037576719797,6.068904314204156,266.44629914793126
2023-07-09,14,8,S14_D08,global_gbm,0.14642822540035003,14.834586462525118,604.270533654439
2023-07-09,14,9,S14_D09,seasonal_naive,0.07082270907768452,7.115887123285653,822.8979182741926
2023-07-09,14,9,S14_D09,holt_winters,0.14043105944191872,14.152165327048344,1603.6866615423398
2023-07-09,14,9,S14_D09,global_gbm,0.05849838565817074,5.60247204574339,816.55477759547
2023-07-09,14,10,S14_D10,seasonal_naive,0.11650121013305599,11.51018105345396,558.6518717412481
2023-07-09,14,10,S14_D10,holt_winters,0.10170511816794325,10.033809791309489,483.15461705018856
2023-07-09,14,10,S14_D10,global_gbm,0.5451975595129336,54.28342059048579,2261.2497747367297
2023-07-09,14,11,S14_D11,seasonal_naive,0.1465402363433072,14.39123747314796,2534.313247306851
2023-07-09,14,11,S14_D11,holt_winters,0.2164936677980902,21.765445751041298,3500.4542066581175
2023-07-09,14,11,S14_D11,global_gbm,0.06647893588449123,6.474501630491092,962.9223884306159
2023-07-09,14,12,S14_D12,seasonal_naive,0.08493011720909811,8.327735506035394,565.7959186292351
2023-07-09,14,12,S14_D12,holt_winters,0.07385284334967628,7.249915830493511,429.1136538178919
2023-07-09,14,12,S14_D12,global_gbm,0.06288051185597074,5.960830865661835,441.1424335901072
2023-07-09,15,1,S15_D01,seasonal_naive,0.1578961393572998,15.80822190666223,6926.715335468356
2023-07-09,15,1,S15_D01,holt_winters,0.12866957995641287,12.854591375977023,5572.657547550412
2023-07-09,15,1,S15_D01,global_gbm,0.08078269683734858,8.171374905228602,4613.813002740025
2023-07-09,15,2,S15_D02,seasonal_naive,0.11221478961784775,11.180442641676992,11070.23577336375
2023-07-09,15,2,S15_D02,holt_winters,0.16046790753661366,15.74717356084063,12884.280074191383
2023-07-09,15,2,S15_D02,global_gbm,0.1326120172853842,13.485338027058894,10046.861014561604
2023-07-09,15,3,S15_D03,seasonal_naive,0.0928560677042136,9.000600533695437,8746.522075055747
2023-07-09,15,3,S15_D03,holt_winters,0.06689883546099326,6.471866597660228,6947.2994529617135
2023-07-09,15,3,S15_D03,global_gbm,0.07789116365702846,8.152928320103433,7334.884908818983
2023-07-09,15,4,S15_D04,seasonal_naive,0.44206385390387926,42.88214803787339,23676.462677115116
2023-07-09,15,4,S15_D04,holt_winters,0.1698804518947237,16.63011618256173,6518.169170144419
2023-07-09,15,4,S15_D04,global_gbm,0.23940406645584575,24.025276157305868,6403.455108107665
2023-07-09,15,5,S15_D05,seasonal_naive,0.08284346032171462,8.136647956269835,5017.460368911747
2023-07-09,15,5,S15_D05,holt_winters,0.08054642560115309,7.969961919154023,6640.768445595918
2023-07-09,15,5,S15_D05,global_gbm,0.045595762004412746,4.656576174607571,3075.714608165667
2023-07-09,15,6,S15_D06,seasonal_naive,0.16872450114731985,15.948390179965502,16263.875771790224
2023-07-09,15,6,S15_D06,holt_winters,0.14388088637850618,13.873914910922208,13764.07157732703
2023-07-09,15,6,S15_D06,global_gbm,0.11833995947528077,12.367752784443887,10326.07820649177
2023-07-09,15,7,S15_D07,seasonal_naive,0.07621107596337862,7.417630358125827,7805.091925370739
2023-07-09,15,7,S15_D07,holt_winters,0.0736654263378665,7.272144787617843,6853.988241501917
2023-07-09,15,7,S15_D07,global_gbm,0.0341072330152763,3.407467091852412,3135.0723775129104
2023-07-09,15,8,S15_D08,seasonal_naive,0.10665376995180248,10.486747270662361,2040.0833854894258
2023-07-09,15,8,S15_D08,holt_winters,0.09584052858085805,9.644029913931895,1873.464680669244
2023-07-09,15,8,S15_D08,global_gbm,0.15819882262524515,15.952547893094138,2871.9113145037763
2023-07-09,15,9,S15_D09,seasonal_naive,0.10797317828539484,10.593294280100979,6985.297776305782
2023-07-09,15,9,S15_D09,holt_winters,0.05089827627145094,5.037763006449172,3819.1541926742066
2023-07-09,15,9,S15_D09,global_gbm,0.07621681758366418,7.763417076553397,5063.962366651673
2023-07-09,15,10,S15_D10,seasonal_naive,0.18320402422042806,17.32215944953398,3989.685725348552
2023-07-09,15,10,S15_D10,holt_winters,0.14814368148214455,14.087285952343976,3240.3318672103137
2023-07-09,15,10,S15_D10,global_gbm,0.19850493232144895,20.413279457311617,4748.246563885644
2023-07-09,15,11,S15_D11,seasonal_naive,0.09116251547150551,8.899036356252019,7491.989529766943
2023-07-09,15,11,S15_D11,holt_winters,0.1784180010493129,17.731329781920568,13924.734024601516
2023-07-09,15,11,S15_D11,global_gbm,0.1077149291947169,10.791878811658277,7054.987477621764
2023-07-09,15,12,S15_D12,seasonal_naive,0.10513334584964916,10.141112338900285,4319.149343337182
2023-07-09,15,12,S15_D12,holt_winters,0.10145188823982151,9.989712574906248,2761.5526932888793
2023-07-09,15,12,S15_D12,global_gbm,0.14917612458468288,14.914325643104629,4508.8998347463385
2023-07-09,16,1,S16_D01,seasonal_naive,0.07563858322231082,7.698025418004785,1776.7891514365178
2023-07-09,16,1,S16_D01,holt_winters,0.06397426314865859,6.408407514679634,1786.0296094466469
2023-07-09,16,1,S16_D01,global_gbm,0.06570308702623767,6.395930549772516,1551.6668992844707
2023-07-09,16,2,S16_D02,seasonal_naive,0.12731053380265012,12.456243692586952,5950.695085993106
2023-07-09,16,2,S16_D02,holt_winters,0.08457587373005056,8.150289328879825,5431.77866823351
2023-07-09,16,2,S16_D02,global_gbm,0.04582687440830611,4.571927714155071,1808.7560391109405
2023-07-09,16,3,S16_D03,seasonal_naive,0.09953558362982484,9.686487320676147,4778.289867928694
2023-07-09,16,3,S16_D03,holt_winters,0.0981151743141044,9.674293960224677,4759.543889785778
2023-07-09,16,3,S16_D03,global_gbm,0.04522857024256369,4.502583923654294,2165.483665290107
2023-07-09,16,4,S16_D04,seasonal_naive,0.0661131441434885,6.622874441323832,815.5668616214123
2023-07-09,16,4,S16_D04,holt_winters,0.053498466157187965,5.326033522301903,625.237995707598
2023-07-09,16,4,S16_D04,global_gbm,0.04517621881049847,4.453345785993962,570.2408420295839
2023-07-09,16,5,S16_D05,seasonal_naive,0.07586023963743625,7.460672940407198,2497.1079394171165
2023-07-09,16,5,S16_D05,holt_winters,0.09608999123701237,9.49478700899592,2952.123770042973
2023-07-09,16,5,S16_D05,global_gbm,0.05132218065937945,5.061267095883289,1429.702125576372
2023-07-09,16,6,S16_D06,seasonal_naive,0.07643696153963098,7.446263215299442,3435.833421082139
2023-07-09,16,6,S16_D06,holt_winters,0.09781025777287344,9.773891009716476,5214.024030029942
2023-07-09,16,6,S16_D06,global_gbm,0.053097588107936335,5.119418626093318,2662.685276057959
2023-07-09,16,7,S16_D07,seasonal_naive,0.06679188634296136,6.629937774855174,3074.93797970585
2023-07-09,16,7,S16_D07,holt_winters,0.08759933845566122,8.648677316387527,3868.1327492066093
2023-07-09,16,7,S16_D07,global_gbm,0.06684233385002661,6.598408180192464,2960.096630683906
2023-07-09,16,8,S16_D08,seasonal_naive,0.06076949633551844,5.958764211496768,650.7187805035289
2023-07-09,16,8,S16_D08,holt_winters,0.08979172971812546,9.09876361117434,952.3765624783761
2023-07-09,16,8,S16_D08,global_gbm,0.028761508495321077,2.8450033134284247,308.57746542743746
2023-07-09,16,9,S16_D09,seasonal_naive,0.09928603221741263,9.716154755761766,3187.2899052035577
2023-07-09,16,9,S16_D09,holt_winters,0.1109763238315764,11.365633170502079,4080.700773187494
2023-07-09,16,9,S16_D09,global_gbm,0.06275704248096033,6.110911108420142,1982.804937016937
2023-07-09,16,10,S16_D10,seasonal_naive,0.11115285626332772,11.142852041057175,1055.909047071527
2023-07-09,16,10,S16_D10,holt_winters,0.09890574838638798,10.023356697670906,1143.968339691915
2023-07-09,16,10,S16_D10,global_gbm,0.05220601093750269,5.361273027835568,506.48529437192065
2023-07-09,16,11,S16_D11,seasonal_naive,0.0852357806868436,8.069533467328199,3559.4980295278297
2023-07-09,16,11,S16_D11,holt_winters,0.2152104198412104,20.997419487562688,7813.026650831393
2023-07-09,16,11,S16_D11,global_gbm,0.07294871488896108,7.515287385427897,2324.580931369442
2023-07-09,16,12,S16_D12,seasonal_naive,0.08470615578607796,8.28394568475273,1327.032246650397
2023-07-09,16,12,S16_D12,holt_winters,0.0561743949450775,5.470266413954459,1122.2828117990857
2023-07-09,16,12,S16_D12,global_gbm,0.03221071543420571,3.1525011004930388,551.19530667496
2023-07-09,17,1,S17_D01,seasonal_naive,0.07559763333401853,7.573557053715217,1884.916541411714
2023-07-09,17,1,S17_D01,holt_winters,0.07230392462833224,7.011261449832448,1857.2939087327463
2023-07-09,17,1,S17_D01,global_gbm,0.04710958127635208,4.823795336386704,973.6360984851959
2023-07-09,17,2,S17_D02,seasonal_naive,0.07054556491082788,6.794984742137032,3000.459750148716
2023-07-09,17,2,S17_D02,holt_winters,0.06896980016810302,6.5896469517411,3122.935873906178
2023-07-09,17,2,S17_D02,global_gbm,0.03386044082232656,3.315891223071145,1184.8305211391275
2023-07-09,17,3,S17_D03,seasonal_naive,0.12567543552968866,12.337914367061384,6197.167606091311
2023-07-09,17,3,S17_D03,holt_winters,0.09265297964595196,8.937139926388452,4835.608604286854
2023-07-09,17,3,S17_D03,global_gbm,0.061623022581983836,6.0429913744691515,2448.968076817653
2023-07-09,17,4,S17_D04,seasonal_naive,0.056988779787456804,5.844502946779795,703.9884970029693
2023-07-09,17,4,S17_D04,holt_winters,0.06131397724916275,5.926135974714937,786.6311640757024
2023-07-09,17,4,S17_D04,global_gbm,0.0633551133892773,6.232441193797182,716.1702728917187
2023-07-09,17,5,S17_D05,seasonal_naive,0.21969061604538057,22.23571124598504,5264.86445062691
2023-07-09,17,5,S17_D05,holt_winters,0.11566809685306849,11.89847708226021,3535.850656222753
2023-07-09,17,5,S17_D05,global_gbm,0.09399362544616187,9.694564917485762,2475.4362119284283
2023-07-09,17,6,S17_D06,seasonal_naive,0.1096967086790318,10.90317133776687,5577.129487898546
2023-07-09,17,6,S17_D06,holt_winters,0.1891369552711366,18.710482044973748,10390.32895526265
2023-07-09,17,6,S17_D06,global_gbm,0.04694318593724823,4.703075423817577,1692.2995603658098
2023-07-09,17,7,S17_D07,seasonal_naive,0.08489428048911062,8.333509606685796,3825.6603040030877
2023-07-09,17,7,S17_D07,holt_winters,0.08951047015456495,8.806629602614565,3920.638994337001
2023-07-09,17,7,S17_D07,global_gbm,0.04515128328496791,4.542701050161792,1765.9956170966911
2023-07-09,17,8,S17_D08,seasonal_naive,0.07479496913175238,7.347394352056659,684.5763513023949
2023-07-09,17,8,S17_D08,holt_winters,0.0904952790858764,9.094864380405966,917.646357323783
2023-07-09,17,8,S17_D08,global_gbm,0.06052203750046497,5.936281770670422,586.6314504566321
2023-07-09,17,9,S17_D09,seasonal_naive,0.0740358977486608,7.372954161576523,1856.5807482775958
2023-07-09,17,9,S17_D09,holt_winters,0.14618890707663004,14.552836762941086,3629.9806066060437
2023-07-09,17,9,S17_D09,global_gbm,0.03242667564961264,3.26840776409801,861.6346546079368
2023-07-09,17,10,S17_D10,seasonal_naive,0.07967986403689659,8.016469822559696,1046.4584626969197
2023-07-09,17,10,S17_D10,holt_winters,0.08389774642267461,8.49950028972346,1146.8328796253334
2023-07-09,17,10,S17_D10,global_gbm,0.039030485618578394,3.832193910721076,365.89578276448435
2023-07-09,17,11,S17_D11,seasonal_naive,0.12850176534931107,13.45542285421322,5450.027858640953
2023-07-09,17,11,S17_D11,holt_winters,0.14509125133531203,15.23309313885103,6350.1313009512
2023-07-09,17,11,S17_D11,global_gbm,0.05360643980615197,5.446803081514179,1848.5424426949385
2023-07-09,17,12,S17_D12,seasonal_naive,0.06307200069099646,6.367220608767274,727.7831479740377
2023-07-09,17,12,S17_D12,holt_winters,0.07389520292805386,7.247530083112517,1050.6409231172966
2023-07-09,17,12,S17_D12,global_gbm,0.08657761681499293,8.221167535329904,1188.712986890794
2023-07-09,18,1,S18_D01,seasonal_naive,0.09933828059188476,9.868041154919306,2581.866415834193
2023-07-09,18,1,S18_D01,holt_winters,0.08659337754294531,8.558897202449788,1963.741365209575
2023-07-09,18,1,S18_D01,global_gbm,0.03398909044875786,3.3610597604300643,747.5724310497989
2023-07-09,18,2,S18_D02,seasonal_naive,0.10480878464678968,10.503364586971495,5033.85733189271
2023-07-09,18,2,S18_D02,holt_winters,0.09404155043179127,9.463999567267372,5238.320382433293
2023-07-09,18,2,S18_D02,global_gbm,0.07854791975908264,7.964086033371299,2689.562689676364
2023-07-09,18,3,S18_D03,seasonal_naive,0.12312235180871227,12.060814534151257,5324.54717535914
2023-07-09,18,3,S18_D03,holt_winters,0.1061665690839285,10.26923223471132,4403.102302715495
2023-07-09,18,3,S18_D03,global_gbm,0.0558122568433731,5.482118049857721,2427.901452820241
2023-07-09,18,4,S18_D04,seasonal_naive,0.04815650334149844,4.944565263170013,582.014829042182
2023-07-09,18,4,S18_D04,holt_winters,0.10227343998999065,10.034222320915914,1114.112209777569
2023-07-09,18,4,S18_D04,global_gbm,0.04813798713614681,4.772407753296017,583.4539328905438
2023-07-09,18,5,S18_D05,seasonal_naive,0.06507548049650695,6.266234902645124,2159.902068989472
2023-07-09,18,5,S18_D05,holt_winters,0.2052684456557546,19.18540674065545,9396.202894591976
2023-07-09,18,5,S18_D05,global_gbm,0.04142107497487158,4.122624176394869,971.205315285321
2023-07-09,18,6,S18_D06,seasonal_naive,0.05732016744369957,5.776909318293468,2925.195767910244
2023-07-09,18,6,S18_D06,holt_winters,0.07018916113793114,7.040935151431202,3761.3462144622904
2023-07-09,18,6,S18_D06,global_gbm,0.04201083158078228,4.225478606583548,1561.5502886238814
2023-07-09,18,7,S18_D07,seasonal_naive,0.059071633159021475,5.942547555281634,2802.738056419117
2023-07-09,18,7,S18_D07,holt_winters,0.05153919928817887,5.1734514226946295,2187.3071451502706
2023-07-09,18,7,S18_D07,global_gbm,0.05727747210028366,5.729955494828314,2312.440619506671
2023-07-09,18,8,S18_D08,seasonal_naive,0.06879207980688748,6.882114313331678,592.407699456211
2023-07-09,18,8,S18_D08,holt_winters,0.04686441806099033,4.577860888742357,471.7863187342137
2023-07-09,18,8,S18_D08,global_gbm,0.03020432485369327,2.9339387642267525,339.25843223208784
2023-07-09,18,9,S18_D09,seasonal_naive,0.05957463880421742,5.921007255554783,1862.7009649598895
2023-07-09,18,9,S18_D09,holt_winters,0.16093560188897005,16.149338414769467,4384.400118754409
2023-07-09,18,9,S18_D09,global_gbm,0.032124310921546814,3.2769797350455434,929.3711468720438
2023-07-09,18,10,S18_D10,seasonal_naive,0.09048412210924815,9.11457773022731,915.3772255742437
2023-07-09,18,10,S18_D10,holt_winters,0.06388679258651286,6.299753201552613,741.9506267858011
2023-07-09,18,10,S18_D10,global_gbm,0.044739242577093406,4.473335221119199,393.92067030280117
2023-07-09,18,11,S18_D11,seasonal_naive,0.13630171913183678,13.751870292512272,4545.69440230258
2023-07-09,18,11,S18_D11,holt_winters,0.286016575403594,28.794961597572282,8900.782091812092
2023-07-09,18,11,S18_D11,global_gbm,0.07552595191968654,7.78309846768387,2213.876595506984
2023-07-09,18,12,S18_D12,seasonal_naive,0.05764692192842079,5.691784631189767,815.9821201855468
2023-07-09,18,12,S18_D12,holt_winters,0.06376539171644068,6.180206422904795,943.8995026972927
2023-07-09,18,12,S18_D12,global_gbm,0.05923311924655505,5.760921660328705,837.9241808690633
2023-07-09,19,1,S19_D01,seasonal_naive,0.0495105342577743,4.835769003622198,1713.8808035347727
2023-07-09,19,1,S19_D01,holt_winters,0.06859748086478813,6.653703096208156,2151.543730129096
2023-07-09,19,1,S19_D01,global_gbm,0.040216831284015334,3.909039919392349,1174.1198974004433
2023-07-09,19,2,S19_D02,seasonal_naive,0.11429778198633661,11.274001900557979,6302.246215986211
2023-07-09,19,2,S19_D02,holt_winters,0.1666960380055608,16.743748781682864,9145.43056820105
2023-07-09,19,2,S19_D02,global_gbm,0.08823279845421927,9.063192462677065,3914.1501788314913
2023-07-09,19,3,S19_D03,seasonal_naive,0.12017683125078743,11.820373943505167,6946.777035355137
2023-07-09,19,3,S19_D03,holt_winters,0.08962614838193272,8.833749571986996,4666.491023106494
2023-07-09,19,3,S19_D03,global_gbm,0.05088671886130452,4.989781874336098,2849.3997293398315
2023-07-09,19,4,S19_D04,seasonal_naive,0.06525567517697496,6.440243297755612,971.3915667034066
2023-07-09,19,4,S19_D04,holt_winters,0.055071335476927274,5.46276819166663,850.246504286833
2023-07-09,19,4,S19_D04,global_gbm,0.0428366561918328,4.280313534825431,590.1561015167035
2023-07-09,19,5,S19_D05,seasonal_naive,0.11742234104878826,11.611026836851599,3945.6765366379173
2023-07-09,19,5,S19_D05,holt_winters,0.22214206788229995,22.63968394512475,8235.295827813481
2023-07-09,19,5,S19_D05,global_gbm,0.05767887132723415,5.747246811385759,1945.1378234183971
2023-07-09,19,6,S19_D06,seasonal_naive,0.1103604756065634,10.838214103867799,5657.4966356220675
2023-07-09,19,6,S19_D06,holt_winters,0.10896639448849821,10.879300694775667,6792.077824717075
2023-07-09,19,6,S19_D06,global_gbm,0.03855117552575995,3.7366976486289527,2307.0370157056705
2023-07-09,19,7,S19_D07,seasonal_naive,0.09011958123918475,8.935577562285626,4879.968371451039
2023-07-09,19,7,S19_D07,holt_winters,0.0759251269904712,7.421245203210851,4584.573999680702
2023-07-09,19,7,S19_D07,global_gbm,0.04397096060143341,4.287199291966718,2813.8917357858595
2023-07-09,19,8,S19_D08,seasonal_naive,0.0647004236589882,6.378782945709591,738.7698490396049
2023-07-09,19,8,S19_D08,holt_winters,0.053159634929213787,5.305648944512749,703.7911452819864
2023-07-09,19,8,S19_D08,global_gbm,0.03258900276744136,3.241076917594665,444.89002866780544
2023-07-09,19,9,S19_D09,seasonal_naive,0.05176509632704843,5.116566399189354,1974.648058610698
2023-07-09,19,9,S19_D09,holt_winters,0.12247565474573627,12.270789243731993,4080.9047861377553
2023-07-09,19,9,S19_D09,global_gbm,0.03581261106765153,3.5504414861464535,1231.3917219623693
2023-07-09,19,10,S19_D10,seasonal_naive,0.07235021016141219,7.017459004144865,1036.667641393566
2023-07-09,19,10,S19_D10,holt_winters,0.06008912075316153,5.915285087252304,882.6282453932223
2023-07-09,19,10,S19_D10,global_gbm,0.033949033940318306,3.4010632343304934,400.6939017018293
2023-07-09,19,11,S19_D11,seasonal_naive,0.11714086601803056,11.77767157440767,4977.156096410629
2023-07-09,19,11,S19_D11,holt_winters,0.16433656855809245,16.795535822638403,9441.58166617212
2023-07-09,19,11,S19_D11,global_gbm,0.04959319854879772,4.988821516837604,1959.885301957354
2023-07-09,19,12,S19_D12,seasonal_naive,0.10670909922939974,10.304307695951845,1913.4752833718549
2023-07-09,19,12,S19_D12,holt_winters,0.1718269401018763,16.849926069725765,2861.847530168654
2023-07-09,19,12,S19_D12,global_gbm,0.036853560429051524,3.6514771713970307,700.3012355976817
2023-07-09,20,1,S20_D01,seasonal_naive,0.12555111211128897,12.28767722211002,3378.176421231209
2023-07-09,20,1,S20_D01,holt_winters,0.14142565702981735,13.702823118656443,3208.47710974136
2023-07-09,20,1,S20_D01,global_gbm,0.07413221554389822,7.304110881443539,1770.1667552776375
2023-07-09,20,2,S20_D02,seasonal_naive,0.10984531083488985,10.403308575701303,5209.424835702834
2023-07-09,20,2,S20_D02,holt_winters,0.11104551704710393,10.8033145130804,5129.037164642462
2023-07-09,20,2,S20_D02,global_gbm,0.046548327299407596,4.8120940938769365,1860.0502728734423
2023-07-09,20,3,S20_D03,seasonal_naive,0.06620178055011476,6.48763329787827,3020.2411720899872
2023-07-09,20,3,S20_D03,holt_winters,0.05073431105238191,4.938758126822336,2437.1730328568156
2023-07-09,20,3,S20_D03,global_gbm,0.02486308837215592,2.4982468356832594,994.2609407821229
2023-07-09,20,4,S20_D04,seasonal_naive,0.3372567501279212,14.131077329648317,13094.955971927702
2023-07-09,20,4,S20_D04,holt_winters,0.35420464463407786,15.06360822749698,13630.744232936215
2023-07-09,20,4,S20_D04,global_gbm,0.3541390169725929,15.334224388840015,13539.159325352564
2023-07-09,20,5,S20_D05,seasonal_naive,0.07450820381314915,7.3074373111666855,2486.8723408430124
2023-07-09,20,5,S20_D05,holt_winters,0.08931363389733558,9.013219972210509,2785.163273346756
2023-07-09,20,5,S20_D05,global_gbm,0.04310525073322271,4.374039471466865,1214.9476932134432
2023-07-09,20,6,S20_D06,seasonal_naive,0.0979112619249648,10.136677056401261,4935.993493491205
2023-07-09,20,6,S20_D06,holt_winters,0.0811070067773828,8.218785110229938,4307.8166404726935
2023-07-09,20,6,S20_D06,global_gbm,0.048140964698310876,5.108594624554231,2347.498084479311
2023-07-09,20,7,S20_D07,seasonal_naive,0.05743112518675852,5.717030277755786,2810.311731458807
2023-07-09,20,7,S20_D07,holt_winters,0.0794782974446137,8.045769836415229,3661.0652269252987
2023-07-09,20,7,S20_D07,global_gbm,0.03890633938305893,3.8719952818542556,1796.2446206592826
2023-07-09,20,8,S20_D08,seasonal_naive,0.0667748050144083,6.614164451159366,745.7584009499993
2023-07-09,20,8,S20_D08,holt_winters,0.068273629037954,7.143122992835202,880.3626623617122
2023-07-09,20,8,S20_D08,global_gbm,0.024141826593227562,2.535533827388571,303.6308407294432
2023-07-09,20,9,S20_D09,seasonal_naive,0.08140794048943086,8.090899383562025,2525.8466767130767
2023-07-09,20,9,S20_D09,holt_winters,0.1046059517833968,10.833090329514103,3584.4670839385712
2023-07-09,20,9,S20_D09,global_gbm,0.05428520119122344,5.5160157624284345,1686.429102335978
2023-07-09,20,10,S20_D10,seasonal_naive,0.06458764806064884,6.242433062447699,647.1872702413884
2023-07-09,20,10,S20_D10,holt_winters,0.03555877279109659,3.3285934444003136,463.3483292998522
2023-07-09,20,10,S20_D10,global_gbm,0.07334914698654009,7.124310066715253,670.0784583201594
2023-07-09,20,11,S20_D11,seasonal_naive,0.12948249511690446,13.06900423714597,4956.649664197328
2023-07-09,20,11,S20_D11,holt_winters,0.14972346587129348,15.103473438236245,6723.652284447642
2023-07-09,20,11,S20_D11,global_gbm,0.06699981192090641,6.700092131756614,1964.404115007211
2023-07-09,20,12,S20_D12,seasonal_naive,0.09723155463668308,9.543715252370758,1421.6966185820027
2023-07-09,20,12,S20_D12,holt_winters,0.14316459584838864,14.42606463097773,2950.5061109763774
2023-07-09,20,12,S20_D12,global_gbm,0.04592355257020407,4.639777549400934,608.368137660084
2023-09-03,1,1,S01_D01,seasonal_naive,0.09845761076121844,9.889661347882786,2496.3353660866564
2023-09-03,1,1,S01_D01,holt_winters,0.0932309690646569,9.11410219372887,2235.9905976900072
2023-09-03,1,1,S01_D01,global_gbm,0.10152751671489132,10.491955059162946,2530.338663229619
2023-09-03,1,2,S01_D02,seasonal_naive,0.04062550298248354,4.047024280777266,1729.610284070517
2023-09-03,1,2,S01_D02,holt_winters,0.029812857241242434,2.9418468339144748,1347.99207486715
2023-09-03,1,2,S01_D02,global_gbm,0.031761748978246275,3.088492241126943,1881.5626548067871
2023-09-03,1,3,S01_D03,seasonal_naive,0.06325179113723013,6.123090200283149,4044.991163395787
2023-09-03,1,3,S01_D03,holt_winters,0.08726132329436108,8.328946284065566,5669.651098628325
2023-09-03,1,3,S01_D03,global_gbm,0.037622847649634826,3.6264606470119363,1892.415569478907
2023-09-03,1,4,S01_D04,seasonal_naive,0.06066780836898422,6.058374279271072,872.2486088051389
2023-09-03,1,4,S01_D04,holt_winters,0.045994158140278366,4.587952037057942,545.3118194133332
2023-09-03,1,4,S01_D04,global_gbm,0.05266535568926256,5.331919181638256,657.0032699856633
2023-09-03,1,5,S01_D05,seasonal_naive,0.05078182772903856,4.9981725214126085,1600.9175156726526
2023-09-03,1,5,S01_D05,holt_winters,0.1630204666405444,16.08445192784026,4612.019520666855
2023-09-03,1,5,S01_D05,global_gbm,0.058137522818217185,5.612941225267132,1898.4775710322674
2023-09-03,1,6,S01_D06,seasonal_naive,0.05585786531630999,5.786196187278366,2464.041025591904
2023-09-03,1,6,S01_D06,holt_winters,0.0947590800644515,9.531015606388666,3694.964732025857
2023-09-03,1,6,S01_D06,global_gbm,0.030628942718619687,3.105667894254802,1416.598920725851
2023-09-03,1,7,S01_D07,seasonal_naive,0.04880145383217464,4.778221536898165,2384.7902425894804
2023-09-03,1,7,S01_D07,holt_winters,0.04609063115982722,4.497143401383014,2245.785748429544
2023-09-03,1,7,S01_D07,global_gbm,0.041688757172836745,4.090752173465685,1958.3090540584346
2023-09-03,1,8,S01_D08,seasonal_naive,0.04733666900727553,4.717612141118566,567.6670857113353
2023-09-03,1,8,S01_D08,holt_winters,0.18367326783950777,18.20859051434724,1738.243377327626
2023-09-03,1,8,S01_D08,global_gbm,0.11540400391357622,11.688701840807989,1264.5657501290775
2023-09-03,1,9,S01_D09,seasonal_naive,0.05125940257323269,5.188885941108173,1726.4314325292505
2023-09-03,1,9,S01_D09,holt_winters,0.059305239618118476,6.140083568210614,1931.3831236488836
2023-09-03,1,9,S01_D09,global_gbm,0.040587174294627104,3.869754814687555,1474.6983062736401
2023-09-03,1,10,S01_D10,seasonal_naive,0.0609092113796047,6.3014061124607625,609.2259772756738
2023-09-03,1,10,S01_D10,holt_winters,0.049082761538330466,5.125607791422175,519.0162807601953
2023-09-03,1,10,S01_D10,global_gbm,0.09237988067094748,8.904268674025289,908.046268134752
2023-09-03,1,11,S01_D11,seasonal_naive,0.0664551322971823,6.767107049219484,2599.2302933248325
2023-09-03,1,11,S01_D11,holt_winters,0.04654852146954534,4.537775109950847,1865.333482481614
2023-09-03,1,11,S01_D11,global_gbm,0.0356181275893147,3.7298751725163393,1267.4376568163407
2023-09-03,1,12,S01_D12,seasonal_naive,0.29085397435309585,13.857105751311948,12358.205747445703
2023-09-03,1,12,S01_D12,holt_winters,0.30925722148165014,15.688032831508028,12544.526961418063
2023-09-03,1,12,S01_D12,global_gbm,0.30486800730959007,14.890101426993468,12607.985817205637
2023-09-03,2,1,S02_D01,seasonal_naive,0.05521449390221723,5.227079355574748,2596.899715709099
2023-09-03,2,1,S02_D01,holt_winters,0.14408425249117945,14.048388497995322,5729.190756380343
2023-09-03,2,1,S02_D01,global_gbm,0.061503119393496605,5.9823792945874255,2746.1604318255563
2023-09-03,2,2,S02_D02,seasonal_naive,0.09827408870109296,9.221437141874816,7708.25795143267
2023-09-03,2,2,S02_D02,holt_winters,0.07875194713377943,7.4955963733029956,7327.1323392662325
2023-09-03,2,2,S02_D02,global_gbm,0.074628369588197,7.62325458937955,6057.90120154691
2023-09-03,2,3,S02_D03,seasonal_naive,0.048786119760998656,4.8449553248093045,3694.652085948008
2023-09-03,2,3,S02_D03,holt_winters,0.04170992867797019,4.133350538210204,3452.3344373487976
2023-09-03,2,3,S02_D03,global_gbm,0.03951223485238343,4.010350529516707,3050.9967568863995
2023-09-03,2,4,S02_D04,seasonal_naive,0.08062925985321602,8.02807002301756,2035.80325476211
2023-09-03,2,4,S02_D04,holt_winters,0.04272169055475662,4.2709178673110735,1168.8767359412793
2023-09-03,2,4,S02_D04,global_gbm,0.05000476340480664,4.919570788543769,1225.0546057279805
2023-09-03,2,5,S02_D05,seasonal_naive,0.040414299417906946,4.036732296216067,2074.070216835125
2023-09-03,2,5,S02_D05,holt_winters,0.023484948821995578,2.3304064564222133,1177.6824086814338
2023-09-03,2,5,S02_D05,global_gbm,0.059156605693105456,6.028733340384298,2781.276496707162
2023-09-03,2,6,S02_D06,seasonal_naive,0.03706865850119007,3.732600246276692,2942.1316099471164
2023-09-03,2,6,S02_D06,holt_winters,0.035388448024078506,3.6297207738320987,2727.6577196973203
2023-09-03,2,6,S02_D06,global_gbm,0.05333827423784763,5.65907456420158,4742.093868298444
2023-09-03,2,7,S02_D07,seasonal_naive,0.05346395848867731,5.456383979976357,4408.289893876082
2023-09-03,2,7,S02_D07,holt_winters,0.0487605447066216,4.983859120743588,4352.345047335023
2023-09-03,2,7,S02_D07,global_gbm,0.04715963696025875,4.811633258157725,3726.0825228370027
2023-09-03,2,8,S02_D08,seasonal_naive,0.05544731713729152,5.503772270528305,1101.1191365379132
2023-09-03,2,8,S02_D08,holt_winters,0.05149450300541606,5.082139076023079,971.4882757887073
2023-09-03,2,8,S02_D08,global_gbm,0.07021910126165301,7.0109837889388915,1233.2423555310716
2023-09-03,2,9,S02_D09,seasonal_naive,0.10547571179105569,10.55246944684112,5543.674889289369
2023-09-03,2,9,S02_D09,holt_winters,0.1313718471172095,13.296467540234469,11877.520902621965
2023-09-03,2,9,S02_D09,global_gbm,0.09665517396553072,9.727955424403255,4876.075421358011
2023-09-03,2,10,S02_D10,seasonal_naive,0.09732954099867791,9.384884714697003,1815.085752857148
2023-09-03,2,10,S02_D10,holt_winters,0.14049253995082095,13.696507188563473,2432.628058405536
2023-09-03,2,10,S02_D10,global_gbm,0.057281566089546945,5.404007126706245,1249.9767698434805
2023-09-03,2,11,S02_D11,seasonal_naive,0.07578851329866186,8.019949165386171,5084.836868807838
2023-09-03,2,11,S02_D11,holt_winters,0.10592661528543913,10.230549602607953,6459.2381924858855
2023-09-03,2,11,S02_D11,global_gbm,0.0784182757569025,7.728515916063132,5244.788317171761
2023-09-03,2,12,S02_D12,seasonal_naive,0.048655791477789936,4.780960554978431,1326.8038665718454
2023-09-03,2,12,S02_D12,holt_winters,0.09724501120045924,9.676715978789742,2247.9245201499125
2023-09-03,2,12,S02_D12,global_gbm,0.037979700678102295,3.693584065627057,962.2601732603093
2023-09-03,3,1,S03_D01,seasonal_naive,0.4248572510492564,42.16770588773865,29542.758795599137
2023-09-03,3,1,S03_D01,holt_winters,0.14461230149639193,13.958010348644457,8256.95096876468
2023-09-03,3,1,S03_D01,global_gbm,0.09442414806237354,9.373026577829677,2846.151418187769
2023-09-03,3,2,S03_D02,seasonal_naive,0.039808202951214906,3.9094200904844683,2247.600100843674
2023-09-03,3,2,S03_D02,holt_winters,0.13136646314805242,13.643831318843839,9982.553252590666
2023-09-03,3,2,S03_D02,global_gbm,0.03860633729727021,3.7444661352887416,2504.817177207736
2023-09-03,3,3,S03_D03,seasonal_naive,0.07327161286271058,7.30583478645497,5347.0870363345975
2023-09-03,3,3,S03_D03,holt_winters,0.1424928290621085,14.206868835042474,8731.632106871639
2023-09-03,3,3,S03_D03,global_gbm,0.059668299681852034,5.85322744017455,3885.9139888537334
2023-09-03,3,4,S03_D04,seasonal_naive,0.06680878798909062,6.4824939309403,1173.912024456049
2023-09-03,3,4,S03_D04,holt_winters,0.10488504814924546,10.260023287370695,1759.1329826624883
2023-09-03,3,4,S03_D04,global_gbm,0.057172436543416354,5.407221414270837,1211.45849581096
2023-09-03,3,5,S03_D05,seasonal_naive,0.06973933844919551,7.1077372139147705,2779.903326136092
2023-09-03,3,5,S03_D05,holt_winters,0.04741352628565424,4.82490585430897,1867.9036595102039
2023-09-03,3,5,S03_D05,global_gbm,0.04183741673385148,4.187097809953386,1806.2536708171663
2023-09-03,3,6,S03_D06,seasonal_naive,0.04003568044940294,3.988302611602453,2664.825597837032
2023-09-03,3,6,S03_D06,holt_winters,0.14713318813073595,14.60728332399081,16269.08243786951
2023-09-03,3,6,S03_D06,global_gbm,0.030642055130532142,3.0747283202829157,2006.2990251196566
2023-09-03,3,7,S03_D07,seasonal_naive,0.04779662117714339,4.746403325618458,3648.249097496976
2023-09-03,3,7,S03_D07,holt_winters,0.05245978719400687,5.214771750064857,3386.863586173106
2023-09-03,3,7,S03_D07,global_gbm,0.04821151444636682,4.803587639512654,3012.0623596876326
2023-09-03,3,8,S03_D08,seasonal_naive,0.09881790818608147,9.636920504574668,1562.3079259704216
2023-09-03,3,8,S03_D08,holt_winters,0.0372313326364238,3.727164409900692,541.0318912668399
2023-09-03,3,8,S03_D08,global_gbm,0.05090886497774883,5.077013487078537,684.3934238401981
2023-09-03,3,9,S03_D09,seasonal_naive,0.051251182852737345,5.156709512128931,2410.2021298534273
2023-09-03,3,9,S03_D09,holt_winters,0.07591447425608068,7.84597573747618,3331.968872170736
2023-09-03,3,9,S03_D09,global_gbm,0.0634612293695209,6.52094626302933,2848.267530078213
2023-09-03,3,10,S03_D10,seasonal_naive,0.03799839017307484,3.7301987744162837,611.4232435167149
2023-09-03,3,10,S03_D10,holt_winters,0.10754368547849386,10.698582196961977,1438.4917308295048
2023-09-03,3,10,S03_D10,global_gbm,0.061294400320721414,5.904421918348382,903.6451941943392
2023-09-03,3,11,S03_D11,seasonal_naive,0.07470717080402456,7.094802646981668,3739.6253828023982
2023-09-03,3,11,S03_D11,holt_winters,0.07958061996383457,7.365380163102595,4243.780643884216
2023-09-03,3,11,S03_D11,global_gbm,0.06355914320251985,5.7339704404921115,3797.5703020315336
2023-09-03,3,12,S03_D12,seasonal_naive,0.04405171747557391,4.217826778279893,1054.6517434738832
2023-09-03,3,12,S03_D12,holt_winters,0.11786752589297064,11.531364239940938,2245.655244507317
2023-09-03,3,12,S03_D12,global_gbm,0.037241503424436204,3.8230510338919665,826.9187474524222
2023-09-03,4,1,S04_D01,seasonal_naive,0.08410344657971344,8.710760470841263,3585.2748823033094
2023-09-03,4,1,S04_D01,holt_winters,0.09718276504827714,9.6114892637891,3201.7279711462297
2023-09-03,4,1,S04_D01,global_gbm,0.07223815309491469,7.325645172243226,2437.5157377790347
2023-09-03,4,2,S04_D02,seasonal_naive,0.054114421382020036,5.478443113559461,3467.6761642957654
2023-09-03,4,2,S04_D02,holt_winters,0.0634655211706143,6.21398580706354,4655.49041481033
2023-09-03,4,2,S04_D02,global_gbm,0.04566060156400456,4.6472147190431805,3301.2423611254712
2023-09-03,4,3,S04_D03,seasonal_naive,0.08047164851205385,7.8229897481465525,5974.230029195184
2023-09-03,4,3,S04_D03,holt_winters,0.11002025928082561,10.938597349210704,8057.899846016127
2023-09-03,4,3,S04_D03,global_gbm,0.045169278067245335,4.650072002909968,3334.369921934137
2023-09-03,4,4,S04_D04,seasonal_naive,0.05739227337484717,5.686518575553972,1291.431282850543
2023-09-03,4,4,S04_D04,holt_winters,0.05104207048779545,5.118156630711819,1109.3001249956233
2023-09-03,4,4,S04_D04,global_gbm,0.06283323316103151,6.402570022513461,1356.059347542192
2023-09-03,4,5,S04_D05,seasonal_naive,0.06793900217742213,6.656502445045589,3119.2937356896186
2023-09-03,4,5,S04_D05,holt_winters,0.06693669335143095,6.434307053350767,3446.3831626497386
2023-09-03,4,5,S04_D05,global_gbm,0.041843594246993646,4.364083593775236,2265.527026493493
2023-09-03,4,6,S04_D06,seasonal_naive,0.08740100906326552,8.234320703989297,7261.148888447337
2023-09-03,4,6,S04_D06,holt_winters,0.08370865866609226,7.925631603702459,7517.077935478527
2023-09-03,4,6,S04_D06,global_gbm,0.058910902383983325,6.031208105561955,4540.602047338642
2023-09-03,4,7,S04_D07,seasonal_naive,0.0487163874435904,4.722981359677248,4035.8721359391466
2023-09-03,4,7,S04_D07,holt_winters,0.08280628774130423,8.033747543705896,6120.93746232856
2023-09-03,4,7,S04_D07,global_gbm,0.04352308834504875,4.222899112107089,3538.6426073072676
2023-09-03,4,8,S04_D08,seasonal_naive,0.054296850446172246,5.117627187606044,1068.1724670201904
2023-09-03,4,8,S04_D08,holt_winters,0.11991614407084022,12.030004470817506,1796.6777011860163
2023-09-03,4,8,S04_D08,global_gbm,0.06557775558224584,6.677358798251437,981.7635373298613
2023-09-03,4,9,S04_D09,seasonal_naive,0.06879433655671113,6.807916640422026,3143.4216470949277
2023-09-03,4,9,S04_D09,holt_winters,0.027816377344375295,2.7718482593851133,1274.830906840502
2023-09-03,4,9,S04_D09,global_gbm,0.03892417467125146,3.860172321573126,1739.295592897582
2023-09-03,4,10,S04_D10,seasonal_naive,0.03488590381797103,3.782944365024931,791.2889381809281
2023-09-03,4,10,S04_D10,holt_winters,0.07848712049385635,7.705829806164327,1058.9704831454744
2023-09-03,4,10,S04_D10,global_gbm,0.08808370123161674,9.247390334996409,1293.1054872755096
2023-09-03,4,11,S04_D11,seasonal_naive,0.05020028382946048,5.039362236467096,2564.77414811714
2023-09-03,4,11,S04_D11,holt_winters,0.05529445646262717,5.360931475841676,3079.276852437658
2023-09-03,4,11,S04_D11,global_gbm,0.0527864694155361,5.4691073177563645,3459.0095658420664
2023-09-03,4,12,S04_D12,seasonal_naive,0.07222012289761402,7.280111196578878,1587.5018001052783
2023-09-03,4,12,S04_D12,holt_winters,0.08652784359800025,8.601208449654447,1960.851057938534
2023-09-03,4,12,S04_D12,global_gbm,0.04625521016613228,4.545898499884755,1100.4024630332353
2023-09-03,5,1,S05_D01,seasonal_naive,0.05899551792567733,5.692659532203089,2076.0351643035815
2023-09-03,5,1,S05_D01,holt_winters,0.0336187690200688,3.30544747743481,1097.1992984051444
2023-09-03,5,1,S05_D01,global_gbm,0.055689688555305136,5.822894824416753,1733.8353562941243
2023-09-03,5,2,S05_D02,seasonal_naive,0.0743719883122709,7.30269381807546,3837.9326067705388
2023-09-03,5,2,S05_D02,holt_winters,0.04146686149632997,4.10516223759042,2318.6264721027933
2023-09-03,5,2,S05_D02,global_gbm,0.054820083385165315,5.422084369067006,2598.2354735516656
2023-09-03,5,3,S05_D03,seasonal_naive,0.05937495040069379,5.766210751419801,3859.7634791396204
2023-09-03,5,3,S05_D03,holt_winters,0.04929103264155055,5.054470869835024,4360.267951934925
2023-09-03,5,3,S05_D03,global_gbm,0.042175771570259125,4.16319446526886,2550.532691358765
2023-09-03,5,4,S05_D04,seasonal_naive,0.07589809852885472,7.440362300948919,1295.4171024519476
2023-09-03,5,4,S05_D04,holt_winters,0.06891842218864441,6.839121401897034,1212.8782088358203
2023-09-03,5,4,S05_D04,global_gbm,0.053274824975750874,5.17831065134854,866.6761943188459
2023-09-03,5,5,S05_D05,seasonal_naive,0.12885634732778192,12.899955235564315,4396.281740192501
2023-09-03,5,5,S05_D05,holt_winters,0.12290844152209984,12.28338742330535,4138.207842158703
2023-09-03,5,5,S05_D05,global_gbm,0.05586876554942457,5.559407468877112,2006.3891604919604
2023-09-03,5,6,S05_D06,seasonal_naive,0.06811075382471307,6.732972652560906,3598.302249389634
2023-09-03,5,6,S05_D06,holt_winters,0.037949420539650544,3.543852880803529,2631.4101361239814
2023-09-03,5,6,S05_D06,global_gbm,0.05714846547303943,5.343114454177806,3491.4866540058238
2023-09-03,5,7,S05_D07,seasonal_naive,0.05126378638084322,5.0483212138524935,2969.9294594400717
2023-09-03,5,7,S05_D07,holt_winters,0.03161731015756101,3.1781498972255613,1752.9593914578222
2023-09-03,5,7,S05_D07,global_gbm,0.040700791244302884,4.174172460540391,2328.0620023572396
2023-09-03,5,8,S05_D08,seasonal_naive,0.1026579363010443,10.28951999748984,1082.8247371170003
2023-09-03,5,8,S05_D08,holt_winters,0.024794448567637708,2.515171843772631,329.7489046630945
2023-09-03,5,8,S05_D08,global_gbm,0.06899399813844616,6.8192514295429945,785.9306032988068
2023-09-03,5,9,S05_D09,seasonal_naive,0.0915975257806198,9.289356260712033,3102.4657623292155
2023-09-03,5,9,S05_D09,holt_winters,0.06599697024336999,6.57692837773207,2305.6559507544644
2023-09-03,5,9,S05_D09,global_gbm,0.03907871933441975,3.881372518488673,1394.9796870822995
2023-09-03,5,10,S05_D10,seasonal_naive,0.09070653586706053,8.842103142598855,998.0876918637963
2023-09-03,5,10,S05_D10,holt_winters,0.1297389320308018,12.8133903520216,1424.8662849486725
2023-09-03,5,10,S05_D10,global_gbm,0.05261229433914117,5.189665434251761,637.068778027303
2023-09-03,5,11,S05_D11,seasonal_naive,0.07030065027805651,6.700356308288952,2964.935087862381
2023-09-03,5,11,S05_D11,holt_winters,0.024711952947933335,2.247109278355238,1425.4008373315824
2023-09-03,5,11,S05_D11,global_gbm,0.0463142768302478,4.231907904534362,2215.0249325845693
2023-09-03,5,12,S05_D12,seasonal_naive,0.06078540802680915,6.18382267066031,1032.914275968727
2023-09-03,5,12,S05_D12,holt_winters,0.07514349397791276,7.3982632130846175,1251.1136413504062
2023-09-03,5,12,S05_D12,global_gbm,0.04646574658503098,4.554905576566415,774.9062922699788
2023-09-03,6,1,S06_D01,seasonal_naive,0.061790038628666014,6.184689650874127,1224.0910031325288
2023-09-03,6,1,S06_D01,holt_winters,0.09374677934872952,9.234248440466997,1901.442251398766
2023-09-03,6,1,S06_D01,global_gbm,0.04295999695806656,4.221430109630038,913.7187466852528
2023-09-03,6,2,S06_D02,seasonal_naive,0.057542763206940364,6.4353468047021956,2651.8321701089994
2023-09-03,6,2,S06_D02,holt_winters,0.5385032859641193,54.907066750292444,17721.48328715462
2023-09-03,6,2,S06_D02,global_gbm,0.1760954393748935,18.028043982819256,5975.74808255436
2023-09-03,6,3,S06_D03,seasonal_naive,0.11145388445878876,11.085847505199949,4586.498485413466
2023-09-03,6,3,S06_D03,holt_winters,0.10451675966285075,9.732198055441451,5253.576794976557
2023-09-03,6,3,S06_D03,global_gbm,0.05474857573856523,5.8380335503749805,2736.3044854519285
2023-09-03,6,4,S06_D04,seasonal_naive,0.08736713978594539,8.918668748176634,904.137760113192
2023-09-03,6,4,S06_D04,holt_winters,0.05870005094767389,5.861732252876975,661.3156039937486
2023-09-03,6,4,S06_D04,global_gbm,0.06026365249086251,5.815220531221307,662.8593012295055
2023-09-03,6,5,S06_D05,seasonal_naive,0.03690616113946405,3.797034175416653,1013.2538225933317
2023-09-03,6,5,S06_D05,holt_winters,0.03027872134048157,3.177260008657691,935.8190902808034
2023-09-03,6,5,S06_D05,global_gbm,0.059141445891595604,6.104813730040935,2046.1227139902244
2023-09-03,6,6,S06_D06,seasonal_naive,0.061159860313032166,6.405820086853637,2530.186235843125
2023-09-03,6,6,S06_D06,holt_winters,0.09369614764122307,9.544731004659408,4754.283246285387
2023-09-03,6,6,S06_D06,global_gbm,0.04816923276859412,4.934383819827305,1938.0393558840992
2023-09-03,6,7,S06_D07,seasonal_naive,0.09521362950054514,9.742051576833251,4376.744899808533
2023-09-03,6,7,S06_D07,holt_winters,0.0882870665309253,8.931467965846815,3934.7536461409877
2023-09-03,6,7,S06_D07,global_gbm,0.07568744923527046,8.079708949302383,3397.530084641745
2023-09-03,6,8,S06_D08,seasonal_naive,0.08739407443236108,8.810764864768759,741.7496080973013
2023-09-03,6,8,S06_D08,holt_winters,0.11040694101124446,10.813890133436182,947.5721874971957
2023-09-03,6,8,S06_D08,global_gbm,0.08414599613099,8.175523467997442,777.404372035756
2023-09-03,6,9,S06_D09,seasonal_naive,0.06212967400392375,6.2231555297742425,1807.9446599937728
2023-09-03,6,9,S06_D09,holt_winters,0.06150559949853927,6.045175737816818,1809.8065812973848
2023-09-03,6,9,S06_D09,global_gbm,0.07723243618221716,7.523761214723404,2256.5418449645667
2023-09-03,6,10,S06_D10,seasonal_naive,0.3664664311875956,17.721817461102336,9753.817816742325
2023-09-03,6,10,S06_D10,holt_winters,0.35356103411111023,14.614457471901481,10010.675006922489
2023-09-03,6,10,S06_D10,global_gbm,0.34673426690259623,14.397462173468686,9821.963261507526
2023-09-03,6,11,S06_D11,seasonal_naive,0.052598401296548525,4.62938391154242,2307.982728555936
2023-09-03,6,11,S06_D11,holt_winters,0.07276914161063727,6.503024933816576,2893.2092639524744
2023-09-03,6,11,S06_D11,global_gbm,0.09070526293645573,8.872796826034293,2796.3642937933228
2023-09-03,6,12,S06_D12,seasonal_naive,0.07528251899429354,7.521027104347336,947.7506196845775
2023-09-03,6,12,S06_D12,holt_winters,0.10179427556941606,10.097066846977839,1316.7591973224773
2023-09-03,6,12,S06_D12,global_gbm,0.07425463909678766,7.18384372640837,1016.0720993287134
2023-09-03,7,1,S07_D01,seasonal_naive,0.04254981451605966,4.171622089344663,1236.1586049532646
2023-09-03,7,1,S07_D01,holt_winters,0.09250541992496822,8.997230736000954,2731.1594368922324
2023-09-03,7,1,S07_D01,global_gbm,0.06603302308091467,6.544635706577455,1822.017633167912
2023-09-03,7,2,S07_D02,seasonal_naive,0.05692069562334811,5.665055277361489,3225.131495266897
2023-09-03,7,2,S07_D02,holt_winters,0.04770037216835379,4.7053798927957775,2828.9031241747125
2023-09-03,7,2,S07_D02,global_gbm,0.05382194601453939,5.3132367140355266,2962.6606124150094
2023-09-03,7,3,S07_D03,seasonal_naive,0.06412360965585774,6.3654683150548825,4420.552717834051
2023-09-03,7,3,S07_D03,holt_winters,0.028872997297852997,2.9323831089812007,1789.9143318442304
2023-09-03,7,3,S07_D03,global_gbm,0.03348555123219505,3.409921538971005,1887.3545383007959
2023-09-03,7,4,S07_D04,seasonal_naive,0.05319474198868572,5.206803386371838,858.462994615959
2023-09-03,7,4,S07_D04,holt_winters,0.07239739200054343,7.274797708503697,1172.6697679788492
2023-09-03,7,4,S07_D04,global_gbm,0.04275819701665327,4.0848381541461505,862.791718577316
2023-09-03,7,5,S07_D05,seasonal_naive,0.06612650415354855,6.501437935396464,2852.2144528681574
2023-09-03,7,5,S07_D05,holt_winters,0.03870740707759169,3.864920787814831,1516.5302088063609
2023-09-03,7,5,S07_D05,global_gbm,0.04445686628898551,4.54739477646679,1714.9579608043543
2023-09-03,7,6,S07_D06,seasonal_naive,0.062098813300242854,5.95834369348698,4549.257175281478
2023-09-03,7,6,S07_D06,holt_winters,0.12278300246512623,12.280629291128278,12380.373474228081
2023-09-03,7,6,S07_D06,global_gbm,0.06391881163421402,6.447752207675654,3448.5885293126635
2023-09-03,7,7,S07_D07,seasonal_naive,0.06410252516720047,6.382797049167115,3767.377635257382
2023-09-03,7,7,S07_D07,holt_winters,0.14046050367918145,13.862185496032309,7641.907307421679
2023-09-03,7,7,S07_D07,global_gbm,0.06932883653887865,6.74861070399157,4327.0988044646965
2023-09-03,7,8,S07_D08,seasonal_naive,0.07720632901988034,7.383139212732437,1243.1293087959516
2023-09-03,7,8,S07_D08,holt_winters,0.07178692414897735,7.089149983031037,924.6277587558625
2023-09-03,7,8,S07_D08,global_gbm,0.057607607826207566,5.8802144414735915,822.117408227787
2023-09-03,7,9,S07_D09,seasonal_naive,0.03816431193962999,3.6746745960619553,1808.2465390987193
2023-09-03,7,9,S07_D09,holt_winters,0.04406157455958661,4.258972712695212,1903.9341624323774
2023-09-03,7,9,S07_D09,global_gbm,0.0496152857218489,4.747272590080512,2212.690526190762
2023-09-03,7,10,S07_D10,seasonal_naive,0.03974091935917979,3.8400106821780167,650.4958397541826
2023-09-03,7,10,S07_D10,holt_winters,0.026919705293645946,2.7031157878962753,367.5811212497003
2023-09-03,7,10,S07_D10,global_gbm,0.07605092563101021,7.477841201943685,904.5505793934991
2023-09-03,7,11,S07_D11,seasonal_naive,0.06920304458271727,7.00080562457582,2902.47093260639
2023-09-03,7,11,S07_D11,holt_winters,0.04674690905488751,4.509221671535606,2166.198653721834
2023-09-03,7,11,S07_D11,global_gbm,0.05895061246755217,5.767485203484961,2618.3980426534204
2023-09-03,7,12,S07_D12,seasonal_naive,0.07719247721204046,7.85241171197035,1453.0504962319785
2023-09-03,7,12,S07_D12,holt_winters,0.5413156562336875,54.062608057960524,8799.334690562926
2023-09-03,7,12,S07_D12,global_gbm,0.10677090259275153,10.404086429739111,1956.949676638371
2023-09-03,8,1,S08_D01,seasonal_naive,0.08379722351217404,8.329905201003134,2204.5705042847917
2023-09-03,8,1,S08_D01,holt_winters,0.07305496972980915,7.276174918903891,2181.305320258581
2023-09-03,8,1,S08_D01,global_gbm,0.05369479517701053,5.278452655563261,1580.214443047979
2023-09-03,8,2,S08_D02,seasonal_naive,0.0598066611153016,6.3284645388884675,2923.133271352421
2023-09-03,8,2,S08_D02,holt_winters,0.0557294292993315,5.712827836176275,2815.514119869764
2023-09-03,8,2,S08_D02,global_gbm,0.050314342146689214,5.365506752093861,2468.709573264286
2023-09-03,8,3,S08_D03,seasonal_naive,0.04487044401620363,4.415796068561841,2609.621588738969
2023-09-03,8,3,S08_D03,holt_winters,0.03311649862573605,3.287114876232283,2009.2362412085693
2023-09-03,8,3,S08_D03,global_gbm,0.04801082331224092,4.801598894144091,3328.346808170948
2023-09-03,8,4,S08_D04,seasonal_naive,0.07216319220751255,7.121057938528594,1271.8847641689085
2023-09-03,8,4,S08_D04,holt_winters,0.13705844169966735,13.7473544800494,2085.362418264604
2023-09-03,8,4,S08_D04,global_gbm,0.04041257194482864,3.882483309620704,798.9485417637396
2023-09-03,8,5,S08_D05,seasonal_naive,0.04465969849143539,4.609285334857393,1662.6163597850823
2023-09-03,8,5,S08_D05,holt_winters,0.03352472874309785,3.5465360178172713,1226.102578958157
2023-09-03,8,5,S08_D05,global_gbm,0.0337311502907915,3.4914448475005493,1419.3204103517676
2023-09-03,8,6,S08_D06,seasonal_naive,0.04453675481574517,4.530487859520681,2682.338546168716
2023-09-03,8,6,S08_D06,holt_winters,0.10086352093087139,9.875005520308534,5240.007665189673
2023-09-03,8,6,S08_D06,global_gbm,0.0447373328416572,4.352538128297693,2386.3201673547933
2023-09-03,8,7,S08_D07,seasonal_naive,0.07886526052038818,7.960453367532645,5124.03059492232
2023-09-03,8,7,S08_D07,holt_winters,0.0871040201792956,8.494679733599723,5031.230368214183
2023-09-03,8,7,S08_D07,global_gbm,0.03755631961875455,3.7093853224985978,2272.539212669319
2023-09-03,8,8,S08_D08,seasonal_naive,0.06151738377796642,6.1600017370591384,724.9441525214203
2023-09-03,8,8,S08_D08,holt_winters,0.10695042588809237,10.390091267380159,1293.9593059970139
2023-09-03,8,8,S08_D08,global_gbm,0.09102923402793676,8.85076247127166,1104.989019722044
2023-09-03,8,9,S08_D09,seasonal_naive,0.07157035520032123,7.235462791915628,2570.164627064285
2023-09-03,8,9,S08_D09,holt_winters,0.06229590506238572,6.507839564743686,2441.6435444344093
2023-09-03,8,9,S08_D09,global_gbm,0.05537701703295648,5.622490507175022,2172.058618515141
2023-09-03,8,10,S08_D10,seasonal_naive,0.04632914518645837,4.535731570419695,635.0747944533778
2023-09-03,8,10,S08_D10,holt_winters,0.07963619945873332,7.901168964673606,1164.1562252903277
2023-09-03,8,10,S08_D10,global_gbm,0.060288643707514314,5.9829048519717345,666.156420810568
2023-09-03,8,11,S08_D11,seasonal_naive,0.06307487876549057,6.4823192814765545,2604.055971484676
2023-09-03,8,11,S08_D11,holt_winters,0.05414926925378556,5.483975491221184,2449.9585655188725
2023-09-03,8,11,S08_D11,global_gbm,0.058558299973261126,5.738198432836379,2631.8746475081375
2023-09-03,8,12,S08_D12,seasonal_naive,0.042728910257268736,4.2285649162303445,789.2085862590445
2023-09-03,8,12,S08_D12,holt_winters,0.07435789377577534,7.161332239537351,1447.6833162935054
2023-09-03,8,12,S08_D12,global_gbm,0.048728731147646226,4.60790479847424,1086.4271552096934
2023-09-03,9,1,S09_D01,seasonal_naive,0.05710386875129856,5.930013238043416,707.8200441937909
2023-09-03,9,1,S09_D01,holt_winters,0.05068242501315912,5.248230013128528,577.8641098467134
2023-09-03,9,1,S09_D01,global_gbm,0.06983647484819933,6.998779693555086,724.9789580109411
2023-09-03,9,2,S09_D02,seasonal_naive,0.06868229155481433,6.308754563988483,1746.987452856345
2023-09-03,9,2,S09_D02,holt_winters,0.058165132118300135,5.576183416868128,1263.4236401151416
2023-09-03,9,2,S09_D02,global_gbm,0.0563692040214669,5.338060648477801,1362.5638116761897
2023-09-03,9,3,S09_D03,seasonal_naive,0.06485749747585462,6.730826157585007,1544.3690932505415
2023-09-03,9,3,S09_D03,holt_winters,0.05139732329379806,5.1493701703276615,1202.5859356800745
2023-09-03,9,3,S09_D03,global_gbm,0.054980010558985465,5.747970857517926,1346.7764200501938
2023-09-03,9,4,S09_D04,seasonal_naive,0.056649624343977245,5.736955210289076,397.2669691466936
2023-09-03,9,4,S09_D04,holt_winters,0.060440600231700205,6.177264903887367,396.8854959512204
2023-09-03,9,4,S09_D04,global_gbm,0.057764920888936915,5.7680383269352555,363.40520229263234
2023-09-03,9,5,S09_D05,seasonal_naive,0.09905708719325136,10.046144996622344,1337.5887606529143
2023-09-03,9,5,S09_D05,holt_winters,0.05136226298160831,5.073005370341883,719.6372651256555
2023-09-03,9,5,S09_D05,global_gbm,0.07838398098303813,7.596834393060458,1205.564463481339
2023-09-03,9,6,S09_D06,seasonal_naive,0.05040721532126357,4.836244371947602,1061.4937515654528
2023-09-03,9,6,S09_D06,holt_winters,0.04646310433922633,4.637953205032856,912.80189011199
2023-09-03,9,6,S09_D06,global_gbm,0.06042975757133525,5.847404578743872,1275.2664208218425
2023-09-03,9,7,S09_D07,seasonal_naive,0.08869159458154978,8.427693951218611,2495.1044428264927
2023-09-03,9,7,S09_D07,holt_winters,0.10128182671764822,9.74478280753464,2515.6959847866387
2023-09-03,9,7,S09_D07,global_gbm,0.03674692089330631,3.312156329168044,1314.6787124734333
2023-09-03,9,8,S09_D08,seasonal_naive,0.06942485604472069,6.679928033493122,453.4296183532787
2023-09-03,9,8,S09_D08,holt_winters,0.03814143456368872,3.7691220807223558,194.62058605411838
2023-09-03,9,8,S09_D08,global_gbm,0.07648721376558303,7.558270364236597,364.3022411327858
2023-09-03,9,9,S09_D09,seasonal_naive,0.06722608842715098,6.733376601287468,1031.2152633361766
2023-09-03,9,9,S09_D09,holt_winters,0.14125989746404183,14.192833246790862,3929.5186345728475
2023-09-03,9,9,S09_D09,global_gbm,0.10523370624862523,10.472195097496009,1358.9060210771042
2023-09-03,9,10,S09_D10,seasonal_naive,0.06841366973617792,6.692719395080945,363.93040215472524
2023-09-03,9,10,S09_D10,holt_winters,0.07625295531645683,7.357690369850428,379.19980480508366
2023-09-03,9,10,S09_D10,global_gbm,0.16945036906281705,17.374157104359334,758.0590591968202
2023-09-03,9,11,S09_D11,seasonal_naive,0.11890646929789347,11.390631006343604,2220.8533560632727
2023-09-03,9,11,S09_D11,holt_winters,0.1142144725270167,11.148808607787428,2184.2613862200765
2023-09-03,9,11,S09_D11,global_gbm,0.07598415317756993,7.421767279883729,1425.795609843769
2023-09-03,9,12,S09_D12,seasonal_naive,0.03883260012606252,3.780203131620456,266.8335419788899
2023-09-03,9,12,S09_D12,holt_winters,0.13339922672912038,13.26530317187234,819.6424483928329
2023-09-03,9,12,S09_D12,global_gbm,0.08230227332950872,8.137036037459596,559.2459757257759
2023-09-03,10,1,S10_D01,seasonal_naive,0.17676013068527205,17.478622830954173,10502.605825274979
2023-09-03,10,1,S10_D01,holt_winters,0.21582673267190908,21.157986481341894,13063.107274361737
2023-09-03,10,1,S10_D01,global_gbm,0.041491997860501714,3.8815307194458413,3472.031242700244
2023-09-03,10,2,S10_D02,seasonal_naive,0.1521318603567906,14.894824169470466,15652.568650945519
2023-09-03,10,2,S10_D02,holt_winters,0.0783384265164456,7.5369526633501795,8649.076023640746
2023-09-03,10,2,S10_D02,global_gbm,0.05942786572570896,5.654916733415438,6769.52386967456
2023-09-03,10,3,S10_D03,seasonal_naive,0.1453934847333274,14.329937992778907,16359.738037786163
2023-09-03,10,3,S10_D03,holt_winters,0.12137641868668428,11.92473115083494,14067.031931557618
2023-09-03,10,3,S10_D03,global_gbm,0.044224304256336104,4.405558004576317,5313.381168887682
2023-09-03,10,4,S10_D04,seasonal_naive,0.14007024532104298,13.555126395375359,4619.612445428999
2023-09-03,10,4,S10_D04,holt_winters,0.055995062400141245,5.242754361495713,2262.295912676682
2023-09-03,10,4,S10_D04,global_gbm,0.052060179346391365,4.780195702480935,2405.0346576348475
2023-09-03,10,5,S10_D05,seasonal_naive,0.21935204856755466,129.36231819753584,24065.549304308428
2023-09-03,10,5,S10_D05,holt_winters,0.18472276980534333,133.18974128111466,25087.821641336406
2023-09-03,10,5,S10_D05,global_gbm,0.19596888641035332,144.1737558104106,27147.28840076228
2023-09-03,10,6,S10_D06,seasonal_naive,0.11107831872109575,10.931884863374558,12241.476072382467
2023-09-03,10,6,S10_D06,holt_winters,0.05226260386493127,5.244791095790045,6090.309317149169
2023-09-03,10,6,S10_D06,global_gbm,0.022169565787596542,2.1618952716472672,2529.5408663139874
2023-09-03,10,7,S10_D07,seasonal_naive,0.08657558322539222,8.517436625564319,10057.336291730655
2023-09-03,10,7,S10_D07,holt_winters,0.04008074715210082,3.963955060275877,4636.755259016283
2023-09-03,10,7,S10_D07,global_gbm,0.045836065760791064,4.555232390468635,5843.454203911806
2023-09-03,10,8,S10_D08,seasonal_naive,0.11557329517468232,11.549057833670846,2915.0964395003302
2023-09-03,10,8,S10_D08,holt_winters,0.11963891414396441,12.137813673749653,2949.0630343953767
2023-09-03,10,8,S10_D08,global_gbm,0.03414259571627851,3.5069442043392685,976.439870868641
2023-09-03,10,9,S10_D09,seasonal_naive,0.07905608925382045,7.957367531571505,5557.192609591646
2023-09-03,10,9,S10_D09,holt_winters,0.2869492803749213,28.398075889795827,20162.926045428125
2023-09-03,10,9,S10_D09,global_gbm,0.022829578739353717,2.25376365995476,1915.850910644095
2023-09-03,10,10,S10_D10,seasonal_naive,0.12487055485324941,12.370272749416191,3332.0900788018917
2023-09-03,10,10,S10_D10,holt_winters,0.06596509671004465,6.506669357386604,1704.4912022783092
2023-09-03,10,10,S10_D10,global_gbm,0.05915616271500273,5.934485742226194,1480.8788830534565
2023-09-03,10,11,S10_D11,seasonal_naive,0.20811704964266242,20.24512522083548,19669.167401311755
2023-09-03,10,11,S10_D11,holt_winters,0.1570861163901034,15.236388906599474,15830.40019337023
2023-09-03,10,11,S10_D11,global_gbm,0.07321147779654641,7.2920813580129975,6910.303931216588
2023-09-03,10,12,S10_D12,seasonal_naive,0.1747264273570326,16.641225432486277,6921.872067294186
2023-09-03,10,12,S10_D12,holt_winters,0.19325103035934948,18.573927120878913,7471.249137441887
2023-09-03,10,12,S10_D12,global_gbm,0.07262343428106327,7.124944381295559,3052.543848592975
2023-09-03,11,1,S11_D01,seasonal_naive,0.05921568054866068,5.980515382225553,1296.4201886010953
2023-09-03,11,1,S11_D01,holt_winters,0.055269454133381524,5.439645960301304,1208.4401897749622
2023-09-03,11,1,S11_D01,global_gbm,0.04360786568295801,4.489609384471419,1042.094392465342
2023-09-03,11,2,S11_D02,seasonal_naive,0.07031317107648331,7.1099785957225246,2465.9649536971324
2023-09-03,11,2,S11_D02,holt_winters,0.2590905880972983,26.20409414786392,8232.714581364327
2023-09-03,11,2,S11_D02,global_gbm,0.14201235574969007,14.722155433896711,5009.790557402886
2023-09-03,11,3,S11_D03,seasonal_naive,0.07078397677820479,7.20847277398031,2685.7327011846323
2023-09-03,11,3,S11_D03,holt_winters,0.07206315064857005,7.094451803326496,3922.2360230818686
2023-09-03,11,3,S11_D03,global_gbm,0.040128555120502535,4.226084049802335,1792.6246325847092
2023-09-03,11,4,S11_D04,seasonal_naive,0.054332047814969496,5.50378552603007,564.7268933187967
2023-09-03,11,4,S11_D04,holt_winters,0.03750426745194349,3.7580934283364607,434.55423309687797
2023-09-03,11,4,S11_D04,global_gbm,0.14878207492963932,14.710923922261381,1477.656626456091
2023-09-03,11,5,S11_D05,seasonal_naive,0.056139615961136265,5.655913064681892,1447.9494635949827
2023-09-03,11,5,S11_D05,holt_winters,0.0468027225950794,4.601338770151743,1260.098751047763
2023-09-03,11,5,S11_D05,global_gbm,0.027968321578949483,2.7437743011595193,807.5244781550916
2023-09-03,11,6,S11_D06,seasonal_naive,0.0516571433254978,5.054499686432763,1820.0534255860464
2023-09-03,11,6,S11_D06,holt_winters,0.1493863017186442,14.903533545902636,4905.6489689585
2023-09-03,11,6,S11_D06,global_gbm,0.06416512839029957,6.6308689054093595,2289.2735634729265
2023-09-03,11,7,S11_D07,seasonal_naive,0.06007122757569421,6.051589691498851,2278.597050270186
2023-09-03,11,7,S11_D07,holt_winters,0.02833157335832693,2.8953366064740407,1217.7116776916823
2023-09-03,11,7,S11_D07,global_gbm,0.040194420891272765,4.221810384277861,1983.156450385561
2023-09-03,11,8,S11_D08,seasonal_naive,0.05923245492157712,5.837234872803693,695.2599930781291
2023-09-03,11,8,S11_D08,holt_winters,0.11916830408438782,11.842707749715784,1000.1398456733423
2023-09-03,11,8,S11_D08,global_gbm,0.09682342876992998,9.545665276583614,941.9694787698907
2023-09-03,11,9,S11_D09,seasonal_naive,0.029790508656019073,2.937304919908796,914.0492821437477
2023-09-03,11,9,S11_D09,holt_winters,0.05243080577799599,5.227348868272662,1303.8960534489286
2023-09-03,11,9,S11_D09,global_gbm,0.0391406956506278,3.8591712945825516,1074.7342051544979
2023-09-03,11,10,S11_D10,seasonal_naive,0.04688948581204644,4.69679385161835,489.10605143465585
2023-09-03,11,10,S11_D10,holt_winters,0.061528251156954525,6.11732374531198,482.7026672647718
2023-09-03,11,10,S11_D10,global_gbm,0.0507693762635801,5.079207433235935,421.448745958642
2023-09-03,11,11,S11_D11,seasonal_naive,0.2648557864798349,16.391098109695946,19155.136059177443
2023-09-03,11,11,S11_D11,holt_winters,0.2497141352723029,14.314559007168548,19006.588557232382
2023-09-03,11,11,S11_D11,global_gbm,0.24125711151787785,13.971522674530318,18332.471047270767
2023-09-03,11,12,S11_D12,seasonal_naive,0.061564641337968545,6.086550802101706,782.6950909278144
2023-09-03,11,12,S11_D12,holt_winters,0.03641708287034569,3.642203536253611,527.9908373017472
2023-09-03,11,12,S11_D12,global_gbm,0.06944192883315166,6.765847247220974,884.2560287884885
2023-09-03,12,1,S12_D01,seasonal_naive,0.07278127842162493,7.540369549372157,1877.0147456499913
2023-09-03,12,1,S12_D01,holt_winters,0.05941833466463297,5.920855977182852,1578.34972096676
2023-09-03,12,1,S12_D01,global_gbm,0.055421532592455254,5.873136962257405,1653.132150232347
2023-09-03,12,2,S12_D02,seasonal_naive,0.06860841258959975,7.040696349586434,3611.608070908303
2023-09-03,12,2,S12_D02,holt_winters,0.0525365223270013,5.1568845324713,3023.166267977647
2023-09-03,12,2,S12_D02,global_gbm,0.08306494878980053,8.759260043627052,4796.339198174146
2023-09-03,12,3,S12_D03,seasonal_naive,0.07074639477685149,7.211430763071994,3878.6448226168504
2023-09-03,12,3,S12_D03,holt_winters,0.05913184926767564,5.764853512148002,3485.2585609590783
2023-09-03,12,3,S12_D03,global_gbm,0.05727011570340282,6.1233855590688435,3960.9357847383144
2023-09-03,12,4,S12_D04,seasonal_naive,0.05838830690256273,5.939601216437836,829.1896172317886
2023-09-03,12,4,S12_D04,holt_winters,0.04943794418853521,5.061077623620731,811.9778811479888
2023-09-03,12,4,S12_D04,global_gbm,0.10431682666972293,10.09038720189552,1592.3839033527026
2023-09-03,12,5,S12_D05,seasonal_naive,0.07167161701286197,7.219871753519403,2438.454221899604
2023-09-03,12,5,S12_D05,holt_winters,0.05626660081821161,5.672186956790261,1783.1819730643508
2023-09-03,12,5,S12_D05,global_gbm,0.04553163326315196,4.631964851625415,1563.5299515167405
2023-09-03,12,6,S12_D06,seasonal_naive,0.06874001901289141,6.770365250897156,3528.1543715163607
2023-09-03,12,6,S12_D06,holt_winters,0.09331947026705487,8.725319305630089,5278.427205698713
2023-09-03,12,6,S12_D06,global_gbm,0.07731274154928366,7.369676824037963,4475.447955453941
2023-09-03,12,7,S12_D07,seasonal_naive,0.05197554071890211,5.3421479717660505,3045.7759444680096
2023-09-03,12,7,S12_D07,holt_winters,0.05229242767255843,5.3924287207578825,2824.8960141405955
2023-09-03,12,7,S12_D07,global_gbm,0.03686484521366879,3.8765427802804404,2274.290210018532
2023-09-03,12,8,S12_D08,seasonal_naive,0.05957041426120284,6.39256166802602,864.8325072810345
2023-09-03,12,8,S12_D08,holt_winters,0.10199929337028046,11.011515747392613,1371.3217275749284
2023-09-03,12,8,S12_D08,global_gbm,0.11188670204245078,10.940079063517743,1246.7852160736484
2023-09-03,12,9,S12_D09,seasonal_naive,0.05085568312812353,4.823474624961918,2410.4346682030186
2023-09-03,12,9,S12_D09,holt_winters,0.06704584939149763,6.794635128454002,2462.705737763013
2023-09-03,12,9,S12_D09,global_gbm,0.056279191277030474,5.354520236631792,2409.503638565218
2023-09-03,12,10,S12_D10,seasonal_naive,0.0620190462511232,6.251324496610241,706.3333653098937
2023-09-03,12,10,S12_D10,holt_winters,0.10249451404771225,10.090415057178664,1160.9754542990195
2023-09-03,12,10,S12_D10,global_gbm,0.06163235590963257,5.712045219981208,868.8481464911839
2023-09-03,12,11,S12_D11,seasonal_naive,0.05057285161071461,5.178984869074409,2330.3906057434874
2023-09-03,12,11,S12_D11,holt_winters,0.057170999570165554,5.976276043081651,2401.278560014276
2023-09-03,12,11,S12_D11,global_gbm,0.06556806529277337,6.553112761427679,2492.7956417840483
2023-09-03,12,12,S12_D12,seasonal_naive,0.07449898351682477,7.512232900676591,1440.8122545113222
2023-09-03,12,12,S12_D12,holt_winters,0.041299865612232554,4.182271901076688,749.8000798219246
2023-09-03,12,12,S12_D12,global_gbm,0.03555680929399466,3.701705501015927,825.3144768402303
2023-09-03,13,1,S13_D01,seasonal_naive,0.06230631396377256,6.274201251431697,770.8147540346515
2023-09-03,13,1,S13_D01,holt_winters,0.06222702136669077,6.156102991712559,775.0959044660581
2023-09-03,13,1,S13_D01,global_gbm,0.04076971025531261,3.816709467020005,625.9917705231231
2023-09-03,13,2,S13_D02,seasonal_naive,0.05719495609081316,5.6915495444200515,1282.97553158176
2023-09-03,13,2,S13_D02,holt_winters,0.07076997144208692,6.941415874184481,1440.595128305537
2023-09-03,13,2,S13_D02,global_gbm,0.039675622451228625,4.093796856021813,825.7875521441268
2023-09-03,13,3,S13_D03,seasonal_naive,0.053654315837996645,5.556115309751946,1366.137535869834
2023-09-03,13,3,S13_D03,holt_winters,0.048485824954976546,4.852253167912298,1268.5056453473148
2023-09-03,13,3,S13_D03,global_gbm,0.04597593843734318,4.849257597513673,1305.5138845440113
2023-09-03,13,4,S13_D04,seasonal_naive,0.0774124842527414,7.8426480372841265,569.1929470640864
2023-09-03,13,4,S13_D04,holt_winters,0.060141682191821616,6.02610342546149,412.28013355633266
2023-09-03,13,4,S13_D04,global_gbm,0.049710195894543466,4.871382282465267,353.5802619463584
2023-09-03,13,5,S13_D05,seasonal_naive,0.06112562836769651,6.021786491523031,1016.5206905850465
2023-09-03,13,5,S13_D05,holt_winters,0.1521939759729223,14.988905273424491,2257.7771727541613
2023-09-03,13,5,S13_D05,global_gbm,0.08908841115230985,8.615184581971123,1433.5589532453266
2023-09-03,13,6,S13_D06,seasonal_naive,0.08785364032401365,8.702676942560839,1937.5866389628882
2023-09-03,13,6,S13_D06,holt_winters,0.10481261084191076,10.229475368150373,2400.62895402006
2023-09-03,13,6,S13_D06,global_gbm,0.09207274080654997,9.571324635592765,1987.9142204935058
2023-09-03,13,7,S13_D07,seasonal_naive,0.05723080294661135,5.829922853537347,1586.8042167435149
2023-09-03,13,7,S13_D07,holt_winters,0.06190824388276102,6.046728583152635,1525.1309466029772
2023-09-03,13,7,S13_D07,global_gbm,0.05474863068727631,5.287788481649504,1448.940268482287
2023-09-03,13,8,S13_D08,seasonal_naive,0.041800688239414935,4.212563091652256,241.75090793521346
2023-09-03,13,8,S13_D08,holt_winters,0.11997276923086779,11.801098719513142,620.8180276110082
2023-09-03,13,8,S13_D08,global_gbm,0.07629919829465084,7.751322351764616,422.72172899748375
2023-09-03,13,9,S13_D09,seasonal_naive,0.08389450288472894,8.66426420456252,1521.353245333739
2023-09-03,13,9,S13_D09,holt_winters,0.06307940285995244,6.40516216986327,1038.737175944531
2023-09-03,13,9,S13_D09,global_gbm,0.054617494462842295,5.375451199190855,926.6426369992578
2023-09-03,13,10,S13_D10,seasonal_naive,0.050125994462167596,4.895015326094811,305.5862523290274
2023-09-03,13,10,S13_D10,holt_winters,0.06387985125611771,6.406946166882542,309.8497791725692
2023-09-03,13,10,S13_D10,global_gbm,0.10730979937905201,10.880878263427876,516.3412545087455
2023-09-03,13,11,S13_D11,seasonal_naive,0.06841242598493077,6.924946238144969,1316.6296164924286
2023-09-03,13,11,S13_D11,holt_winters,0.05286649696814216,5.055426621905488,1270.2350835292937
2023-09-03,13,11,S13_D11,global_gbm,0.05558495114453297,5.397552233370908,1309.6620315585806
2023-09-03,13,12,S13_D12,seasonal_naive,0.11967364628382796,12.017672764617062,1055.9407247745967
2023-09-03,13,12,S13_D12,holt_winters,0.3631341943998949,36.971842400033154,3489.2450537494333
2023-09-03,13,12,S13_D12,global_gbm,0.09173554662768743,8.817405124587612,824.2707242793753
2023-09-03,14,1,S14_D01,seasonal_naive,0.0641820740662896,6.497579246423219,708.9341258184717
2023-09-03,14,1,S14_D01,holt_winters,0.07066086220625874,7.019218310158788,806.4729235863597
2023-09-03,14,1,S14_D01,global_gbm,0.06115295793511531,6.069679947418684,718.624253558966
2023-09-03,14,2,S14_D02,seasonal_naive,0.0728543047430669,7.319670849247951,1471.9676757278
2023-09-03,14,2,S14_D02,holt_winters,0.14048999450608127,13.894971603123846,2447.5442809664337
2023-09-03,14,2,S14_D02,global_gbm,0.06927095398662872,6.871597589451252,1415.253555382988
2023-09-03,14,3,S14_D03,seasonal_naive,0.05462607227967264,5.498024783802592,1131.4464369558111
2023-09-03,14,3,S14_D03,holt_winters,0.051705646605808245,5.1860481652114485,1042.8660150228268
2023-09-03,14,3,S14_D03,global_gbm,0.03345526627044699,3.449606161520455,729.6208086930437
2023-09-03,14,4,S14_D04,seasonal_naive,0.04280286355823483,4.4565705839910095,303.8610988593306
2023-09-03,14,4,S14_D04,holt_winters,0.0363128394446966,3.6127807106519056,238.28148243485478
2023-09-03,14,4,S14_D04,global_gbm,0.028490133450532085,2.7608477088925625,195.18951188304825
2023-09-03,14,5,S14_D05,seasonal_naive,0.05470996602236852,5.264367945176165,814.5549839559632
2023-09-03,14,5,S14_D05,holt_winters,0.08976298967317471,8.58604215971868,1331.9999527606858
2023-09-03,14,5,S14_D05,global_gbm,0.09878521431830173,9.340611149625577,1501.0196310991132
2023-09-03,14,6,S14_D06,seasonal_naive,0.0671275293117973,6.978057790835676,1365.282366508848
2023-09-03,14,6,S14_D06,holt_winters,0.1330299595234646,13.070370506923263,2541.016957559209
2023-09-03,14,6,S14_D06,global_gbm,0.04561319831152711,4.780179312059703,991.6007426595261
2023-09-03,14,7,S14_D07,seasonal_naive,0.40836799192974366,18.34354061428838,30808.34891528817
2023-09-03,14,7,S14_D07,holt_winters,0.4660970025655143,25.64142774890124,31961.270747657985
2023-09-03,14,7,S14_D07,global_gbm,0.3854050027821103,15.99705210312769,29998.116102162792
2023-09-03,14,8,S14_D08,seasonal_naive,0.04704376020891641,4.902035476393812,259.2976505871197
2023-09-03,14,8,S14_D08,holt_winters,0.036306917056326146,3.7284371350445116,201.10387710040857
2023-09-03,14,8,S14_D08,global_gbm,0.1273679820455924,12.84414084861067,589.5942128735157
2023-09-03,14,9,S14_D09,seasonal_naive,0.040791176062719134,4.003619210390997,681.673824502966
2023-09-03,14,9,S14_D09,holt_winters,0.02509701937723288,2.5516377550671128,394.6612594078034
2023-09-03,14,9,S14_D09,global_gbm,0.06209105067314653,6.047764962348869,921.1962054766843
2023-09-03,14,10,S14_D10,seasonal_naive,0.04528734977572368,4.579414157088904,248.0177980004661
2023-09-03,14,10,S14_D10,holt_winters,0.061965631560158566,6.126565608188366,274.8380465573877
2023-09-03,14,10,S14_D10,global_gbm,0.2107391449223225,21.734124775535058,931.5605991105945
2023-09-03,14,11,S14_D11,seasonal_naive,0.042864229181235475,4.228265002806221,747.3088132174673
2023-09-03,14,11,S14_D11,holt_winters,0.05205131181472596,5.0420800113590705,924.3813640830791
2023-09-03,14,11,S14_D11,global_gbm,0.06124050215788049,6.277122408296052,1040.0566870636085
2023-09-03,14,12,S14_D12,seasonal_naive,0.08819631513724148,8.947672416620389,590.8970367690972
2023-09-03,14,12,S14_D12,holt_winters,0.04178856202278539,4.044511696168874,408.474757148596
2023-09-03,14,12,S14_D12,global_gbm,0.15742175299802907,16.316225707555425,1052.9024530596748
2023-09-03,15,1,S15_D01,seasonal_naive,0.12766390272788375,12.501864598470934,7994.4805825011235
2023-09-03,15,1,S15_D01,holt_winters,0.1916594481956846,18.83226827074426,10892.6088360481
2023-09-03,15,1,S15_D01,global_gbm,0.08122861766997065,8.586452597108165,4905.109921633673
2023-09-03,15,2,S15_D02,seasonal_naive,0.03253810194826879,3.236571010174554,3075.3819740033923
2023-09-03,15,2,S15_D02,holt_winters,0.02484932230006504,2.4603511680720973,2701.0621276210113
2023-09-03,15,2,S15_D02,global_gbm,0.04761787670380374,4.774945087310248,4441.058559622539
2023-09-03,15,3,S15_D03,seasonal_naive,0.07462853990195156,7.399229344751104,7408.459950325373
2023-09-03,15,3,S15_D03,holt_winters,0.1546873652585293,15.188918643977797,15439.979103911171
2023-09-03,15,3,S15_D03,global_gbm,0.046100059434916,4.639863949320483,5377.381723658963
2023-09-03,15,4,S15_D04,seasonal_naive,0.19908721349042632,61.99143318482756,9691.617773975482
2023-09-03,15,4,S15_D04,holt_winters,0.2100437036642871,63.3866499763388,9773.823764805999
2023-09-03,15,4,S15_D04,global_gbm,0.18023403762815066,65.24508526713633,10600.348187120659
2023-09-03,15,5,S15_D05,seasonal_naive,0.07061992596195592,6.94078408059443,4748.900398787071
2023-09-03,15,5,S15_D05,holt_winters,0.048770869409233156,4.965400155033308,4003.63127326706
2023-09-03,15,5,S15_D05,global_gbm,0.07131327921511837,7.340803808566984,5231.699020647693
2023-09-03,15,6,S15_D06,seasonal_naive,0.1022467560948079,9.88265802430662,11768.288371699387
2023-09-03,15,6,S15_D06,holt_winters,0.0541484958191227,5.394287309001909,5957.376670696426
2023-09-03,15,6,S15_D06,global_gbm,0.0511176695736956,4.96617315030771,5468.759653124634
2023-09-03,15,7,S15_D07,seasonal_naive,0.10585801333152643,10.501716215994955,11493.201380379185
2023-09-03,15,7,S15_D07,holt_winters,0.11549392947488706,11.359442741644193,12520.938325397983
2023-09-03,15,7,S15_D07,global_gbm,0.03877998243762985,4.005954612940548,4872.692870702216
2023-09-03,15,8,S15_D08,seasonal_naive,0.08542719867768096,8.515424251704694,1901.735657468592
2023-09-03,15,8,S15_D08,holt_winters,0.0363548754388729,3.672270049782801,840.0169992257644
2023-09-03,15,8,S15_D08,global_gbm,0.02668165516439828,2.589272801282447,785.565779328465
2023-09-03,15,9,S15_D09,seasonal_naive,0.23729007886178602,67.79742234844525,25364.91150584553
2023-09-03,15,9,S15_D09,holt_winters,0.20652519350414858,68.63310491399727,26734.15954878248
2023-09-03,15,9,S15_D09,global_gbm,0.2082520927412496,69.55462916789129,27188.501981705784
2023-09-03,15,10,S15_D10,seasonal_naive,0.08919265950337572,8.843650729336824,1960.9056463659851
2023-09-03,15,10,S15_D10,holt_winters,0.028980613860267443,2.92561394632588,732.3922009812221
2023-09-03,15,10,S15_D10,global_gbm,0.059687761090952904,6.292365192505212,1567.2863823223581
2023-09-03,15,11,S15_D11,seasonal_naive,0.10343306759865933,10.403315277066147,7975.392063843162
2023-09-03,15,11,S15_D11,holt_winters,0.06457149115354312,6.4914815744403604,5288.200817361439
2023-09-03,15,11,S15_D11,global_gbm,0.03404485865661509,3.43029878906487,2734.5444407941527
2023-09-03,15,12,S15_D12,seasonal_naive,0.10675116102626432,10.862729958039024,4158.544054772956
2023-09-03,15,12,S15_D12,holt_winters,0.21614069250866552,21.59193271082715,6902.797409490578
2023-09-03,15,12,S15_D12,global_gbm,0.0427689713446376,4.309426550125026,1496.5032755282057
2023-09-03,16,1,S16_D01,seasonal_naive,0.14930415877225178,14.313137034402693,4289.121638645844
2023-09-03,16,1,S16_D01,holt_winters,0.10409682877442836,9.686562967599713,3290.3600873835753
2023-09-03,16,1,S16_D01,global_gbm,0.0603971265234804,6.086487225172695,1816.5356391850473
2023-09-03,16,2,S16_D02,seasonal_naive,0.06673026086609915,6.577911675516071,3251.680957645213
2023-09-03,16,2,S16_D02,holt_winters,0.11932609619636643,11.223590401076795,11360.31103825265
2023-09-03,16,2,S16_D02,global_gbm,0.05569532382440608,5.289533104845036,2891.7520745217403
2023-09-03,16,3,S16_D03,seasonal_naive,0.18603623513397563,18.981925285656008,17045.3777028048
2023-09-03,16,3,S16_D03,holt_winters,0.10617498742355985,10.59943078708673,6550.546319124425
2023-09-03,16,3,S16_D03,global_gbm,0.06791787925086015,6.476242935876635,3880.1361832860084
2023-09-03,16,4,S16_D04,seasonal_naive,0.10711160817721536,10.453498363353136,1507.576566285275
2023-09-03,16,4,S16_D04,holt_winters,0.0715850721292603,6.994938393900697,1011.8673969350875
2023-09-03,16,4,S16_D04,global_gbm,0.1289437232064452,12.405687846181394,1913.8482804533746
2023-09-03,16,5,S16_D05,seasonal_naive,0.0664918956604389,6.687018091636733,2394.234497759671
2023-09-03,16,5,S16_D05,holt_winters,0.09937828043452666,9.899085719942278,3330.1124109457437
2023-09-03,16,5,S16_D05,global_gbm,0.038400775056389946,3.828304968877812,1275.3139843923227
2023-09-03,16,6,S16_D06,seasonal_naive,0.07392501572534045,7.341350607751476,3955.2799225244457
2023-09-03,16,6,S16_D06,holt_winters,0.04317675099739649,4.289678735213247,2653.2882637275566
2023-09-03,16,6,S16_D06,global_gbm,0.04528986723854012,4.279055592495543,2639.126560326963
2023-09-03,16,7,S16_D07,seasonal_naive,0.05042135047425878,5.099773606932638,2659.4686420387616
2023-09-03,16,7,S16_D07,holt_winters,0.07673056091663874,7.6369838637744785,3654.620228024976
2023-09-03,16,7,S16_D07,global_gbm,0.02271715496972787,2.2472946843998636,1341.9894913105265
2023-09-03,16,8,S16_D08,seasonal_naive,0.07322771749818893,7.279483665589693,811.9299036477838
2023-09-03,16,8,S16_D08,holt_winters,0.050163248504543644,5.213199422378545,594.282212054369
2023-09-03,16,8,S16_D08,global_gbm,0.11901698223795051,11.552550007141463,1377.6144328820865
2023-09-03,16,9,S16_D09,seasonal_naive,0.08144393033027092,8.022813555528238,2847.1187649688063
2023-09-03,16,9,S16_D09,holt_winters,0.05765245109183737,5.869024376104319,1993.7158142400788
2023-09-03,16,9,S16_D09,global_gbm,0.0623040528240054,6.07990690524405,2264.508426235636
2023-09-03,16,10,S16_D10,seasonal_naive,0.07292410354104459,7.302648161904587,813.4186498430555
2023-09-03,16,10,S16_D10,holt_winters,0.06730005737118727,6.759465750764379,750.1445494457321
2023-09-03,16,10,S16_D10,global_gbm,0.075596191544018,7.350619465895888,923.1961620356285
2023-09-03,16,11,S16_D11,seasonal_naive,0.11792935827560093,11.35777374142298,4785.9683640042995
2023-09-03,16,11,S16_D11,holt_winters,0.11476568677305651,10.96527539558691,4888.225762620888
2023-09-03,16,11,S16_D11,global_gbm,0.08721705070602673,8.213150887892185,3742.659349056223
2023-09-03,16,12,S16_D12,seasonal_naive,0.09503077806594483,9.302824382145737,1508.8822695334786
2023-09-03,16,12,S16_D12,holt_winters,0.11250450549695776,10.961471495655692,2414.1067113912877
2023-09-03,16,12,S16_D12,global_gbm,0.08503795236710872,8.24800778778891,1359.0660764528554
2023-09-03,17,1,S17_D01,seasonal_naive,0.060749623875254934,6.155267253670892,1564.974822037882
2023-09-03,17,1,S17_D01,holt_winters,0.06883953204625091,6.7507255668325215,1723.0715932452003
2023-09-03,17,1,S17_D01,global_gbm,0.05426050039504954,5.395636528783479,1359.842979064139
2023-09-03,17,2,S17_D02,seasonal_naive,0.04245811503567784,4.075085723089788,2204.9268462326595
2023-09-03,17,2,S17_D02,holt_winters,0.04524942109153658,4.401281851770091,2150.868340078546
2023-09-03,17,2,S17_D02,global_gbm,0.03313150690560413,3.2166003487459953,1726.8282915427922
2023-09-03,17,3,S17_D03,seasonal_naive,0.06107916170834342,6.028325199088529,3262.049560238163
2023-09-03,17,3,S17_D03,holt_winters,0.06128959550263204,6.0667654230641235,2698.5604511520187
2023-09-03,17,3,S17_D03,global_gbm,0.04527186134625187,4.458575224646588,2084.9493295239104
2023-09-03,17,4,S17_D04,seasonal_naive,0.10376723764147701,10.1897720196751,1624.9101713440964
2023-09-03,17,4,S17_D04,holt_winters,0.03280202981119223,3.290569336484095,473.43416471910683
2023-09-03,17,4,S17_D04,global_gbm,0.025263796127168805,2.509432482872103,349.3400558758661
2023-09-03,17,5,S17_D05,seasonal_naive,0.0684604134067728,6.760577551476238,2089.42465354999
2023-09-03,17,5,S17_D05,holt_winters,0.07631275235722908,7.419494177835098,2327.237077999576
2023-09-03,17,5,S17_D05,global_gbm,0.07183742615560236,6.980781410406685,2213.607374844755
2023-09-03,17,6,S17_D06,seasonal_naive,0.07667158519762704,7.729968689711167,4360.183319596494
2023-09-03,17,6,S17_D06,holt_winters,0.0729629989186678,7.3018487143511805,3121.177549740614
2023-09-03,17,6,S17_D06,global_gbm,0.05688301918911836,5.634778290872294,3309.2811834101512
2023-09-03,17,7,S17_D07,seasonal_naive,0.03875848005880976,3.866134647569129,1976.2751055710844
2023-09-03,17,7,S17_D07,holt_winters,0.10737360633784418,10.763072952676698,7519.447484108009
2023-09-03,17,7,S17_D07,global_gbm,0.031305390103396544,3.122390957378121,1453.7873652629032
2023-09-03,17,8,S17_D08,seasonal_naive,0.0478082595829358,4.9342719077126524,586.1246275537311
2023-09-03,17,8,S17_D08,holt_winters,0.057716975268427145,5.637863566607208,621.1572695101029
2023-09-03,17,8,S17_D08,global_gbm,0.09597197980632469,9.438442950249925,938.2498309692131
2023-09-03,17,9,S17_D09,seasonal_naive,0.06520848108525837,6.550870947959181,2147.7464080432073
2023-09-03,17,9,S17_D09,holt_winters,0.07750671422421083,7.8415303949007615,2964.1914230568987
2023-09-03,17,9,S17_D09,global_gbm,0.09152127955480621,8.787770822616475,2963.1689294103157
2023-09-03,17,10,S17_D10,seasonal_naive,0.08673642193804273,8.541207983503352,1018.702515365747
2023-09-03,17,10,S17_D10,holt_winters,0.09850985463724504,9.737611842145332,1039.2745845928664
2023-09-03,17,10,S17_D10,global_gbm,0.06962584151010749,6.798942126500944,828.9076552503171
2023-09-03,17,11,S17_D11,seasonal_naive,0.09646750057056874,9.073100805113162,4337.070689679267
2023-09-03,17,11,S17_D11,holt_winters,0.0708002019377751,6.972761823827464,2726.6845871888854
2023-09-03,17,11,S17_D11,global_gbm,0.06213274831332285,6.153763579274093,2152.6160226487905
2023-09-03,17,12,S17_D12,seasonal_naive,0.05922287366127464,6.062356677050759,898.8112502077398
2023-09-03,17,12,S17_D12,holt_winters,0.05115790754747077,5.195695175971007,771.1179380041817
2023-09-03,17,12,S17_D12,global_gbm,0.05882186851301338,6.037701706635629,805.3265178553239
2023-09-03,18,1,S18_D01,seasonal_naive,0.20065809039115512,19.9091029202038,9399.184072953489
2023-09-03,18,1,S18_D01,holt_winters,0.17751372624510678,18.08238909244339,6995.171941019025
2023-09-03,18,1,S18_D01,global_gbm,0.058223075424764834,5.796839538163317,1435.3379014289176
2023-09-03,18,2,S18_D02,seasonal_naive,0.07051547439557404,6.622931836889272,3489.1167937244504
2023-09-03,18,2,S18_D02,holt_winters,0.05064909939721171,4.633177662972318,2617.578642768778
2023-09-03,18,2,S18_D02,global_gbm,0.058343350352577414,5.296587492600009,3122.077703023269
2023-09-03,18,3,S18_D03,seasonal_naive,0.06976359109186407,7.031091262570986,3315.0137674167345
2023-09-03,18,3,S18_D03,holt_winters,0.07079918347705458,6.838711392523883,3861.205095276828
2023-09-03,18,3,S18_D03,global_gbm,0.04939600567901674,5.073874465443735,2540.4231108495383
2023-09-03,18,4,S18_D04,seasonal_naive,0.03893655052494062,3.800488564174903,720.198897961529
2023-09-03,18,4,S18_D04,holt_winters,0.07407111321049892,7.380736268130854,922.3288583721513
2023-09-03,18,4,S18_D04,global_gbm,0.1430369729097751,14.231245118566482,1676.0229758418939
2023-09-03,18,5,S18_D05,seasonal_naive,0.049453683393386565,4.935303567768779,1320.2547501855463
2023-09-03,18,5,S18_D05,holt_winters,0.0701167305031735,7.06115309293453,1906.8428234366804
2023-09-03,18,5,S18_D05,global_gbm,0.05134416241568931,4.9778104419490505,1670.531741302454
2023-09-03,18,6,S18_D06,seasonal_naive,0.05318685594001986,5.260009596052593,2646.190766132044
2023-09-03,18,6,S18_D06,holt_winters,0.1797389774459149,17.62451179188705,7488.79863905715
2023-09-03,18,6,S18_D06,global_gbm,0.05468309030312874,5.427904506538609,2657.3276197343157
2023-09-03,18,7,S18_D07,seasonal_naive,0.09395158459275878,9.664503948132902,5452.0826185653605
2023-09-03,18,7,S18_D07,holt_winters,0.0408465482504824,4.138040835759171,1817.5207299001095
2023-09-03,18,7,S18_D07,global_gbm,0.06886188271966255,7.127333908582948,3568.218856483468
2023-09-03,18,8,S18_D08,seasonal_naive,0.31616155511461624,28.801085654429137,5847.194985990078
2023-09-03,18,8,S18_D08,holt_winters,0.1601334824531043,15.674287239285167,1831.6607313448162
2023-09-03,18,8,S18_D08,global_gbm,0.1522790796446839,15.565856663826095,1573.0651758812746
2023-09-03,18,9,S18_D09,seasonal_naive,0.05185779823998304,5.071002149314948,1861.8020246927426
2023-09-03,18,9,S18_D09,holt_winters,0.038172345250318006,3.836139484086778,1155.5927491018176
2023-09-03,18,9,S18_D09,global_gbm,0.07349327376825801,7.213363686594265,2198.890135587413
2023-09-03,18,10,S18_D10,seasonal_naive,0.4402550092977425,44.66666584883005,7188.570944728862
2023-09-03,18,10,S18_D10,holt_winters,0.1202557998087277,12.154083979212327,1771.9612910366604
2023-09-03,18,10,S18_D10,global_gbm,0.042546605213984144,4.0789659692042495,498.5496463044969
2023-09-03,18,11,S18_D11,seasonal_naive,0.06556620165834638,6.582377256543702,2219.1790624744553
2023-09-03,18,11,S18_D11,holt_winters,0.05880368734434298,5.904599704304952,2243.492952004233
2023-09-03,18,11,S18_D11,global_gbm,0.066920628499029,6.825239320977861,2373.3127298156355
2023-09-03,18,12,S18_D12,seasonal_naive,0.05568644721314975,5.308048261693025,979.8134514283831
2023-09-03,18,12,S18_D12,holt_winters,0.08073508466462823,7.713713484704139,1336.3693839731955
2023-09-03,18,12,S18_D12,global_gbm,0.0549242152298764,5.198768703276178,949.4644974409775
2023-09-03,19,1,S19_D01,seasonal_naive,0.03347953449123139,3.3425671652670395,988.4352313568644
2023-09-03,19,1,S19_D01,holt_winters,0.08003343668451955,7.956930652706529,2275.9335540395036
2023-09-03,19,1,S19_D01,global_gbm,0.02653251397042303,2.6830934990517314,878.896990864498
2023-09-03,19,2,S19_D02,seasonal_naive,0.04616964782771233,4.816686299783522,2899.228850998573
2023-09-03,19,2,S19_D02,holt_winters,0.02546502669618947,2.489633426874381,1624.5730401701646
2023-09-03,19,2,S19_D02,global_gbm,0.0411518441971651,4.2539381084458965,2079.0345725087927
2023-09-03,19,3,S19_D03,seasonal_naive,0.05990338937351226,5.990845922691912,3958.320982321607
2023-09-03,19,3,S19_D03,holt_winters,0.07583547506373078,7.215882696882189,4923.91629147367
2023-09-03,19,3,S19_D03,global_gbm,0.06454416845730736,6.706789374306254,3859.185271628394
2023-09-03,19,4,S19_D04,seasonal_naive,0.05053048580804266,4.9466219512800125,954.3635599969227
2023-09-03,19,4,S19_D04,holt_winters,0.03620105701556917,3.589892422855449,654.9408533736728
2023-09-03,19,4,S19_D04,global_gbm,0.07719007348414401,7.5854954055453,1344.659626401882
2023-09-03,19,5,S19_D05,seasonal_naive,0.3719019644298037,17.289935479793233,47029.78657885127
2023-09-03,19,5,S19_D05,holt_winters,0.3742911938558552,16.563598817876027,47977.115221746426
2023-09-03,19,5,S19_D05,global_gbm,0.3524322932562725,13.784065677657987,47336.77590349809
2023-09-03,19,6,S19_D06,seasonal_naive,0.06703278671709811,6.476690620965401,3996.697197272708
2023-09-03,19,6,S19_D06,holt_winters,0.05287802521213081,5.232090099694365,2963.4404599592594
2023-09-03,19,6,S19_D06,global_gbm,0.04802752186779022,4.514475015233574,3529.820272442513
2023-09-03,19,7,S19_D07,seasonal_naive,0.08897713796034275,8.900264546461397,5870.6516087377395
2023-09-03,19,7,S19_D07,holt_winters,0.0637525818186441,6.498081450200729,4360.1271575530955
2023-09-03,19,7,S19_D07,global_gbm,0.06070958797077074,6.204155120388614,4036.169473388421
2023-09-03,19,8,S19_D08,seasonal_naive,0.08575957252125771,8.371394812065228,1199.2307966567569
2023-09-03,19,8,S19_D08,holt_winters,0.05627350833132655,5.5834847672551,762.6268716252029
2023-09-03,19,8,S19_D08,global_gbm,0.037829849355606536,3.797299794873104,496.140765983949
2023-09-03,19,9,S19_D09,seasonal_naive,0.059689537199633734,5.811653836134257,2699.212563929525
2023-09-03,19,9,S19_D09,holt_winters,0.03910855973839217,3.9419198423673696,1667.255824873527
2023-09-03,19,9,S19_D09,global_gbm,0.041367977730430404,4.004967168678612,1924.1243779803663
2023-09-03,19,10,S19_D10,seasonal_naive,0.045873995920759136,4.767441752327135,585.45869506311
2023-09-03,19,10,S19_D10,holt_winters,0.046828174384880704,4.633298842953662,686.1430393247415
2023-09-03,19,10,S19_D10,global_gbm,0.06114555745059316,6.134078356595259,751.1396998815939
2023-09-03,19,11,S19_D11,seasonal_naive,0.06035909333627825,6.171174982692332,2508.2623311169027
2023-09-03,19,11,S19_D11,holt_winters,0.025652266457532134,2.565094443099928,1130.1553643389932
2023-09-03,19,11,S19_D11,global_gbm,0.06083238029488608,6.031907499926524,2813.3432903405414
2023-09-03,19,12,S19_D12,seasonal_naive,0.06520146310555171,6.452946930749098,1520.03484719101
2023-09-03,19,12,S19_D12,holt_winters,0.04836108884512319,4.692142912655826,951.0050504910756
2023-09-03,19,12,S19_D12,global_gbm,0.06297961118178103,5.979995149857246,1401.0952260480215
2023-09-03,20,1,S20_D01,seasonal_naive,0.02966327285082074,3.00528619248144,763.2915632967522
2023-09-03,20,1,S20_D01,holt_winters,0.02983634127569076,2.9773424186374116,823.3326645880762
2023-09-03,20,1,S20_D01,global_gbm,0.040103891806817005,3.947993091130306,1127.606674938137
2023-09-03,20,2,S20_D02,seasonal_naive,0.05254534730084355,5.144469419739649,2711.2133156254954
2023-09-03,20,2,S20_D02,holt_winters,0.04339243377408818,4.491643857449791,1939.928869229239
2023-09-03,20,2,S20_D02,global_gbm,0.05636592480405369,5.731104724532973,2473.2834291934346
2023-09-03,20,3,S20_D03,seasonal_naive,0.08834698473611576,8.317720792903916,5498.2527407622865
2023-09-03,20,3,S20_D03,holt_winters,0.09873318579244512,9.287954804502082,5941.138662792041
2023-09-03,20,3,S20_D03,global_gbm,0.061192024962701826,5.857442375913361,3423.0063039413503
2023-09-03,20,4,S20_D04,seasonal_naive,0.5487391302457872,54.776591581568326,14045.804602546361
2023-09-03,20,4,S20_D04,holt_winters,1.1786000565335262,118.38429061058716,15065.803065913336
2023-09-03,20,4,S20_D04,global_gbm,1.0427385558050382,104.98862029962916,13049.167961421954
2023-09-03,20,5,S20_D05,seasonal_naive,0.07361631965274662,7.550807499137016,2406.6057989261562
2023-09-03,20,5,S20_D05,holt_winters,0.051451881933995365,5.465286813622707,1877.316938736408
2023-09-03,20,5,S20_D05,global_gbm,0.062950742261379,6.587074872847615,2059.9304161052687
2023-09-03,20,6,S20_D06,seasonal_naive,0.05325226746047778,5.437641560067403,2397.9170976834266
2023-09-03,20,6,S20_D06,holt_winters,0.13089854287738492,12.915868416344093,5614.762614491027
2023-09-03,20,6,S20_D06,global_gbm,0.04614504630564922,4.456244496193195,2312.5650986767664
2023-09-03,20,7,S20_D07,seasonal_naive,0.056088046334591954,5.727618943080993,2600.272415940298
2023-09-03,20,7,S20_D07,holt_winters,0.05173201456196102,5.201178378143872,2398.9533349409344
2023-09-03,20,7,S20_D07,global_gbm,0.04134755348292486,4.324755600784149,2368.5945593737233
2023-09-03,20,8,S20_D08,seasonal_naive,0.0625236743641856,6.399622204678621,683.450580665859
2023-09-03,20,8,S20_D08,holt_winters,0.07122664317365614,6.943684730894906,747.4316622556235
2023-09-03,20,8,S20_D08,global_gbm,0.10034933777781978,9.790485356791672,1010.2516072503524
2023-09-03,20,9,S20_D09,seasonal_naive,0.05781820087703061,5.822213013677683,1820.761403530815
2023-09-03,20,9,S20_D09,holt_winters,0.04741033719141093,4.739013713078776,1391.1008062916142
2023-09-03,20,9,S20_D09,global_gbm,0.047869817704346423,4.556609751261763,1890.4124518546625
2023-09-03,20,10,S20_D10,seasonal_naive,0.07490477862068007,7.218540671305895,991.7641585893792
2023-09-03,20,10,S20_D10,holt_winters,0.0889276875394412,8.595885758710956,1059.924701243506
2023-09-03,20,10,S20_D10,global_gbm,0.09204141853489312,9.504082442378888,1051.9236118348606
2023-09-03,20,11,S20_D11,seasonal_naive,0.045966209852570494,4.725312895495446,2047.7871240713714
2023-09-03,20,11,S20_D11,holt_winters,0.0295163728937122,2.8816937521545665,1137.2304110877496
2023-09-03,20,11,S20_D11,global_gbm,0.033458048681913294,3.543094970696091,1242.4464169871394
2023-09-03,20,12,S20_D12,seasonal_naive,0.06134012266803427,6.037934988829462,955.5347480664944
2023-09-03,20,12,S20_D12,holt_winters,0.11996865814098472,11.91438092777369,2273.2201723262588
2023-09-03,20,12,S20_D12,global_gbm,0.08988557945250795,8.679495588330347,1436.3402934827243
2023-10-29,1,1,S01_D01,seasonal_naive,0.09432763419337811,11.282037339340473,3420.6094422302876
2023-10-29,1,1,S01_D01,holt_winters,0.147588391174949,16.19859899819832,5697.420936723658
2023-10-29,1,1,S01_D01,global_gbm,0.09558996266901432,9.84868303657598,3324.6775283349593
2023-10-29,1,2,S01_D02,seasonal_naive,0.05021832710941399,4.898725460261693,3315.2712774748934
2023-10-29,1,2,S01_D02,holt_winters,0.1587496641254976,16.84028449284016,13047.430666881164
2023-10-29,1,2,S01_D02,global_gbm,0.047732028049010694,4.336551910657086,3431.427733760595
2023-10-29,1,3,S01_D03,seasonal_naive,0.08435008667716151,8.54717616852922,6849.1146272027345
2023-10-29,1,3,S01_D03,holt_winters,0.18079922843095514,18.53669421451424,14127.469183747056
2023-10-29,1,3,S01_D03,global_gbm,0.08391182126624538,8.132943576164726,6405.9479786341835
2023-10-29,1,4,S01_D04,seasonal_naive,0.0794793298769441,7.93451375749589,1176.7584240988035
2023-10-29,1,4,S01_D04,holt_winters,0.04449401998789533,4.449471434941109,760.6405218827274
2023-10-29,1,4,S01_D04,global_gbm,0.07390054301309948,7.3816448419159215,1098.666343386
2023-10-29,1,5,S01_D05,seasonal_naive,0.11729217967050859,10.972098482396783,5072.912591902949
2023-10-29,1,5,S01_D05,holt_winters,0.20399556409661812,22.322064962413645,9715.274886840421
2023-10-29,1,5,S01_D05,global_gbm,0.08782701345614623,9.260228493859342,3484.0695043205224
2023-10-29,1,6,S01_D06,seasonal_naive,0.06502142287386213,6.597516465406255,4675.576411159111
2023-10-29,1,6,S01_D06,holt_winters,0.1765785460801385,17.98438938346535,12626.687798959441
2023-10-29,1,6,S01_D06,global_gbm,0.05942955962788363,6.15182376358138,4745.6450149082
2023-10-29,1,7,S01_D07,seasonal_naive,0.09476267807778792,10.108553590885768,5905.821560293284
2023-10-29,1,7,S01_D07,holt_winters,0.1041355664101488,11.427743420000944,8054.3311024637205
2023-10-29,1,7,S01_D07,global_gbm,0.08249883076423148,8.393397625967209,4522.631126962054
2023-10-29,1,8,S01_D08,seasonal_naive,0.06816590442266131,6.517775260243732,1078.3701681009172
2023-10-29,1,8,S01_D08,holt_winters,0.11894602690437288,11.682090207885938,1520.05883746666
2023-10-29,1,8,S01_D08,global_gbm,0.0585884720839465,5.7061233784815775,783.8613397065055
2023-10-29,1,9,S01_D09,seasonal_naive,0.10347705515652385,10.510070847791003,3892.1564228763345
2023-10-29,1,9,S01_D09,holt_winters,0.05928788514512949,6.041303413063929,2183.201883751035
2023-10-29,1,9,S01_D09,global_gbm,0.10689543409560334,10.572142648418483,4484.8173621698415
2023-10-29,1,10,S01_D10,seasonal_naive,0.08000289056072209,7.5519889253327035,1240.0485775162208
2023-10-29,1,10,S01_D10,holt_winters,0.12595780063666834,11.84281949253448,2657.798925809356
2023-10-29,1,10,S01_D10,global_gbm,0.08466554078138108,8.326082658727382,1294.2497693866324
2023-10-29,1,11,S01_D11,seasonal_naive,0.05336144006157153,5.9719343410756025,2802.7819880076286
2023-10-29,1,11,S01_D11,holt_winters,0.1651092317779691,18.79794441813451,12612.738957351059
2023-10-29,1,11,S01_D11,global_gbm,0.07945085105654597,7.093178837774454,5612.038945385504
2023-10-29,1,12,S01_D12,seasonal_naive,0.026937510395469072,2.7222093916152246,601.8519358924589
2023-10-29,1,12,S01_D12,holt_winters,0.2949502562711845,33.26694621644515,7004.573683197635
2023-10-29,1,12,S01_D12,global_gbm,0.057282646635786874,6.58817934879758,1440.7961864029708
2023-10-29,2,1,S02_D01,seasonal_naive,0.06791480119620992,7.042475270538265,3986.63847322528
2023-10-29,2,1,S02_D01,holt_winters,0.1248670534188048,14.088421475675922,9892.860260626949
2023-10-29,2,1,S02_D01,global_gbm,0.07351473736014555,7.421974841180513,4596.651203760351
2023-10-29,2,2,S02_D02,seasonal_naive,0.08372573486041408,9.052777004348513,9462.559851463291
2023-10-29,2,2,S02_D02,holt_winters,0.1582504842061396,15.876070101456307,21814.043615195307
2023-10-29,2,2,S02_D02,global_gbm,0.06676956179604632,7.428460250741847,7813.0404829243325
2023-10-29,2,3,S02_D03,seasonal_naive,0.095210841061041,10.821601863927569,11630.21117395606
2023-10-29,2,3,S02_D03,holt_winters,0.15006619183608885,17.36795246955105,23663.616805975646
2023-10-29,2,3,S02_D03,global_gbm,0.04081567230376885,3.632153719931823,8079.889841920537
2023-10-29,2,4,S02_D04,seasonal_naive,0.08913525104418087,9.086963111781223,2295.4882155872638
2023-10-29,2,4,S02_D04,holt_winters,0.0644648268015778,6.510316190248414,1619.4298917662704
2023-10-29,2,4,S02_D04,global_gbm,0.07591070960608919,7.515112672512276,2005.387757282249
2023-10-29,2,5,S02_D05,seasonal_naive,0.047629239620572306,4.488038869031626,4163.119900274615
2023-10-29,2,5,S02_D05,holt_winters,0.10319625114370906,10.592352365868589,9163.659314337108
2023-10-29,2,5,S02_D05,global_gbm,0.0487960355106395,4.653764199159779,3583.4358257210956
2023-10-29,2,6,S02_D06,seasonal_naive,0.1065766301991018,10.222031998712083,11328.940665093642
2023-10-29,2,6,S02_D06,holt_winters,0.11857128166029061,12.218095041555433,15708.53875743249
2023-10-29,2,6,S02_D06,global_gbm,0.08570851800269852,7.314644403486834,11423.161524294172
2023-10-29,2,7,S02_D07,seasonal_naive,0.04874745874297256,4.8889116836182245,5234.259079847165
2023-10-29,2,7,S02_D07,holt_winters,0.04665876538344069,4.520321538618964,5136.216166070655
2023-10-29,2,7,S02_D07,global_gbm,0.049970209704454795,4.74033897768291,5529.8778807027065
2023-10-29,2,8,S02_D08,seasonal_naive,0.06721280352859743,6.332318206640247,1585.6289731917107
2023-10-29,2,8,S02_D08,holt_winters,0.08784550568398677,8.511278847557746,2073.785120932317
2023-10-29,2,8,S02_D08,global_gbm,0.031343869399462015,3.1936818238615015,873.3567812960935
2023-10-29,2,9,S02_D09,seasonal_naive,0.05202963958475093,4.947243091796059,4181.955723626804
2023-10-29,2,9,S02_D09,holt_winters,0.10302858826457269,9.860967662952298,6827.534133994071
2023-10-29,2,9,S02_D09,global_gbm,0.05201809721859944,5.005631235615803,3828.829695183594
2023-10-29,2,10,S02_D10,seasonal_naive,0.06185503581847178,6.0247221597125185,1766.4961396999993
2023-10-29,2,10,S02_D10,holt_winters,0.11718759935478587,11.9204174134273,4156.348497181242
2023-10-29,2,10,S02_D10,global_gbm,0.05750834317504251,6.023280415431353,1504.1290878260845
2023-10-29,2,11,S02_D11,seasonal_naive,0.0491990454954361,4.551944526466781,5828.127991288244
2023-10-29,2,11,S02_D11,holt_winters,0.14520153919171871,16.79935357244572,19020.94075309392
2023-10-29,2,11,S02_D11,global_gbm,0.07849715248819267,7.155600005996885,8065.6216073766855
2023-10-29,2,12,S02_D12,seasonal_naive,0.05613405321617937,5.07762955621016,2783.5461083683335
2023-10-29,2,12,S02_D12,holt_winters,0.1257988768090565,13.267742170242117,7086.342009251422
2023-10-29,2,12,S02_D12,global_gbm,0.025342716483301983,2.339516124940118,1194.5129587950983
2023-10-29,3,1,S03_D01,seasonal_naive,0.07874814043810599,7.399413270744429,4780.860564494377
2023-10-29,3,1,S03_D01,holt_winters,0.18087330668333224,16.309642850938722,10285.894107463295
2023-10-29,3,1,S03_D01,global_gbm,0.07826577548156922,7.650779839897748,4453.948484396167
2023-10-29,3,2,S03_D02,seasonal_naive,0.11589739326812051,11.252048335419355,11329.939299441325
2023-10-29,3,2,S03_D02,holt_winters,0.20910626464119345,20.947192966763627,22536.717357199326
2023-10-29,3,2,S03_D02,global_gbm,0.11781473299771097,10.902850311796174,11660.53652046926
2023-10-29,3,3,S03_D03,seasonal_naive,0.056856914189244316,5.639775460289416,6595.88653544768
2023-10-29,3,3,S03_D03,holt_winters,0.14761283701234543,16.32370399682275,18518.228384406873
2023-10-29,3,3,S03_D03,global_gbm,0.0432546308299562,3.6604980362638386,5627.302473835915
2023-10-29,3,4,S03_D04,seasonal_naive,0.04174706284161651,4.308584347069138,938.4281023005975
2023-10-29,3,4,S03_D04,holt_winters,0.09410557408046884,9.067740727782331,2257.1686536801562
2023-10-29,3,4,S03_D04,global_gbm,0.05778937750173983,5.8002705265816346,1441.6608954879296
2023-10-29,3,5,S03_D05,seasonal_naive,0.05569879920002971,5.776649424752036,3206.246798900937
2023-10-29,3,5,S03_D05,holt_winters,0.12519672665981108,13.607794759372238,9460.59632808961
2023-10-29,3,5,S03_D05,global_gbm,0.04142252180605397,4.097128501958754,2551.864884934977
2023-10-29,3,6,S03_D06,seasonal_naive,0.08042774959575286,6.91919676772369,9084.24936500534
2023-10-29,3,6,S03_D06,holt_winters,0.16957090857545623,16.710110753354567,16404.78692761589
2023-10-29,3,6,S03_D06,global_gbm,0.08634978316217953,7.695552399138328,9070.093682785624
2023-10-29,3,7,S03_D07,seasonal_naive,0.07787397073365099,7.670964642443281,5993.383595815264
2023-10-29,3,7,S03_D07,holt_winters,0.0695770121067409,6.67857816932989,6149.043886258597
2023-10-29,3,7,S03_D07,global_gbm,0.06034418029344077,5.6839047549548,5266.146693379876
2023-10-29,3,8,S03_D08,seasonal_naive,0.06757851836644944,6.809234537537967,1294.730820725876
2023-10-29,3,8,S03_D08,holt_winters,0.07488229587305165,7.550724227250225,1225.2342511286429
2023-10-29,3,8,S03_D08,global_gbm,0.08962500245388282,8.767656285530482,1704.1580220198216
2023-10-29,3,9,S03_D09,seasonal_naive,0.08693559936014619,8.663111520067764,5587.010962218527
2023-10-29,3,9,S03_D09,holt_winters,0.07004430109140025,7.061468413396421,4182.640057669656
2023-10-29,3,9,S03_D09,global_gbm,0.09039324937574653,9.113480464292643,5602.0203079642
2023-10-29,3,10,S03_D10,seasonal_naive,0.04241172513209342,4.184393164178698,843.442582596765
2023-10-29,3,10,S03_D10,holt_winters,0.14217092769361356,13.996223799145419,3548.042724098381
2023-10-29,3,10,S03_D10,global_gbm,0.04932838819998441,5.524930858825685,1080.8458702717667
2023-10-29,3,11,S03_D11,seasonal_naive,0.08656198441301914,9.925910783922088,6385.1616700323275
2023-10-29,3,11,S03_D11,holt_winters,0.15207308492385765,16.29592758966346,14816.8582542992
2023-10-29,3,11,S03_D11,global_gbm,0.07582989565342999,7.891587964370049,5661.482796500565
2023-10-29,3,12,S03_D12,seasonal_naive,0.051089369607905444,4.933320402738629,1717.6257349572695
2023-10-29,3,12,S03_D12,holt_winters,0.14285796150734495,16.162340130945445,5678.385629429632
2023-10-29,3,12,S03_D12,global_gbm,0.07723209979611567,8.273890704937816,2211.8474807652055
2023-10-29,4,1,S04_D01,seasonal_naive,0.13412293341190953,12.745373323397235,7524.584460932875
2023-10-29,4,1,S04_D01,holt_winters,0.1439940983999664,15.968554630732118,9409.154003353728
2023-10-29,4,1,S04_D01,global_gbm,0.11585203560225124,10.299097809737814,7350.506268292444
2023-10-29,4,2,S04_D02,seasonal_naive,0.08101289055315174,7.644519893415741,8160.393802959966
2023-10-29,4,2,S04_D02,holt_winters,0.15114066248830246,17.537472917005935,19130.707165442866
2023-10-29,4,2,S04_D02,global_gbm,0.05202242279575741,5.232022986478872,4964.198356609434
2023-10-29,4,3,S04_D03,seasonal_naive,0.03960626822833527,4.072888087086185,4185.876550932908
2023-10-29,4,3,S04_D03,holt_winters,0.13071397246247932,14.067632028140101,19072.30654118885
2023-10-29,4,3,S04_D03,global_gbm,0.05946908154921588,5.475530673351938,6833.422870258406
2023-10-29,4,4,S04_D04,seasonal_naive,0.05720772398054479,5.703132661543392,1453.3997287996854
2023-10-29,4,4,S04_D04,holt_winters,0.11767649570741481,12.262612266581087,3667.6896056423393
2023-10-29,4,4,S04_D04,global_gbm,0.059174860339640124,5.736494833404441,1571.2807976407266
2023-10-29,4,5,S04_D05,seasonal_naive,0.053271499317163996,5.72953976571867,3954.2828844763367
2023-10-29,4,5,S04_D05,holt_winters,0.14196616069565116,15.904444997665273,11674.171061612418
2023-10-29,4,5,S04_D05,global_gbm,0.058014153213160516,6.602595201796673,4165.004544886213
2023-10-29,4,6,S04_D06,seasonal_naive,0.047554493400269696,5.480064935422209,4958.581584645702
2023-10-29,4,6,S04_D06,holt_winters,0.1548410705480667,17.52183447657534,16087.050700550453
2023-10-29,4,6,S04_D06,global_gbm,0.05074401081101473,5.050782074290957,4625.819437179523
2023-10-29,4,7,S04_D07,seasonal_naive,0.056381899520738125,5.864836165277179,5842.550270468369
2023-10-29,4,7,S04_D07,holt_winters,0.08653606524450627,9.155573345802262,11213.210184298294
2023-10-29,4,7,S04_D07,global_gbm,0.05348646835115673,5.219624670027483,5077.05615310218
2023-10-29,4,8,S04_D08,seasonal_naive,0.047940885318569236,4.835264735837917,926.426958555017
2023-10-29,4,8,S04_D08,holt_winters,0.04789613488547678,4.987875350864369,961.8977336449748
2023-10-29,4,8,S04_D08,global_gbm,0.06894041483860211,6.8268851245754885,1587.1522347956336
2023-10-29,4,9,S04_D09,seasonal_naive,0.07383032958063915,7.0198299462020275,5214.82965649766
2023-10-29,4,9,S04_D09,holt_winters,0.10141863602485766,10.006542982689925,6611.596458376786
2023-10-29,4,9,S04_D09,global_gbm,0.049576668446317,5.02699093673096,2865.425284178245
2023-10-29,4,10,S04_D10,seasonal_naive,0.04640575127945243,4.343000365455447,1147.8806692825253
2023-10-29,4,10,S04_D10,holt_winters,0.13399101684959086,13.911219797482739,3594.851746538864
2023-10-29,4,10,S04_D10,global_gbm,0.049619559840563966,5.113867176096444,1506.9392476253754
2023-10-29,4,11,S04_D11,seasonal_naive,0.09859447673135789,11.285852954883342,9904.187415845889
2023-10-29,4,11,S04_D11,holt_winters,0.195941497128527,23.7973707440071,20213.432159021144
2023-10-29,4,11,S04_D11,global_gbm,0.05368018130411449,6.319368644144395,5512.461418825864
2023-10-29,4,12,S04_D12,seasonal_naive,0.049285768175067336,5.234218091357626,2170.961689436275
2023-10-29,4,12,S04_D12,holt_winters,0.10478435042090187,10.036361010745926,4802.528176103354
2023-10-29,4,12,S04_D12,global_gbm,0.06937568708075535,6.574328217976455,2277.0363387829816
2023-10-29,5,1,S05_D01,seasonal_naive,0.1200281121756504,11.804635955447395,5243.235474693797
2023-10-29,5,1,S05_D01,holt_winters,0.3106293113501469,36.009710543914245,21937.140692485027
2023-10-29,5,1,S05_D01,global_gbm,0.05899575638441494,5.757084577405258,2519.103589227137
2023-10-29,5,2,S05_D02,seasonal_naive,0.06088556348540415,5.995102072008299,5075.298800834292
2023-10-29,5,2,S05_D02,holt_winters,0.1444708527990012,15.913732282992083,13399.48766759944
2023-10-29,5,2,S05_D02,global_gbm,0.033870390844085656,3.2929932972642795,2998.515774953385
2023-10-29,5,3,S05_D03,seasonal_naive,0.09398950836137321,9.163892982213591,8154.274304159443
2023-10-29,5,3,S05_D03,holt_winters,0.13584321087152623,14.24917994461622,13749.641505871748
2023-10-29,5,3,S05_D03,global_gbm,0.06536113986105238,5.677067709179464,7081.235328111389
2023-10-29,5,4,S05_D04,seasonal_naive,0.10562434845764547,10.292786314103022,1860.2353700304973
2023-10-29,5,4,S05_D04,holt_winters,0.08935716321458655,8.594238559891958,1756.5462327817613
2023-10-29,5,4,S05_D04,global_gbm,0.0709129443380325,6.951020980011696,1368.967147607765
2023-10-29,5,5,S05_D05,seasonal_naive,0.08409869558474188,8.44162950356184,4071.298595858268
2023-10-29,5,5,S05_D05,holt_winters,0.09172564663433094,9.202864380966878,7334.606470531098
2023-10-29,5,5,S05_D05,global_gbm,0.04566368517627925,4.41248279291311,2479.6505085797335
2023-10-29,5,6,S05_D06,seasonal_naive,0.06428477591470443,6.2898061317857605,4960.159134798498
2023-10-29,5,6,S05_D06,holt_winters,0.11473580914923302,12.437603491116093,10771.327557059101
2023-10-29,5,6,S05_D06,global_gbm,0.0396010146362071,3.988560095484734,3505.039427095054
2023-10-29,5,7,S05_D07,seasonal_naive,0.08264519337748123,7.829576325232826,5959.685909984056
2023-10-29,5,7,S05_D07,holt_winters,0.06780846725286581,7.0220003141763385,4667.828632885
2023-10-29,5,7,S05_D07,global_gbm,0.0640235035135344,6.568616819598636,4081.9785659561658
2023-10-29,5,8,S05_D08,seasonal_naive,0.08129214689211851,8.311002591219967,1207.7277104701625
2023-10-29,5,8,S05_D08,holt_winters,0.05280401029277333,5.3303742840003965,828.2071725354515
2023-10-29,5,8,S05_D08,global_gbm,0.060237638912474314,6.192942503707196,877.3318757218854
2023-10-29,5,9,S05_D09,seasonal_naive,0.05604634153829996,5.665840721782192,2600.618032254545
2023-10-29,5,9,S05_D09,holt_winters,0.06224515124945207,6.188286275950031,3378.463903825724
2023-10-29,5,9,S05_D09,global_gbm,0.04801357943071927,4.6968215050973425,2234.9794856874855
2023-10-29,5,10,S05_D10,seasonal_naive,0.075978140101331,7.621005541817554,1360.1935106355268
2023-10-29,5,10,S05_D10,holt_winters,0.1726310366192066,19.141292076959,3535.951626321379
2023-10-29,5,10,S05_D10,global_gbm,0.08322994836215879,7.436910288735694,1663.100877484791
2023-10-29,5,11,S05_D11,seasonal_naive,0.09424908176863353,9.059607299459598,6765.337444708504
2023-10-29,5,11,S05_D11,holt_winters,0.16183262550996644,16.669088454404836,13888.973093056924
2023-10-29,5,11,S05_D11,global_gbm,0.041586549008906556,4.4688203692947335,3359.058982993926
2023-10-29,5,12,S05_D12,seasonal_naive,0.0701109144414867,8.281675508284014,1884.4984052493921
2023-10-29,5,12,S05_D12,holt_winters,0.11527047240286566,12.503602059057291,3615.423920827985
2023-10-29,5,12,S05_D12,global_gbm,0.0683940626652309,6.961637379346159,2053.983192390482
2023-10-29,6,1,S06_D01,seasonal_naive,0.05491243771778077,4.975565922405798,2101.779006446086
2023-10-29,6,1,S06_D01,holt_winters,0.11260911695867859,11.824958269449892,4846.819042227048
2023-10-29,6,1,S06_D01,global_gbm,0.09660590434818452,8.371041785428103,3375.796599674002
2023-10-29,6,2,S06_D02,seasonal_naive,0.06777605598250767,8.087369328158763,4002.9619641335594
2023-10-29,6,2,S06_D02,holt_winters,0.1823639451403431,21.47462629765255,13512.195175950457
2023-10-29,6,2,S06_D02,global_gbm,0.05753035528102068,6.666045804335948,3217.77220542971
2023-10-29,6,3,S06_D03,seasonal_naive,0.09380840327921836,11.531071631414571,5498.168938546724
2023-10-29,6,3,S06_D03,holt_winters,0.17424898390531798,20.60505946879853,13653.488822639581
2023-10-29,6,3,S06_D03,global_gbm,0.08379299945216094,9.936273795372895,5189.03967206365
2023-10-29,6,4,S06_D04,seasonal_naive,0.17864510069567838,19.37730647864905,4865.1259763301605
2023-10-29,6,4,S06_D04,holt_winters,0.077972117277751,7.972800531125208,1006.0777698423985
2023-10-29,6,4,S06_D04,global_gbm,0.05188282595302844,5.188291935293865,718.5451460550682
2023-10-29,6,5,S06_D05,seasonal_naive,0.0380732265925623,4.004128089735434,1445.8998244864677
2023-10-29,6,5,S06_D05,holt_winters,0.11849938144518844,13.518887115417504,6057.492746945299
2023-10-29,6,5,S06_D05,global_gbm,0.05203281038150487,5.2270522566519,1938.2480336558574
2023-10-29,6,6,S06_D06,seasonal_naive,0.06527840627986943,7.358793865232692,3604.846244741237
2023-10-29,6,6,S06_D06,holt_winters,0.1568435586161985,17.20767322667128,11082.946805524984
2023-10-29,6,6,S06_D06,global_gbm,0.05257691061169624,6.041880894405483,2801.597298331817
2023-10-29,6,7,S06_D07,seasonal_naive,0.0547488332682755,5.371875420632698,2674.9651694438003
2023-10-29,6,7,S06_D07,holt_winters,0.06522818427989209,6.558524634583188,4143.289834053867
2023-10-29,6,7,S06_D07,global_gbm,0.05872540592670575,5.77195563144696,3272.386462157612
2023-10-29,6,8,S06_D08,seasonal_naive,0.05714356789044837,5.757223752295772,710.2175187574575
2023-10-29,6,8,S06_D08,holt_winters,0.0994790457983422,10.629575836364214,1232.7921450126187
2023-10-29,6,8,S06_D08,global_gbm,0.09748708813021252,10.1104023309778,1066.5152275590467
2023-10-29,6,9,S06_D09,seasonal_naive,0.04648556241517461,4.838362806153697,1721.8213885809994
2023-10-29,6,9,S06_D09,holt_winters,0.06410778382863781,6.83078008742797,2344.35576847688
2023-10-29,6,9,S06_D09,global_gbm,0.06578637949378026,6.75558286287871,2750.7562561078184
2023-10-29,6,10,S06_D10,seasonal_naive,0.06015146198390393,6.537185660098572,725.4661732034789
2023-10-29,6,10,S06_D10,holt_winters,0.2048797772314055,22.667751842452738,2526.4821346532963
2023-10-29,6,10,S06_D10,global_gbm,0.09083840525282846,9.37731876218214,1477.1091699358487
2023-10-29,6,11,S06_D11,seasonal_naive,0.11117462079315253,11.425339666037509,6443.232296315839
2023-10-29,6,11,S06_D11,holt_winters,0.20214462416521264,24.038391400325843,11035.989605641038
2023-10-29,6,11,S06_D11,global_gbm,0.0883424552343836,7.891895967023397,6907.37104922218
2023-10-29,6,12,S06_D12,seasonal_naive,0.03744293088139344,3.9788485530627846,801.1947564731054
2023-10-29,6,12,S06_D12,holt_winters,0.1194644168288618,13.017434364041966,3170.2876179927175
2023-10-29,6,12,S06_D12,global_gbm,0.08620357458462934,8.122963000424948,1895.8850712829076
2023-10-29,7,1,S07_D01,seasonal_naive,0.07484341500404329,7.359109293792746,3634.25747230951
2023-10-29,7,1,S07_D01,holt_winters,0.10661838165526646,10.047857943369667,6737.008372967373
2023-10-29,7,1,S07_D01,global_gbm,0.07658207850894651,7.164071725806713,3667.9826562763637
2023-10-29,7,2,S07_D02,seasonal_naive,0.044642134160133934,5.6494709377776084,3897.265118530239
2023-10-29,7,2,S07_D02,holt_winters,0.1429053687869386,15.862246922896855,15680.772238914771
2023-10-29,7,2,S07_D02,global_gbm,0.03588914274185736,3.469389555729818,2972.4874932231232
2023-10-29,7,3,S07_D03,seasonal_naive,0.07955149201315447,8.84838466394882,7444.52173544748
2023-10-29,7,3,S07_D03,holt_winters,0.14945299795753395,15.886831354570235,15549.740610525007
2023-10-29,7,3,S07_D03,global_gbm,0.059513819343686186,5.602101039048649,6138.79650819496
2023-10-29,7,4,S07_D04,seasonal_naive,0.05340251913167246,5.309796691823075,1059.7227181850456
2023-10-29,7,4,S07_D04,holt_winters,0.04008805879408813,4.102705422039531,884.6374636352259
2023-10-29,7,4,S07_D04,global_gbm,0.051784387012681315,5.142500466195941,1195.6217873044873
2023-10-29,7,5,S07_D05,seasonal_naive,0.0718682995759675,7.074004719173196,4061.8159409308532
2023-10-29,7,5,S07_D05,holt_winters,0.12708646041403074,12.786235459350836,8192.002306222717
2023-10-29,7,5,S07_D05,global_gbm,0.04953958074469953,4.771469315209678,2777.2415376102567
2023-10-29,7,6,S07_D06,seasonal_naive,0.04253009133759109,4.567078903304102,3269.758505448072
2023-10-29,7,6,S07_D06,holt_winters,0.15896974310304887,15.339511176600487,14658.470877330232
2023-10-29,7,6,S07_D06,global_gbm,0.039532839341778835,4.275465708007688,3004.634375518069
2023-10-29,7,7,S07_D07,seasonal_naive,0.0586425465522835,5.59594603588482,4701.74944779733
2023-10-29,7,7,S07_D07,holt_winters,0.07253785707751856,7.266915009145333,6515.643262206486
2023-10-29,7,7,S07_D07,global_gbm,0.055016174729047386,5.324774878555306,4564.081043256483
2023-10-29,7,8,S07_D08,seasonal_naive,0.03570404943230756,3.7112374096260705,627.798247329506
2023-10-29,7,8,S07_D08,holt_winters,0.09810595530992532,9.71503929831568,2003.91340032812
2023-10-29,7,8,S07_D08,global_gbm,0.04970334892077714,4.830972456954813,838.922367058599
2023-10-29,7,9,S07_D09,seasonal_naive,0.05435369973281278,5.615791413127282,2734.0534282178915
2023-10-29,7,9,S07_D09,holt_winters,0.06121634446251974,5.987283022387452,3060.317703563878
2023-10-29,7,9,S07_D09,global_gbm,0.03160627745840605,3.2495582811826282,1569.1980079488937
2023-10-29,7,10,S07_D10,seasonal_naive,0.08121470949499031,8.558238162332552,1749.2320268870849
2023-10-29,7,10,S07_D10,holt_winters,0.10832425767078471,10.51672716832825,2921.5062557647116
2023-10-29,7,10,S07_D10,global_gbm,0.08848658164536408,8.59083248524084,1663.0666154680116
2023-10-29,7,11,S07_D11,seasonal_naive,0.06980112977789299,8.164032634626663,5425.204026421498
2023-10-29,7,11,S07_D11,holt_winters,0.15392282012499583,17.760465694471574,16015.46257873355
2023-10-29,7,11,S07_D11,global_gbm,0.04317946130216343,3.699824059135368,3647.821919133328
2023-10-29,7,12,S07_D12,seasonal_naive,0.05086755136429994,4.811810228141273,1625.7140619086429
2023-10-29,7,12,S07_D12,holt_winters,0.15919823918254833,16.887254276201336,5471.966548029417
2023-10-29,7,12,S07_D12,global_gbm,0.08960079559496938,8.720317496380448,2520.04782078241
2023-10-29,8,1,S08_D01,seasonal_naive,0.05342282583159667,5.605692540758458,2174.6803209494938
2023-10-29,8,1,S08_D01,holt_winters,0.10977053724162827,11.391333921763625,5778.715700465769
2023-10-29,8,1,S08_D01,global_gbm,0.03625257415404248,3.4368447523068495,1618.979135103678
2023-10-29,8,2,S08_D02,seasonal_naive,0.08465271325951437,7.588358099332966,6741.615027584267
2023-10-29,8,2,S08_D02,holt_winters,0.143522334451742,15.00371148357336,13855.53896053513
2023-10-29,8,2,S08_D02,global_gbm,0.07050964339706178,6.519933244137172,5368.767320354655
2023-10-29,8,3,S08_D03,seasonal_naive,0.1255480188429069,12.580682048254953,12200.839958534105
2023-10-29,8,3,S08_D03,holt_winters,0.22656214274551126,26.41096602872588,21007.053256285555
2023-10-29,8,3,S08_D03,global_gbm,0.10175888383589494,10.213174675928299,8835.091674601581
2023-10-29,8,4,S08_D04,seasonal_naive,0.06810190119765576,6.4794702443558405,1344.516138723332
2023-10-29,8,4,S08_D04,holt_winters,0.06558694723747309,6.00558204702594,1659.3703613393302
2023-10-29,8,4,S08_D04,global_gbm,0.06379148379436832,6.1646761424012215,1213.9162536796034
2023-10-29,8,5,S08_D05,seasonal_naive,0.07545613553677774,7.0130745774965195,4391.935610717387
2023-10-29,8,5,S08_D05,holt_winters,0.10731973687143063,11.484438262927501,6762.123531066128
2023-10-29,8,5,S08_D05,global_gbm,0.07553141420747823,6.637294396902711,4923.586620334002
2023-10-29,8,6,S08_D06,seasonal_naive,0.05794090829408217,5.442367320364245,4587.581483563803
2023-10-29,8,6,S08_D06,holt_winters,0.16108467725559045,17.194712031633426,15265.725282062851
2023-10-29,8,6,S08_D06,global_gbm,0.07253409854213136,6.930969341297175,5345.514904621487
2023-10-29,8,7,S08_D07,seasonal_naive,0.08173084032588368,8.039103503424633,5744.338869563232
2023-10-29,8,7,S08_D07,holt_winters,0.10336669670084095,10.60412212205852,7051.2877756549715
2023-10-29,8,7,S08_D07,global_gbm,0.07232685843792477,7.215066553543159,5030.977275468391
2023-10-29,8,8,S08_D08,seasonal_naive,0.03486222629714142,3.4517136599672,647.4326224210515
2023-10-29,8,8,S08_D08,holt_winters,0.062127935719913735,6.46067700712922,1092.8714017901232
2023-10-29,8,8,S08_D08,global_gbm,0.051996266239048405,5.246348610222474,772.7482456496386
2023-10-29,8,9,S08_D09,seasonal_naive,0.06736596561451491,6.940881889799866,3854.978642784549
2023-10-29,8,9,S08_D09,holt_winters,0.06258530311161244,6.426235261270522,3232.7299822997484
2023-10-29,8,9,S08_D09,global_gbm,0.06289316403232004,6.4560460597340965,3576.037581617422
2023-10-29,8,10,S08_D10,seasonal_naive,0.04474447460689286,4.726809065254163,920.1683916069383
2023-10-29,8,10,S08_D10,holt_winters,0.12740671883913549,13.97644409509865,2744.787205069515
2023-10-29,8,10,S08_D10,global_gbm,0.06429537417366903,6.61130833152181,1195.2328828065015
2023-10-29,8,11,S08_D11,seasonal_naive,0.0511709554712495,4.632106515871856,4932.429936693225
2023-10-29,8,11,S08_D11,holt_winters,0.18874765322570783,19.66262761892089,14921.677557793257
2023-10-29,8,11,S08_D11,global_gbm,0.04134018435608088,3.843841996856062,3481.441387137791
2023-10-29,8,12,S08_D12,seasonal_naive,0.0472370799492951,4.514061344833446,1366.632405431323
2023-10-29,8,12,S08_D12,holt_winters,0.11990577543660154,14.051559312894533,4370.921969320654
2023-10-29,8,12,S08_D12,global_gbm,0.07436876203024292,6.596721434839075,2498.1899074212943
2023-10-29,9,1,S09_D01,seasonal_naive,0.043517888370440204,4.840780147840161,806.4090120869186
2023-10-29,9,1,S09_D01,holt_winters,0.13758488713059394,14.676824862929214,2563.557826496898
2023-10-29,9,1,S09_D01,global_gbm,0.10721600495823022,11.470121403185955,1848.9833501409487
2023-10-29,9,2,S09_D02,seasonal_naive,0.048129556822010776,5.787034143627811,1627.875270506005
2023-10-29,9,2,S09_D02,holt_winters,0.1455825841745042,15.842887988423396,6321.277787259449
2023-10-29,9,2,S09_D02,global_gbm,0.08701976957007201,9.16312444968576,2879.2128091801333
2023-10-29,9,3,S09_D03,seasonal_naive,0.04130622138748094,4.009289621358584,1660.565739672779
2023-10-29,9,3,S09_D03,holt_winters,0.12484348178122023,13.786118867714181,5849.1059194396
2023-10-29,9,3,S09_D03,global_gbm,0.03962868155210495,3.8128887867225765,1458.213512960764
2023-10-29,9,4,S09_D04,seasonal_naive,0.06850105856484474,7.218789787155251,498.6527424094848
2023-10-29,9,4,S09_D04,holt_winters,0.05784838108076877,6.113928765154809,443.4860020672272
2023-10-29,9,4,S09_D04,global_gbm,0.04380863536095193,4.609089727310598,378.2000544793022
2023-10-29,9,5,S09_D05,seasonal_naive,0.18820521341424623,21.586510523472246,5850.511078358882
2023-10-29,9,5,S09_D05,holt_winters,0.13334010993326428,14.413192100131814,3059.5332845992166
2023-10-29,9,5,S09_D05,global_gbm,0.09101850097569457,8.49881871420127,2160.6831354149094
2023-10-29,9,6,S09_D06,seasonal_naive,0.061060075761343195,6.610484990726966,1943.808865410897
2023-10-29,9,6,S09_D06,holt_winters,0.12881264667364767,13.198984712304936,5285.247011783882
2023-10-29,9,6,S09_D06,global_gbm,0.06761834970281703,6.169628058498598,2321.682825749136
2023-10-29,9,7,S09_D07,seasonal_naive,0.06716963992441403,6.778037110835779,1893.232247114046
2023-10-29,9,7,S09_D07,holt_winters,0.13093949517467346,13.42335780923721,4408.938728530311
2023-10-29,9,7,S09_D07,global_gbm,0.07897676512561963,7.4888628496926835,2743.82777806547
2023-10-29,9,8,S09_D08,seasonal_naive,0.05705556674520234,5.690520646041266,379.3232902650453
2023-10-29,9,8,S09_D08,holt_winters,0.07358962824359278,7.657175402415513,477.41041285968123
2023-10-29,9,8,S09_D08,global_gbm,0.19043007509149135,20.019036127480778,1078.6175291256175
2023-10-29,9,9,S09_D09,seasonal_naive,0.1004623801762408,10.863222586133162,1899.5180405631843
2023-10-29,9,9,S09_D09,holt_winters,0.18127587818196841,18.77981889870278,4580.205906564747
2023-10-29,9,9,S09_D09,global_gbm,0.05197316376040264,5.321503318723112,1050.7509867744527
2023-10-29,9,10,S09_D10,seasonal_naive,0.04268877534234784,4.896862773637813,289.68376024554766
2023-10-29,9,10,S09_D10,holt_winters,0.12596648587943168,14.411688976419757,1289.7249264747381
2023-10-29,9,10,S09_D10,global_gbm,0.2563441359621378,25.973551022231156,1837.3591797718732
2023-10-29,9,11,S09_D11,seasonal_naive,0.04089737135848628,4.1520534184496265,1201.1402662002056
2023-10-29,9,11,S09_D11,holt_winters,0.17269321590215256,18.143493234466355,5976.283888123632
2023-10-29,9,11,S09_D11,global_gbm,0.060513088210100784,5.720623514034216,1809.1330115512164
2023-10-29,9,12,S09_D12,seasonal_naive,0.06200565541855382,5.734445511365539,671.2904625514202
2023-10-29,9,12,S09_D12,holt_winters,0.14389027361278195,15.911100151387428,1827.4041445310904
2023-10-29,9,12,S09_D12,global_gbm,0.15611186575918942,17.00366462453697,1877.5356696393876
2023-10-29,10,1,S10_D01,seasonal_naive,0.1232604233687444,12.31783284644738,11608.08496598491
2023-10-29,10,1,S10_D01,holt_winters,0.09798462933127823,8.961068343313869,13350.796753939921
2023-10-29,10,1,S10_D01,global_gbm,0.05909059091505197,5.675340545096249,5637.000055043132
2023-10-29,10,2,S10_D02,seasonal_naive,0.11125324513221135,10.33587424909122,21945.40127837521
2023-10-29,10,2,S10_D02,holt_winters,0.12863303577016116,14.68107850331305,27667.20500477202
2023-10-29,10,2,S10_D02,global_gbm,0.09292943813896139,7.270480131417754,20708.521744769812
2023-10-29,10,3,S10_D03,seasonal_naive,0.09471448581595418,8.993225510015007,20676.63200413634
2023-10-29,10,3,S10_D03,holt_winters,0.12495882397485156,14.208782084502907,30022.381310703204
2023-10-29,10,3,S10_D03,global_gbm,0.15662931433459013,12.919162412600407,33758.63278654373
2023-10-29,10,4,S10_D04,seasonal_naive,0.082924778116601,8.33111736168438,3211.9846333867317
2023-10-29,10,4,S10_D04,holt_winters,0.08326517864010399,8.383322859669681,3090.900137902093
2023-10-29,10,4,S10_D04,global_gbm,0.08994905979262385,8.786446737262581,4089.0859865990833
2023-10-29,10,5,S10_D05,seasonal_naive,0.12332163108688662,11.826577709750746,14047.140366736567
2023-10-29,10,5,S10_D05,holt_winters,0.18798552461280377,17.500809911557553,21229.86627262628
2023-10-29,10,5,S10_D05,global_gbm,0.046019038644967224,5.0217435175146115,5702.618229661027
2023-10-29,10,6,S10_D06,seasonal_naive,0.094874484473749,9.668322083914324,14662.495573551338
2023-10-29,10,6,S10_D06,holt_winters,0.14919205488423357,15.96307795538211,27410.431592689343
2023-10-29,10,6,S10_D06,global_gbm,0.13218887864427703,11.454347701339234,24390.785628888185
2023-10-29,10,7,S10_D07,seasonal_naive,0.14042210442132888,13.620622612655852,21837.62432454592
2023-10-29,10,7,S10_D07,holt_winters,0.15056301381902476,14.355850175519421,24097.729835147693
2023-10-29,10,7,S10_D07,global_gbm,0.12607985075070696,12.460798515113535,20597.475354950126
2023-10-29,10,8,S10_D08,seasonal_naive,0.1466124295161264,14.460681998605887,4733.980159685927
2023-10-29,10,8,S10_D08,holt_winters,0.0630192690045722,6.29983170429302,2381.1562505719917
2023-10-29,10,8,S10_D08,global_gbm,0.052896385196141475,5.226009816313683,1774.4572480916597
2023-10-29,10,9,S10_D09,seasonal_naive,0.09034938893122804,8.61443632032977,10087.606821376789
2023-10-29,10,9,S10_D09,holt_winters,0.06681905591408827,6.397032503720773,7643.83602862074
2023-10-29,10,9,S10_D09,global_gbm,0.05062035223941113,4.6439914533110365,6260.387935186722
2023-10-29,10,10,S10_D10,seasonal_naive,0.13086768569603888,12.76974633572724,4993.606380087443
2023-10-29,10,10,S10_D10,holt_winters,0.12676457921672668,12.75744960206701,5766.0715102403665
2023-10-29,10,10,S10_D10,global_gbm,0.0387128992940471,3.6212984901005827,1708.5418725667776
2023-10-29,10,11,S10_D11,seasonal_naive,0.11099382941794991,10.065596692161943,19924.08765474596
2023-10-29,10,11,S10_D11,holt_winters,0.161857291722445,18.41893832476543,31165.183300741144
2023-10-29,10,11,S10_D11,global_gbm,0.10357661376605687,9.041941883920495,18018.03506183805
2023-10-29,10,12,S10_D12,seasonal_naive,0.10599418985513955,10.993413095988503,5560.529370938974
2023-10-29,10,12,S10_D12,holt_winters,0.13312295636758403,14.401306689324725,9646.940874263559
2023-10-29,10,12,S10_D12,global_gbm,0.05578782420022711,5.200687130226229,3862.824660761698
2023-10-29,11,1,S11_D01,seasonal_naive,0.06102271790462948,5.618256421706906,2064.753308333707
2023-10-29,11,1,S11_D01,holt_winters,0.12657034100491552,15.26976016705586,5408.422619620033
2023-10-29,11,1,S11_D01,global_gbm,0.1023742242137996,10.203011201572556,3650.116798384714
2023-10-29,11,2,S11_D02,seasonal_naive,0.05214911465335708,5.448232872646776,2925.283741812493
2023-10-29,11,2,S11_D02,holt_winters,0.16365870839312066,17.72647857717778,11376.536521508573
2023-10-29,11,2,S11_D02,global_gbm,0.04455340582556653,4.830217636816198,3162.014703540019
2023-10-29,11,3,S11_D03,seasonal_naive,0.041849118817273635,4.696540550681073,2816.0185957571366
2023-10-29,11,3,S11_D03,holt_winters,0.12448538382845856,14.042802797879528,10766.105609239987
2023-10-29,11,3,S11_D03,global_gbm,0.04161274636954058,3.7296494378309153,2888.3464083810554
2023-10-29,11,4,S11_D04,seasonal_naive,0.054955143360100114,5.357376082885114,736.0053656988514
2023-10-29,11,4,S11_D04,holt_winters,0.05740695023408495,5.60899282372854,853.157414050885
2023-10-29,11,4,S11_D04,global_gbm,0.046727327043814285,4.757575869989948,635.6716098268448
2023-10-29,11,5,S11_D05,seasonal_naive,0.045119186265014224,4.733105955683926,1791.0408197086135
2023-10-29,11,5,S11_D05,holt_winters,0.11931386593168007,12.763882973636715,5432.708657843922
2023-10-29,11,5,S11_D05,global_gbm,0.040181838999593544,4.03835885366871,1420.523147368075
2023-10-29,11,6,S11_D06,seasonal_naive,0.06697017654514598,6.779082024713909,3623.74230138713
2023-10-29,11,6,S11_D06,holt_winters,0.12452116009682175,13.468168869266107,9269.355304368577
2023-10-29,11,6,S11_D06,global_gbm,0.04199270869728307,4.379175890175017,2280.510757406279
2023-10-29,11,7,S11_D07,seasonal_naive,0.06252528640977303,6.012043519943838,3587.0825835977066
2023-10-29,11,7,S11_D07,holt_winters,0.06241151480399878,6.513208663959438,4116.835412922465
2023-10-29,11,7,S11_D07,global_gbm,0.04566517232112995,4.31478691128389,3160.713535158042
2023-10-29,11,8,S11_D08,seasonal_naive,0.06507144168339388,6.473503038482614,740.8117956168082
2023-10-29,11,8,S11_D08,holt_winters,0.07493166933213949,7.638486029999564,995.9183979190715
2023-10-29,11,8,S11_D08,global_gbm,0.07532809602134037,7.1668555816221255,901.79879476563
2023-10-29,11,9,S11_D09,seasonal_naive,0.0826933802519917,8.342698475677201,2903.3581355216916
2023-10-29,11,9,S11_D09,holt_winters,0.08322115910834667,8.367638741494925,3031.5533489436325
2023-10-29,11,9,S11_D09,global_gbm,0.07760550774384756,7.243970909466409,3093.9787490713466
2023-10-29,11,10,S11_D10,seasonal_naive,0.07301112198424603,7.926166618069394,901.1640205589658
2023-10-29,11,10,S11_D10,holt_winters,0.1434551550916354,15.579157570729224,2297.029394047614
2023-10-29,11,10,S11_D10,global_gbm,0.10235901241928974,10.628101180029269,1298.8386438626865
2023-10-29,11,11,S11_D11,seasonal_naive,0.044355439519080664,4.856797158919291,2311.495749065959
2023-10-29,11,11,S11_D11,holt_winters,0.1818544655104563,23.369090728941654,12086.971906058241
2023-10-29,11,11,S11_D11,global_gbm,0.08866709138796137,9.157118345102047,5632.408636392669
2023-10-29,11,12,S11_D12,seasonal_naive,0.23062127947795152,15.263241360384047,9853.564268313648
2023-10-29,11,12,S11_D12,holt_winters,0.19780419580771946,13.645304055553131,7744.319848907118
2023-10-29,11,12,S11_D12,global_gbm,0.2595271221901742,17.5051458192654,10681.76184741616
2023-10-29,12,1,S12_D01,seasonal_naive,0.05200440364377847,5.928918673626533,2299.929672427507
2023-10-29,12,1,S12_D01,holt_winters,0.15274023898492553,17.362399651350554,7846.812134464166
2023-10-29,12,1,S12_D01,global_gbm,0.05623062936394397,6.498334910431475,2168.432282635394
2023-10-29,12,2,S12_D02,seasonal_naive,0.054838579270106665,6.170009290182189,4158.9449723081825
2023-10-29,12,2,S12_D02,holt_winters,0.15163913652083535,17.82939234227064,14550.306791513989
2023-10-29,12,2,S12_D02,global_gbm,0.040783030228225686,4.351478287383051,3081.8904310548246
2023-10-29,12,3,S12_D03,seasonal_naive,0.04815030410354086,5.081061197127809,4171.212583837285
2023-10-29,12,3,S12_D03,holt_winters,0.14896300120644035,15.793609570504183,16986.70493634012
2023-10-29,12,3,S12_D03,global_gbm,0.03509359890623054,3.3336125789747157,3030.27586425577
2023-10-29,12,4,S12_D04,seasonal_naive,0.05543923101945727,6.056080210089448,1202.5583795288283
2023-10-29,12,4,S12_D04,holt_winters,0.09875165043775655,10.282665206094176,1913.3219567048739
2023-10-29,12,4,S12_D04,global_gbm,0.04809613207528638,5.079242293409638,928.4629835293377
2023-10-29,12,5,S12_D05,seasonal_naive,0.03663298096137141,3.6537521744583477,2058.1120441833336
2023-10-29,12,5,S12_D05,holt_winters,0.10015590970257034,9.935892582028744,6094.018884057068
2023-10-29,12,5,S12_D05,global_gbm,0.05059994365322224,4.386191800112216,2859.850941141605
2023-10-29,12,6,S12_D06,seasonal_naive,0.057972895334024596,6.856449729132266,4148.219078695098
2023-10-29,12,6,S12_D06,holt_winters,0.14637610773866558,15.843578279294302,13653.460226167626
2023-10-29,12,6,S12_D06,global_gbm,0.04664094301415588,5.130465267618793,3155.180677943993
2023-10-29,12,7,S12_D07,seasonal_naive,0.060704847131923374,6.193898387096447,4045.1925942716216
2023-10-29,12,7,S12_D07,holt_winters,0.06293079107813514,5.9578805027849295,4722.023943895261
2023-10-29,12,7,S12_D07,global_gbm,0.04362022828700867,4.241067592160115,3107.747567562464
2023-10-29,12,8,S12_D08,seasonal_naive,0.051409094421011665,5.393179969532513,820.7529280864613
2023-10-29,12,8,S12_D08,holt_winters,0.06352832773052798,6.847889128935501,1279.8899488913282
2023-10-29,12,8,S12_D08,global_gbm,0.046045534568757,4.776706244841054,765.8955079332559
2023-10-29,12,9,S12_D09,seasonal_naive,0.13053195602443837,12.471085987912806,7120.587775696608
2023-10-29,12,9,S12_D09,holt_winters,0.04397185789963306,4.416031505490178,2406.559592614991
2023-10-29,12,9,S12_D09,global_gbm,0.11911562674357538,11.152536852136796,7316.62284104077
2023-10-29,12,10,S12_D10,seasonal_naive,0.07980270066469901,7.9330743056893,1725.0102238791233
2023-10-29,12,10,S12_D10,holt_winters,0.10604639928096421,11.293974242331123,2458.1172533376334
2023-10-29,12,10,S12_D10,global_gbm,0.10420166233525614,10.038692163271474,1966.7388062649131
2023-10-29,12,11,S12_D11,seasonal_naive,0.07444872628255897,7.419999737597208,4971.161095911096
2023-10-29,12,11,S12_D11,holt_winters,0.15283148703461266,15.542586686133554,13801.877453825948
2023-10-29,12,11,S12_D11,global_gbm,0.05183974330110513,4.633922815515641,4274.5181550975185
2023-10-29,12,12,S12_D12,seasonal_naive,0.051976154003956325,5.976700817384424,1359.7202440805618
2023-10-29,12,12,S12_D12,holt_winters,0.15303884108934898,16.81943913201869,5335.769994129512
2023-10-29,12,12,S12_D12,global_gbm,0.06894450350664659,6.968025909844536,1841.0751252696064
2023-10-29,13,1,S13_D01,seasonal_naive,0.01881576405275997,2.143779056896966,406.0007288478678
2023-10-29,13,1,S13_D01,holt_winters,0.11973854546958976,13.20273689884877,3059.2021440204985
2023-10-29,13,1,S13_D01,global_gbm,0.08023523827182567,7.602216495331322,1631.9168564884965
2023-10-29,13,2,S13_D02,seasonal_naive,0.13974781098939007,12.035687034444411,6125.641906805565
2023-10-29,13,2,S13_D02,holt_winters,0.17315215482151394,18.511331170436744,7557.923654522953
2023-10-29,13,2,S13_D02,global_gbm,0.061901296844016296,5.362222573202126,2742.9894107910436
2023-10-29,13,3,S13_D03,seasonal_naive,0.08561155312607222,7.50523784105293,4522.212350560564
2023-10-29,13,3,S13_D03,holt_winters,0.1567800924469168,16.205789344690068,7202.787461596585
2023-10-29,13,3,S13_D03,global_gbm,0.05314037236363086,4.833005370184278,2485.8581933888972
2023-10-29,13,4,S13_D04,seasonal_naive,0.06525434763233678,6.788587310933092,541.5962285111482
2023-10-29,13,4,S13_D04,holt_winters,0.04882783199830027,5.0504446078903005,418.4511458530579
2023-10-29,13,4,S13_D04,global_gbm,0.06709358833453877,6.925385824721583,557.4631250198523
2023-10-29,13,5,S13_D05,seasonal_naive,0.07170949553016673,7.120662768615086,1606.500333142667
2023-10-29,13,5,S13_D05,holt_winters,0.11800016259261908,11.87932762715927,2927.423925623157
2023-10-29,13,5,S13_D05,global_gbm,0.05843765980048752,6.421895334415136,1241.0115435506516
2023-10-29,13,6,S13_D06,seasonal_naive,0.07780157788908484,8.266822165264148,2606.0664299260484
2023-10-29,13,6,S13_D06,holt_winters,0.10670392671728679,10.861038127668987,4488.342879424458
2023-10-29,13,6,S13_D06,global_gbm,0.05735642426523558,5.347565058711521,2094.371980006129
2023-10-29,13,7,S13_D07,seasonal_naive,0.0471139598232456,4.476451780827877,1725.6511852051688
2023-10-29,13,7,S13_D07,holt_winters,0.05598481014487802,5.355397342605377,1890.7471814825005
2023-10-29,13,7,S13_D07,global_gbm,0.09759114423506675,8.899867156735686,3712.0491559600705
2023-10-29,13,8,S13_D08,seasonal_naive,0.2271022892504623,160.3444532287983,2640.03793307975
2023-10-29,13,8,S13_D08,holt_winters,0.24064051054817642,151.70648788252737,2483.5151401228404
2023-10-29,13,8,S13_D08,global_gbm,0.29017362399498936,168.85507658765647,2750.1412233932224
2023-10-29,13,9,S13_D09,seasonal_naive,0.03774585447333028,3.6651100971890562,874.7796536842861
2023-10-29,13,9,S13_D09,holt_winters,0.06854321063003353,6.925681043002607,1603.2673170267135
2023-10-29,13,9,S13_D09,global_gbm,0.03863895064346908,3.6023086226352197,990.5745833702649
2023-10-29,13,10,S13_D10,seasonal_naive,0.05547135495604724,6.653208060709234,448.934172165029
2023-10-29,13,10,S13_D10,holt_winters,0.11547213773198116,12.789383447592542,1045.8445334811347
2023-10-29,13,10,S13_D10,global_gbm,0.19014078929733025,21.188085235172892,1646.4796205971304
2023-10-29,13,11,S13_D11,seasonal_naive,0.08591810823318369,8.057761094861391,2891.6885820593648
2023-10-29,13,11,S13_D11,holt_winters,0.1795344564047157,18.63734415583192,6302.849874888319
2023-10-29,13,11,S13_D11,global_gbm,0.08631023786087484,8.002385258497874,3165.5973003239496
2023-10-29,13,12,S13_D12,seasonal_naive,0.11171753008866363,11.31003197703694,1389.5854685435868
2023-10-29,13,12,S13_D12,holt_winters,0.15970427195153095,16.73629381494532,2289.9679155230465
2023-10-29,13,12,S13_D12,global_gbm,0.14902407096363585,15.495376004129401,1789.2113953680334
2023-10-29,14,1,S14_D01,seasonal_naive,0.1638415533259063,14.46644802194849,3348.327426813274
2023-10-29,14,1,S14_D01,holt_winters,0.14421391878446227,14.398052646602203,2738.5928560627535
2023-10-29,14,1,S14_D01,global_gbm,0.09582244486018732,9.732559426016515,1877.6731815638034
2023-10-29,14,2,S14_D02,seasonal_naive,0.07764595813789753,7.648045702292847,3038.4424597192888
2023-10-29,14,2,S14_D02,holt_winters,0.14916139956988939,15.527859072013694,4978.496861018188
2023-10-29,14,2,S14_D02,global_gbm,0.10989108875193436,9.209856927933647,4129.638839001385
2023-10-29,14,3,S14_D03,seasonal_naive,0.056579001016301936,4.891951228813045,2487.027442884878
2023-10-29,14,3,S14_D03,holt_winters,0.1311018741433975,13.810766369265593,5741.5867957575565
2023-10-29,14,3,S14_D03,global_gbm,0.06078502570214418,5.044264670044074,2764.229256086721
2023-10-29,14,4,S14_D04,seasonal_naive,0.07302445308782086,7.412357388345815,522.8940631834521
2023-10-29,14,4,S14_D04,holt_winters,0.06070363472387157,6.474935565456046,626.2502644210664
2023-10-29,14,4,S14_D04,global_gbm,0.05178430423891116,5.074081342948836,373.44927995291147
2023-10-29,14,5,S14_D05,seasonal_naive,0.03214620762318977,3.283320888362135,739.6312830052545
2023-10-29,14,5,S14_D05,holt_winters,0.09669666430122442,10.113061143831738,2965.5811549833265
2023-10-29,14,5,S14_D05,global_gbm,0.04811763190901831,5.130644648574986,1080.4713217707122
2023-10-29,14,6,S14_D06,seasonal_naive,0.046122131657082226,4.716069479052426,1350.5041991141675
2023-10-29,14,6,S14_D06,holt_winters,0.12497118461665169,12.999428622404174,4406.6960762664385
2023-10-29,14,6,S14_D06,global_gbm,0.05192610438103264,4.614977425422351,1894.7987926613334
2023-10-29,14,7,S14_D07,seasonal_naive,0.05607862064902369,5.9962161017899325,1528.518570700075
2023-10-29,14,7,S14_D07,holt_winters,0.2903902386174863,29.997529392459434,7043.515111364925
2023-10-29,14,7,S14_D07,global_gbm,0.10766938939388251,10.250724721027707,3259.9988961056606
2023-10-29,14,8,S14_D08,seasonal_naive,0.06744154073530925,6.737943596326243,423.22832324881074
2023-10-29,14,8,S14_D08,holt_winters,0.057905822628392604,5.6448031308027415,387.8955428045954
2023-10-29,14,8,S14_D08,global_gbm,0.1191925308668907,12.390334037929842,700.5801001205275
2023-10-29,14,9,S14_D09,seasonal_naive,0.03717421554818296,3.7119100183951885,726.0209017738401
2023-10-29,14,9,S14_D09,holt_winters,0.0739464586194414,7.293756404210221,1475.7193531572034
2023-10-29,14,9,S14_D09,global_gbm,0.044570631761258334,4.386932302989383,849.7548089420704
2023-10-29,14,10,S14_D10,seasonal_naive,0.06225328416541908,5.804375117482809,507.26585084894083
2023-10-29,14,10,S14_D10,holt_winters,0.1306893739691065,12.841738998109363,1216.6122881889257
2023-10-29,14,10,S14_D10,global_gbm,0.23802115854800204,23.658127842044834,1835.6384536066162
2023-10-29,14,11,S14_D11,seasonal_naive,0.03783829534099526,3.823739451677747,1099.2586495850294
2023-10-29,14,11,S14_D11,holt_winters,0.16123788486133828,18.913315121564338,5832.550467025878
2023-10-29,14,11,S14_D11,global_gbm,0.05076164597979195,5.413472534105982,1526.2190801625904
2023-10-29,14,12,S14_D12,seasonal_naive,0.08457078067520273,8.451125925797756,890.5574830618743
2023-10-29,14,12,S14_D12,holt_winters,0.1413807714421405,15.942845929927232,1861.146039514043
2023-10-29,14,12,S14_D12,global_gbm,0.13806391461018327,15.515531340123733,1588.6881475496193
2023-10-29,15,1,S15_D01,seasonal_naive,0.06462638795659169,6.098317675098145,6030.097450083208
2023-10-29,15,1,S15_D01,holt_winters,0.14137848654251906,15.389534743910602,16193.549552333405
2023-10-29,15,1,S15_D01,global_gbm,0.03812827927340854,3.5907331253382675,3606.4372909626454
2023-10-29,15,2,S15_D02,seasonal_naive,0.21548877804840091,26.13085449005132,43487.99913253181
2023-10-29,15,2,S15_D02,holt_winters,0.1875947149314573,19.950106244454354,31930.223092689313
2023-10-29,15,2,S15_D02,global_gbm,0.1247340518029414,10.914083850838466,21497.772622407865
2023-10-29,15,3,S15_D03,seasonal_naive,0.110283554425924,10.93842757402581,18591.097678377875
2023-10-29,15,3,S15_D03,holt_winters,0.1425834638297324,14.982087316448078,28789.98962481395
2023-10-29,15,3,S15_D03,global_gbm,0.11547818344892563,10.631747430365683,20256.690353871443
2023-10-29,15,4,S15_D04,seasonal_naive,0.11430343811098684,11.012722807823286,4602.786585310307
2023-10-29,15,4,S15_D04,holt_winters,0.14374338675813955,14.15845245469598,5038.646015035602
2023-10-29,15,4,S15_D04,global_gbm,0.07516222623845117,7.545217470789048,2694.4598563201366
2023-10-29,15,5,S15_D05,seasonal_naive,0.09468142847610966,8.609596466475596,10475.115375128331
2023-10-29,15,5,S15_D05,holt_winters,0.12769947756158997,12.848542830388654,14076.780948173682
2023-10-29,15,5,S15_D05,global_gbm,0.07103689476266706,6.490481790870098,8008.4399150854915
2023-10-29,15,6,S15_D06,seasonal_naive,0.08329774293755367,7.835040175346037,13427.566470753834
2023-10-29,15,6,S15_D06,holt_winters,0.11770764562419025,12.648757727603519,22974.96476625145
2023-10-29,15,6,S15_D06,global_gbm,0.08551520176467302,6.659763795575444,16578.47152911264
2023-10-29,15,7,S15_D07,seasonal_naive,0.06948926307761671,6.547479059394777,10872.819561153978
2023-10-29,15,7,S15_D07,holt_winters,0.0768990237747551,7.3359047881978166,12745.68880805609
2023-10-29,15,7,S15_D07,global_gbm,0.07508194198596296,7.66353391973645,11403.74226438609
2023-10-29,15,8,S15_D08,seasonal_naive,0.055727533849832006,5.812543406012197,1677.397565389613
2023-10-29,15,8,S15_D08,holt_winters,0.05036255928116363,5.2445629213084,1993.1872159291936
2023-10-29,15,8,S15_D08,global_gbm,0.08781805078140847,8.298386751461774,2841.6105877006057
2023-10-29,15,9,S15_D09,seasonal_naive,0.11416417407598259,10.73841816971665,11090.68466423737
2023-10-29,15,9,S15_D09,holt_winters,0.12891819995419548,12.141388611695156,12516.54791688614
2023-10-29,15,9,S15_D09,global_gbm,0.04524412294473125,4.543260926319933,4002.102762829009
2023-10-29,15,10,S15_D10,seasonal_naive,0.08254789075816073,8.454497526245442,3173.549651592834
2023-10-29,15,10,S15_D10,holt_winters,0.1579502976005176,16.09289207805636,6998.135372694278
2023-10-29,15,10,S15_D10,global_gbm,0.06073888530163191,5.9647984462842345,2263.7482461597633
2023-10-29,15,11,S15_D11,seasonal_naive,0.07598985187597258,9.453801056296305,9475.967792904456
2023-10-29,15,11,S15_D11,holt_winters,0.12770924425302255,14.520360047948897,23350.082854040884
2023-10-29,15,11,S15_D11,global_gbm,0.059176158350193034,5.438846074597895,10841.471366414627
2023-10-29,15,12,S15_D12,seasonal_naive,0.09780342242804725,9.462491810400927,5281.848993069331
2023-10-29,15,12,S15_D12,holt_winters,0.15572264813082679,16.803521955852723,9467.744163986768
2023-10-29,15,12,S15_D12,global_gbm,0.0629667700298554,7.467207514207059,3512.9260705003094
2023-10-29,16,1,S16_D01,seasonal_naive,0.09957494611519413,9.339227783002366,4472.715063817502
2023-10-29,16,1,S16_D01,holt_winters,0.11959141740166951,12.622619784502707,6413.7232807502905
2023-10-29,16,1,S16_D01,global_gbm,0.06924211807991816,7.529665707418635,2986.269705568268
2023-10-29,16,2,S16_D02,seasonal_naive,0.07867125203808749,7.609908439009399,6053.446330998154
2023-10-29,16,2,S16_D02,holt_winters,0.16834073870742242,16.124204720637962,14871.75207154574
2023-10-29,16,2,S16_D02,global_gbm,0.06197888968631755,6.125253982501788,4636.453487957462
2023-10-29,16,3,S16_D03,seasonal_naive,0.07481348132397865,7.438981404595653,7385.968003230858
2023-10-29,16,3,S16_D03,holt_winters,0.14399372678152578,14.083560007796702,14563.597549307819
2023-10-29,16,3,S16_D03,global_gbm,0.054214128119756184,4.915588719446959,5453.537796127643
2023-10-29,16,4,S16_D04,seasonal_naive,0.07567198968674589,7.493106703789076,1676.4277159894189
2023-10-29,16,4,S16_D04,holt_winters,0.055426781247745326,5.696787093804556,1173.1284375111
2023-10-29,16,4,S16_D04,global_gbm,0.04117736109956025,4.116213139274139,777.152172380282
2023-10-29,16,5,S16_D05,seasonal_naive,0.08040528336670368,8.398757184910673,3812.591579460748
2023-10-29,16,5,S16_D05,holt_winters,0.08088759990394205,8.43722662985216,4401.514608388447
2023-10-29,16,5,S16_D05,global_gbm,0.06347947655191653,6.153268177423301,3444.4601026343053
2023-10-29,16,6,S16_D06,seasonal_naive,0.06848563061295762,6.60957638690857,5172.417319040733
2023-10-29,16,6,S16_D06,holt_winters,0.12851466488440252,13.426257361073962,11921.194716477605
2023-10-29,16,6,S16_D06,global_gbm,0.05462648376704931,5.124896475274117,4620.613938580583
2023-10-29,16,7,S16_D07,seasonal_naive,0.06833862334152115,6.861738654305194,5002.519396450404
2023-10-29,16,7,S16_D07,holt_winters,0.16596378221128405,17.58511620841708,17638.439047425592
2023-10-29,16,7,S16_D07,global_gbm,0.050112464634444465,5.056402635653086,3413.3250086331213
2023-10-29,16,8,S16_D08,seasonal_naive,0.09173442146529363,8.597372067889145,1546.0202064656207
2023-10-29,16,8,S16_D08,holt_winters,0.0979284166138592,9.756843570024287,1452.4071342587495
2023-10-29,16,8,S16_D08,global_gbm,0.0637760431792236,6.10868472960143,1061.4470780374297
2023-10-29,16,9,S16_D09,seasonal_naive,0.0731403181463035,7.262304877198023,3302.648645006385
2023-10-29,16,9,S16_D09,holt_winters,0.08028668862357992,7.794178737230655,3776.3334168325864
2023-10-29,16,9,S16_D09,global_gbm,0.06676907598220211,6.566435976705792,2952.8199807212472
2023-10-29,16,10,S16_D10,seasonal_naive,0.05967950086044332,6.809072915962212,1029.7986944058532
2023-10-29,16,10,S16_D10,holt_winters,0.09675214251697571,9.943499377317766,2117.4705936578302
2023-10-29,16,10,S16_D10,global_gbm,0.0829043319873704,8.211142757613354,1546.6358747192858
2023-10-29,16,11,S16_D11,seasonal_naive,0.10877148897672274,8.98913643098966,10073.793495612143
2023-10-29,16,11,S16_D11,holt_winters,0.18497322011969694,19.550046240445035,17106.5804308141
2023-10-29,16,11,S16_D11,global_gbm,0.07511980589919152,6.0915070945788194,6584.59033556731
2023-10-29,16,12,S16_D12,seasonal_naive,0.07358587309943943,7.8165623087271445,1798.8714834341288
2023-10-29,16,12,S16_D12,holt_winters,0.19271714553785907,18.53979804198839,4733.136448028224
2023-10-29,16,12,S16_D12,global_gbm,0.08244247355806021,8.80603043905157,2067.0645381881786
2023-10-29,17,1,S17_D01,seasonal_naive,0.03915687851737814,4.115553950816714,1531.2979175155626
2023-10-29,17,1,S17_D01,holt_winters,0.10871739083184682,12.474947172335302,5445.376479157344
2023-10-29,17,1,S17_D01,global_gbm,0.04600462938706845,4.513482608332576,2090.5854670113354
2023-10-29,17,2,S17_D02,seasonal_naive,0.0357687835912649,4.025495349030853,2206.0703303187083
2023-10-29,17,2,S17_D02,holt_winters,0.16135698479325106,17.618398827611,13835.371533370333
2023-10-29,17,2,S17_D02,global_gbm,0.0368926825382637,3.250402062434443,2732.399919824884
2023-10-29,17,3,S17_D03,seasonal_naive,0.04703467390753837,4.608990571991843,3554.113148276234
2023-10-29,17,3,S17_D03,holt_winters,0.14771834772174788,15.346132591280037,14853.973453935874
2023-10-29,17,3,S17_D03,global_gbm,0.03598574051237848,3.579886571360311,2671.3777823228224
2023-10-29,17,4,S17_D04,seasonal_naive,0.04786617270125329,5.057049306879732,888.6917689573254
2023-10-29,17,4,S17_D04,holt_winters,0.05943412892452577,6.222289727066104,994.9703801753453
2023-10-29,17,4,S17_D04,global_gbm,0.07190742470473374,7.352890146456083,1097.2874401757422
2023-10-29,17,5,S17_D05,seasonal_naive,0.0624016815501776,5.696214602260685,2968.8815980916957
2023-10-29,17,5,S17_D05,holt_winters,0.12382085917138136,13.66049642950089,6846.882810847922
2023-10-29,17,5,S17_D05,global_gbm,0.04504089341338444,4.579145284528994,1980.3799156423995
2023-10-29,17,6,S17_D06,seasonal_naive,0.044865521743693786,4.207452631339715,3070.562931011188
2023-10-29,17,6,S17_D06,holt_winters,0.1266124727655582,13.070577494972092,10529.063793698546
2023-10-29,17,6,S17_D06,global_gbm,0.04456251030478777,4.578127468500686,2857.858777169393
2023-10-29,17,7,S17_D07,seasonal_naive,0.027077781724632898,2.738485376987981,1711.750737300851
2023-10-29,17,7,S17_D07,holt_winters,0.06847409967113265,6.471766011350172,5016.0572781818555
2023-10-29,17,7,S17_D07,global_gbm,0.050715483207262414,5.120039245196555,2920.4516165797972
2023-10-29,17,8,S17_D08,seasonal_naive,0.056586887458931,5.544786363687002,827.556147800558
2023-10-29,17,8,S17_D08,holt_winters,0.09063168749815545,9.107755644349655,1176.614109031466
2023-10-29,17,8,S17_D08,global_gbm,0.07886692953081002,7.178658573321206,1207.8577048880481
2023-10-29,17,9,S17_D09,seasonal_naive,0.05706416440809437,5.899226402766501,2454.0773353696504
2023-10-29,17,9,S17_D09,holt_winters,0.06886283714943911,7.4853955655377655,3503.112301997927
2023-10-29,17,9,S17_D09,global_gbm,0.0395308438387599,4.544803309984122,2040.8212167170682
2023-10-29,17,10,S17_D10,seasonal_naive,0.08694934015204818,7.042255546417681,1610.3840051871166
2023-10-29,17,10,S17_D10,holt_winters,0.13579410036167278,14.57251645705862,2805.819975663373
2023-10-29,17,10,S17_D10,global_gbm,0.12222759596905823,11.426783319791374,2000.7887613614578
2023-10-29,17,11,S17_D11,seasonal_naive,0.06690333150592125,7.250961880600805,4552.806766169084
2023-10-29,17,11,S17_D11,holt_winters,0.1808002707394937,18.355389926763742,12510.69691651876
2023-10-29,17,11,S17_D11,global_gbm,0.0685138237789619,6.641062018876026,4620.698805066804
2023-10-29,17,12,S17_D12,seasonal_naive,0.07712956818248402,6.5436339174676315,2077.468916220529
2023-10-29,17,12,S17_D12,holt_winters,0.1530852461667114,15.056414725577083,4375.311574921748
2023-10-29,17,12,S17_D12,global_gbm,0.04985378801721813,5.503472939888478,1257.3253756675977
2023-10-29,18,1,S18_D01,seasonal_naive,0.04428469605149318,4.39460307665923,1950.038462752081
2023-10-29,18,1,S18_D01,holt_winters,0.11865916874912513,12.801654594909277,5221.258454974541
2023-10-29,18,1,S18_D01,global_gbm,0.05514860902287702,5.341514396756389,2042.9788386898283
2023-10-29,18,2,S18_D02,seasonal_naive,0.07411948318248027,7.4364944466625085,4842.376481296401
2023-10-29,18,2,S18_D02,holt_winters,0.15893043515601094,17.163758026623412,14351.635916462888
2023-10-29,18,2,S18_D02,global_gbm,0.05034516424663712,5.308220527730874,3128.025552793225
2023-10-29,18,3,S18_D03,seasonal_naive,0.10607665737595123,10.332015270917855,7517.655714965271
2023-10-29,18,3,S18_D03,holt_winters,0.1840572347293158,19.583936325997563,15602.904078488109
2023-10-29,18,3,S18_D03,global_gbm,0.09370400776228621,9.52155909332999,6400.44640130845
2023-10-29,18,4,S18_D04,seasonal_naive,0.07156936108601206,7.048310744582937,1193.535396317386
2023-10-29,18,4,S18_D04,holt_winters,0.08123326427323556,7.797679471153701,1815.821710214041
2023-10-29,18,4,S18_D04,global_gbm,0.07213824103062229,7.083099404190188,1127.4824650806233
2023-10-29,18,5,S18_D05,seasonal_naive,0.05197685864630473,5.118311067790691,2118.7860361035755
2023-10-29,18,5,S18_D05,holt_winters,0.1124861135396098,11.983580116413508,5842.218210012059
2023-10-29,18,5,S18_D05,global_gbm,0.02312797631698912,2.525566880232693,1071.2013304070688
2023-10-29,18,6,S18_D06,seasonal_naive,0.08394997934594131,7.8916127891698284,8230.445521887772
2023-10-29,18,6,S18_D06,holt_winters,0.17223783481704472,17.083841701024202,12720.270055066176
2023-10-29,18,6,S18_D06,global_gbm,0.06045975303549223,5.451285433964392,5490.024305120825
2023-10-29,18,7,S18_D07,seasonal_naive,0.07911901274668269,7.70638040879919,4872.545347531412
2023-10-29,18,7,S18_D07,holt_winters,0.0867942384006488,8.726242855756972,5255.532142690454
2023-10-29,18,7,S18_D07,global_gbm,0.06269399448281936,5.951578729875178,4056.624298187106
2023-10-29,18,8,S18_D08,seasonal_naive,0.06519632121531756,6.487511180083351,839.8560795011249
2023-10-29,18,8,S18_D08,holt_winters,0.0834022783579692,8.31493747565348,1034.5136578445033
2023-10-29,18,8,S18_D08,global_gbm,0.028794230506587207,2.981278287534411,410.9805500317523
2023-10-29,18,9,S18_D09,seasonal_naive,0.05354907806851072,5.218877960727979,2441.6105581895113
2023-10-29,18,9,S18_D09,holt_winters,0.0706852233647297,6.717984274639647,3368.8689898314033
2023-10-29,18,9,S18_D09,global_gbm,0.049461711012269524,4.720316089318416,3043.2890658194574
2023-10-29,18,10,S18_D10,seasonal_naive,0.05735492352215598,6.252254453109793,892.5715197744655
2023-10-29,18,10,S18_D10,holt_winters,0.1250589318302214,12.956260440546103,2279.2855314855265
2023-10-29,18,10,S18_D10,global_gbm,0.11453357229967694,10.516004879430692,1893.9469072890602
2023-10-29,18,11,S18_D11,seasonal_naive,0.028583752803044697,3.379969866592453,1507.7295633998822
2023-10-29,18,11,S18_D11,holt_winters,0.1785198046333351,20.540642749528935,13387.001906522217
2023-10-29,18,11,S18_D11,global_gbm,0.04966450977002544,5.217411339946726,2548.2990838298765
2023-10-29,18,12,S18_D12,seasonal_naive,0.0631305187486557,6.22184258205455,1530.9288064358182
2023-10-29,18,12,S18_D12,holt_winters,0.1621537646458567,17.1308738577657,4165.70028910867
2023-10-29,18,12,S18_D12,global_gbm,0.09172473792217793,9.363805824220833,2366.081403094663
2023-10-29,19,1,S19_D01,seasonal_naive,0.05394481737423765,5.182778595495021,3159.2798195178134
2023-10-29,19,1,S19_D01,holt_winters,0.1636405962011312,16.852334689579433,8805.662119334194
2023-10-29,19,1,S19_D01,global_gbm,0.07935127895220856,8.305945042126336,3817.998174435715
2023-10-29,19,2,S19_D02,seasonal_naive,0.06387421551851248,6.452449459398391,5888.2967549750765
2023-10-29,19,2,S19_D02,holt_winters,0.15531454169357453,16.73487815786983,15587.072393245522
2023-10-29,19,2,S19_D02,global_gbm,0.06227705016665631,6.057002611371175,5727.434569423329
2023-10-29,19,3,S19_D03,seasonal_naive,0.0599632685158406,4.97547680473049,7154.016007552158
2023-10-29,19,3,S19_D03,holt_winters,0.14908159301497062,16.132607000991303,17942.81568883426
2023-10-29,19,3,S19_D03,global_gbm,0.05558274411222155,5.329679270651663,5460.736411698503
2023-10-29,19,4,S19_D04,seasonal_naive,0.05504810237172691,5.367822195552971,1245.9981692703234
2023-10-29,19,4,S19_D04,holt_winters,0.03946114129327981,3.9238373484309848,762.716317059995
2023-10-29,19,4,S19_D04,global_gbm,0.08029106621312344,7.6085381811360815,1884.8642701932558
2023-10-29,19,5,S19_D05,seasonal_naive,0.08412572047498107,8.432071070431748,4548.891432577282
2023-10-29,19,5,S19_D05,holt_winters,0.2436354974567276,26.820829664745972,14180.891506385362
2023-10-29,19,5,S19_D05,global_gbm,0.07140411649504866,7.476449109519362,4121.633143358294
2023-10-29,19,6,S19_D06,seasonal_naive,0.027136723193629763,3.0305546726870856,3147.615996591707
2023-10-29,19,6,S19_D06,holt_winters,0.11419560752594406,12.24371708270294,11817.558887577981
2023-10-29,19,6,S19_D06,global_gbm,0.025835383872218586,2.766985413868826,2126.126952693897
2023-10-29,19,7,S19_D07,seasonal_naive,0.19913054618948947,64.87838663868156,28787.763584890323
2023-10-29,19,7,S19_D07,holt_winters,0.2594639153748696,71.48490776329622,30079.818893666812
2023-10-29,19,7,S19_D07,global_gbm,0.19130283540145882,65.99819538994105,29741.911063673244
2023-10-29,19,8,S19_D08,seasonal_naive,0.1191326258380925,12.028810465276706,2163.723882144507
2023-10-29,19,8,S19_D08,holt_winters,0.06137273577906583,5.715638318152701,1325.4146536660114
2023-10-29,19,8,S19_D08,global_gbm,0.12210182649010548,11.934467668888491,2021.9622492435612
2023-10-29,19,9,S19_D09,seasonal_naive,0.05435255174034643,5.670125305180042,2972.530477873607
2023-10-29,19,9,S19_D09,holt_winters,0.07358678876382306,7.353633249892089,4011.7375095077687
2023-10-29,19,9,S19_D09,global_gbm,0.03195715588617234,3.386542672297313,1740.9652152969297
2023-10-29,19,10,S19_D10,seasonal_naive,0.06342115919779595,6.4163641903144635,1266.0084781904102
2023-10-29,19,10,S19_D10,holt_winters,0.11794991955030697,11.819333965760293,2933.634787381718
2023-10-29,19,10,S19_D10,global_gbm,0.08606904423789173,9.218300284878813,1751.0440757100926
2023-10-29,19,11,S19_D11,seasonal_naive,0.05351416247126648,6.004165897735695,4040.964434864218
2023-10-29,19,11,S19_D11,holt_winters,0.1689866761568649,18.862006511168904,17061.494501652112
2023-10-29,19,11,S19_D11,global_gbm,0.04812947581481835,5.140206407001148,4135.151554845289
2023-10-29,19,12,S19_D12,seasonal_naive,0.05109066386985269,4.703449177861749,1652.2122199682751
2023-10-29,19,12,S19_D12,holt_winters,0.14742069506390873,14.817395989879051,5183.74017507819
2023-10-29,19,12,S19_D12,global_gbm,0.08868154625637974,8.819133324653775,2689.299789108727
2023-10-29,20,1,S20_D01,seasonal_naive,0.03965072688844704,4.047108573232738,1566.9044267240754
2023-10-29,20,1,S20_D01,holt_winters,0.11076888726731245,11.359479682336158,5148.756474560275
2023-10-29,20,1,S20_D01,global_gbm,0.03988158425810446,3.552367235878596,2213.9194933638046
2023-10-29,20,2,S20_D02,seasonal_naive,0.064766922214365,6.723733678519681,4529.475748146797
2023-10-29,20,2,S20_D02,holt_winters,0.15559232315955443,18.37981851474885,15382.177187656074
2023-10-29,20,2,S20_D02,global_gbm,0.04455839855861624,4.8922316901905285,3108.3507054972038
2023-10-29,20,3,S20_D03,seasonal_naive,0.07354285486724219,6.585864154202009,6184.201034817472
2023-10-29,20,3,S20_D03,holt_winters,0.10622995019559683,13.228399884776271,11558.257146937229
2023-10-29,20,3,S20_D03,global_gbm,0.04971699394638808,4.467089923760609,5075.612713356128
2023-10-29,20,4,S20_D04,seasonal_naive,0.13252710258597228,13.310217383869253,2151.6420299767574
2023-10-29,20,4,S20_D04,holt_winters,0.0679466685695882,6.941508039521757,1064.7691392039922
2023-10-29,20,4,S20_D04,global_gbm,0.09357155828222745,9.131672559500913,1775.8943072533075
2023-10-29,20,5,S20_D05,seasonal_naive,0.07142773138463422,7.670952343832535,4009.6335798658065
2023-10-29,20,5,S20_D05,holt_winters,0.1312550759596825,14.906504027866335,8007.756384485882
2023-10-29,20,5,S20_D05,global_gbm,0.049668951327029046,5.023986481695329,2776.0644134132817
2023-10-29,20,6,S20_D06,seasonal_naive,0.04973083363142682,5.367451283712662,4043.777921107625
2023-10-29,20,6,S20_D06,holt_winters,0.13076621967048493,13.340106267196827,10608.340644034939
2023-10-29,20,6,S20_D06,global_gbm,0.040763887700933955,4.787250605804921,2835.461957917866
2023-10-29,20,7,S20_D07,seasonal_naive,0.06154035198822776,6.110019738568723,3670.4455932182154
2023-10-29,20,7,S20_D07,holt_winters,0.0896688544240296,9.523089314703263,6224.244421038173
2023-10-29,20,7,S20_D07,global_gbm,0.06583264586996747,6.325099865465224,4864.35374195031
2023-10-29,20,8,S20_D08,seasonal_naive,0.04873621024627483,5.2964118351814164,861.47496968136
2023-10-29,20,8,S20_D08,holt_winters,0.07635284991829559,7.518916166813283,1080.416826358214
2023-10-29,20,8,S20_D08,global_gbm,0.049917678177647286,5.166285677167899,894.3199967733846
2023-10-29,20,9,S20_D09,seasonal_naive,0.057928896028404925,6.088138829521289,2390.9524013978194
2023-10-29,20,9,S20_D09,holt_winters,0.08246057316769004,8.21266664318167,3609.149527420133
2023-10-29,20,9,S20_D09,global_gbm,0.05152146451273647,5.213294501088053,2187.997766777654
2023-10-29,20,10,S20_D10,seasonal_naive,0.04807783993315293,5.424221673287169,785.0137696961124
2023-10-29,20,10,S20_D10,holt_winters,0.12885786369687524,13.57508604722136,2560.1207504885283
2023-10-29,20,10,S20_D10,global_gbm,0.08818771664047549,9.479954389228377,1546.6441826579771
2023-10-29,20,11,S20_D11,seasonal_naive,0.09371485842631551,8.765236535518293,6788.259655552372
2023-10-29,20,11,S20_D11,holt_winters,0.14551598723146347,16.175146213833465,12236.456466130472
2023-10-29,20,11,S20_D11,global_gbm,0.039662223985942525,3.61632780515993,3685.9164267130054
2023-10-29,20,12,S20_D12,seasonal_naive,0.058535914357959296,5.398126297082614,1444.5732951160696
2023-10-29,20,12,S20_D12,holt_winters,0.13832956390725754,15.722804961319573,4150.404461076811
2023-10-29,20,12,S20_D12,global_gbm,0.07314708500960558,7.3918047536009475,1756.026248722451
